observation_id,molecule_group_id,fold
0,MOL_000997,2
1,MOL_000997,2
2,MOL_002588,2
3,MOL_002588,2
4,MOL_002588,2
5,MOL_000870,3
6,MOL_001021,4
7,MOL_001021,4
8,MOL_001021,4
9,MOL_001021,4
10,MOL_001021,4
11,MOL_001022,2
12,MOL_001022,2
13,MOL_001022,2
14,MOL_000918,3
15,MOL_000918,3
16,MOL_003286,3
17,MOL_000002,1
18,MOL_003730,1
19,MOL_003730,1
20,MOL_003730,1
21,MOL_003730,1
22,MOL_003730,1
23,MOL_003730,1
24,MOL_003730,1
25,MOL_003730,1
26,MOL_003730,1
27,MOL_003730,1
28,MOL_003730,1
29,MOL_003743,5
30,MOL_003743,5
31,MOL_003743,5
32,MOL_003743,5
33,MOL_003743,5
34,MOL_003743,5
35,MOL_003743,5
36,MOL_003743,5
37,MOL_003743,5
38,MOL_003743,5
39,MOL_003743,5
40,MOL_003743,5
41,MOL_000998,3
42,MOL_000998,3
43,MOL_003011,1
44,MOL_003275,4
45,MOL_003279,5
46,MOL_003279,5
47,MOL_003279,5
48,MOL_003270,5
49,MOL_002420,4
50,MOL_000397,4
51,MOL_000397,4
52,MOL_000397,4
53,MOL_001232,2
54,MOL_002426,4
55,MOL_002426,4
56,MOL_002426,4
57,MOL_002445,4
58,MOL_002445,4
59,MOL_002436,5
60,MOL_002436,5
61,MOL_002436,5
62,MOL_001023,4
63,MOL_001023,4
64,MOL_001023,4
65,MOL_001023,4
66,MOL_001023,4
67,MOL_001023,4
68,MOL_001023,4
69,MOL_001023,4
70,MOL_003457,4
71,MOL_002978,1
72,MOL_002978,1
73,MOL_002978,1
74,MOL_003321,4
75,MOL_003321,4
76,MOL_003321,4
77,MOL_003321,4
78,MOL_003006,2
79,MOL_003006,2
80,MOL_002600,5
81,MOL_002600,5
82,MOL_000387,3
83,MOL_000387,3
84,MOL_003328,4
85,MOL_003328,4
86,MOL_003328,4
87,MOL_003328,4
88,MOL_002201,5
89,MOL_003721,1
90,MOL_003015,4
91,MOL_003015,4
92,MOL_003208,5
93,MOL_001012,1
94,MOL_001012,1
95,MOL_000828,1
96,MOL_002430,3
97,MOL_002430,3
98,MOL_000014,2
99,MOL_001498,2
100,MOL_001498,2
101,MOL_002516,4
102,MOL_003283,5
103,MOL_003453,1
104,MOL_003453,1
105,MOL_002439,1
106,MOL_002439,1
107,MOL_002439,1
108,MOL_002439,1
109,MOL_001291,5
110,MOL_003727,5
111,MOL_002427,2
112,MOL_002427,2
113,MOL_000819,3
114,MOL_000886,4
115,MOL_000485,1
116,MOL_000485,1
117,MOL_002214,2
118,MOL_002214,2
119,MOL_002214,2
120,MOL_002214,2
121,MOL_002214,2
122,MOL_003735,2
123,MOL_003735,2
124,MOL_003276,4
125,MOL_001026,2
126,MOL_001026,2
127,MOL_001026,2
128,MOL_001026,2
129,MOL_000890,4
130,MOL_002435,2
131,MOL_002435,2
132,MOL_002195,2
133,MOL_000145,5
134,MOL_003363,2
135,MOL_003363,2
136,MOL_001093,3
137,MOL_001093,3
138,MOL_002440,1
139,MOL_000995,5
140,MOL_000995,5
141,MOL_000999,4
142,MOL_000999,4
143,MOL_000996,1
144,MOL_000996,1
145,MOL_001000,2
146,MOL_001000,2
147,MOL_000812,2
148,MOL_000812,2
149,MOL_002689,1
150,MOL_002689,1
151,MOL_002689,1
152,MOL_003278,3
153,MOL_002429,1
154,MOL_002429,1
155,MOL_000979,5
156,MOL_000515,2
157,MOL_000514,5
158,MOL_002230,5
159,MOL_002218,3
160,MOL_002218,3
161,MOL_002218,3
162,MOL_003269,3
163,MOL_002447,5
164,MOL_002421,5
165,MOL_000018,5
166,MOL_000811,3
167,MOL_000811,3
168,MOL_001071,2
169,MOL_001071,2
170,MOL_001071,2
171,MOL_001071,2
172,MOL_001071,2
173,MOL_001011,4
174,MOL_002207,3
175,MOL_002207,3
176,MOL_002207,3
177,MOL_000914,1
178,MOL_002432,4
179,MOL_002432,4
180,MOL_003307,4
181,MOL_000751,2
182,MOL_002232,3
183,MOL_002232,3
184,MOL_002232,3
185,MOL_001216,4
186,MOL_002977,5
187,MOL_002977,5
188,MOL_000395,2
189,MOL_000395,2
190,MOL_000395,2
191,MOL_000395,2
192,MOL_000210,2
193,MOL_000208,1
194,MOL_000148,2
195,MOL_000148,2
196,MOL_000148,2
197,MOL_002583,3
198,MOL_002583,3
199,MOL_003724,4
200,MOL_003724,4
201,MOL_003736,5
202,MOL_003322,5
203,MOL_003714,2
204,MOL_003714,2
205,MOL_003714,2
206,MOL_003714,2
207,MOL_003714,2
208,MOL_003714,2
209,MOL_001485,5
210,MOL_001485,5
211,MOL_003016,3
212,MOL_002202,5
213,MOL_002202,5
214,MOL_002202,5
215,MOL_002222,3
216,MOL_002222,3
217,MOL_002222,3
218,MOL_001845,5
219,MOL_001845,5
220,MOL_001845,5
221,MOL_001845,5
222,MOL_001845,5
223,MOL_001845,5
224,MOL_000155,3
225,MOL_000155,3
226,MOL_000155,3
227,MOL_000310,1
228,MOL_000291,5
229,MOL_000003,3
230,MOL_001013,2
231,MOL_001013,2
232,MOL_001013,2
233,MOL_001013,2
234,MOL_001013,2
235,MOL_001013,2
236,MOL_000920,1
237,MOL_000853,2
238,MOL_002437,3
239,MOL_003309,1
240,MOL_003013,4
241,MOL_003746,4
242,MOL_003746,4
243,MOL_003746,4
244,MOL_003746,4
245,MOL_003746,4
246,MOL_000017,3
247,MOL_000017,3
248,MOL_000017,3
249,MOL_001349,3
250,MOL_001349,3
251,MOL_001349,3
252,MOL_001349,3
253,MOL_001349,3
254,MOL_002572,3
255,MOL_002572,3
256,MOL_001228,5
257,MOL_001228,5
258,MOL_001230,1
259,MOL_001238,2
260,MOL_000895,3
261,MOL_000895,3
262,MOL_001834,5
263,MOL_001017,1
264,MOL_001017,1
265,MOL_001017,1
266,MOL_001017,1
267,MOL_000872,5
268,MOL_000889,3
269,MOL_001015,4
270,MOL_001015,4
271,MOL_001015,4
272,MOL_001015,4
273,MOL_001015,4
274,MOL_002444,4
275,MOL_000904,3
276,MOL_003678,3
277,MOL_003678,3
278,MOL_003732,4
279,MOL_003732,4
280,MOL_003732,4
281,MOL_003732,4
282,MOL_003732,4
283,MOL_002587,2
284,MOL_003311,5
285,MOL_000893,1
286,MOL_000894,2
287,MOL_000894,2
288,MOL_002423,1
289,MOL_002423,1
290,MOL_002203,4
291,MOL_002203,4
292,MOL_002203,4
293,MOL_000909,3
294,MOL_003233,2
295,MOL_000960,2
296,MOL_000962,1
297,MOL_000486,5
298,MOL_000738,4
299,MOL_000738,4
300,MOL_000738,4
301,MOL_001352,1
302,MOL_001352,1
303,MOL_001352,1
304,MOL_001352,1
305,MOL_001352,1
306,MOL_000465,3
307,MOL_000465,3
308,MOL_003725,1
309,MOL_001141,3
310,MOL_001141,3
311,MOL_001141,3
312,MOL_001141,3
313,MOL_002690,4
314,MOL_002690,4
315,MOL_002690,4
316,MOL_002617,3
317,MOL_000875,4
318,MOL_000875,4
319,MOL_000873,1
320,MOL_000873,1
321,MOL_000921,3
322,MOL_000921,3
323,MOL_000849,1
324,MOL_001025,1
325,MOL_001025,1
326,MOL_001025,1
327,MOL_001025,1
328,MOL_000386,1
329,MOL_003331,3
330,MOL_001102,5
331,MOL_002208,1
332,MOL_002190,5
333,MOL_002189,4
334,MOL_002189,4
335,MOL_003002,5
336,MOL_003277,2
337,MOL_001850,4
338,MOL_001850,4
339,MOL_001850,4
340,MOL_001850,4
341,MOL_000966,3
342,MOL_000967,4
343,MOL_002223,4
344,MOL_001233,4
345,MOL_001233,4
346,MOL_001233,4
347,MOL_001231,3
348,MOL_001231,3
349,MOL_000690,5
350,MOL_001497,3
351,MOL_001577,4
352,MOL_001577,4
353,MOL_001577,4
354,MOL_002613,4
355,MOL_002614,1
356,MOL_000897,5
357,MOL_002215,5
358,MOL_002215,5
359,MOL_000483,5
360,MOL_000923,3
361,MOL_002998,5
362,MOL_001842,5
363,MOL_001842,5
364,MOL_001844,3
365,MOL_001844,3
366,MOL_000823,1
367,MOL_000984,4
368,MOL_001871,4
369,MOL_000761,4
370,MOL_000765,2
371,MOL_000762,5
372,MOL_000762,5
373,MOL_000766,4
374,MOL_000766,4
375,MOL_003327,5
376,MOL_000410,1
377,MOL_003765,2
378,MOL_003765,2
379,MOL_003767,4
380,MOL_001146,3
381,MOL_001147,4
382,MOL_000435,3
383,MOL_001853,4
384,MOL_001853,4
385,MOL_001853,4
386,MOL_000680,5
387,MOL_000680,5
388,MOL_000680,5
389,MOL_001849,3
390,MOL_001849,3
391,MOL_001849,3
392,MOL_001354,3
393,MOL_001354,3
394,MOL_001354,3
395,MOL_001353,2
396,MOL_001353,2
397,MOL_001353,2
398,MOL_001841,2
399,MOL_001841,2
400,MOL_001841,2
401,MOL_000739,4
402,MOL_000739,4
403,MOL_000739,4
404,MOL_000741,3
405,MOL_000741,3
406,MOL_000741,3
407,MOL_000460,4
408,MOL_000460,4
409,MOL_003300,4
410,MOL_002543,4
411,MOL_001221,2
412,MOL_001220,5
413,MOL_000851,5
414,MOL_002557,2
415,MOL_000135,3
416,MOL_001303,5
417,MOL_001576,5
418,MOL_001576,5
419,MOL_001074,4
420,MOL_001074,4
421,MOL_001140,2
422,MOL_000846,3
423,MOL_003626,3
424,MOL_003626,3
425,MOL_003626,3
426,MOL_003627,4
427,MOL_003627,4
428,MOL_003627,4
429,MOL_001376,4
430,MOL_000991,5
431,MOL_000992,2
432,MOL_001027,3
433,MOL_001833,5
434,MOL_002450,3
435,MOL_002450,3
436,MOL_000871,2
437,MOL_000919,5
438,MOL_000859,1
439,MOL_000859,1
440,MOL_000903,1
441,MOL_000903,1
442,MOL_000867,5
443,MOL_002212,4
444,MOL_003777,2
445,MOL_000143,5
446,MOL_000749,4
447,MOL_000825,4
448,MOL_000824,3
449,MOL_001278,4
450,MOL_000821,2
451,MOL_000820,1
452,MOL_000826,1
453,MOL_000841,4
454,MOL_002425,3
455,MOL_000891,5
456,MOL_000512,1
457,MOL_001214,1
458,MOL_000752,5
459,MOL_003816,4
460,MOL_000391,1
461,MOL_000391,1
462,MOL_003766,3
463,MOL_003766,3
464,MOL_001843,4
465,MOL_001843,4
466,MOL_001843,4
467,MOL_001029,5
468,MOL_000685,3
469,MOL_002249,4
470,MOL_002261,2
471,MOL_002261,2
472,MOL_003753,4
473,MOL_003826,5
474,MOL_002612,4
475,MOL_002517,1
476,MOL_000156,5
477,MOL_000157,1
478,MOL_000154,2
479,MOL_000153,4
480,MOL_000312,3
481,MOL_002251,2
482,MOL_002661,4
483,MOL_001155,2
484,MOL_001888,2
485,MOL_001888,2
486,MOL_001222,3
487,MOL_003798,1
488,MOL_001422,4
489,MOL_003645,2
490,MOL_002663,1
491,MOL_003244,3
492,MOL_002870,5
493,MOL_003644,1
494,MOL_003643,3
495,MOL_003642,3
496,MOL_000427,2
497,MOL_000136,4
498,MOL_000146,1
499,MOL_002637,5
500,MOL_002637,5
501,MOL_000150,4
502,MOL_000150,4
503,MOL_002641,2
504,MOL_001579,1
505,MOL_001578,4
506,MOL_001580,3
507,MOL_001306,2
508,MOL_002667,3
509,MOL_001305,5
510,MOL_001575,2
511,MOL_001575,2
512,MOL_001140,2
513,MOL_002616,4
514,MOL_001073,5
515,MOL_003310,4
516,MOL_003310,4
517,MOL_001072,4
518,MOL_000413,3
519,MOL_000412,1
520,MOL_002458,1
521,MOL_002458,1
522,MOL_000510,3
523,MOL_000810,5
524,MOL_002422,5
525,MOL_002422,5
526,MOL_002541,2
527,MOL_000138,2
528,MOL_000141,3
529,MOL_001018,3
530,MOL_001910,4
531,MOL_001909,1
532,MOL_002441,3
533,MOL_002441,3
534,MOL_000958,4
535,MOL_000934,4
536,MOL_000935,3
537,MOL_003337,4
538,MOL_003338,2
539,MOL_003338,2
540,MOL_003271,2
541,MOL_003271,2
542,MOL_001304,1
543,MOL_001058,1
544,MOL_000868,1
545,MOL_000916,3
546,MOL_000915,2
547,MOL_000865,2
548,MOL_000912,2
549,MOL_000874,3
550,MOL_000922,2
551,MOL_003312,2
552,MOL_002540,4
553,MOL_003739,3
554,MOL_000829,4
555,MOL_000462,2
556,MOL_000466,2
557,MOL_000513,3
558,MOL_000513,3
559,MOL_000507,3
560,MOL_000490,1
561,MOL_000489,4
562,MOL_003003,2
563,MOL_000944,4
564,MOL_000939,2
565,MOL_000946,4
566,MOL_000940,2
567,MOL_000947,4
568,MOL_000938,1
569,MOL_000945,1
570,MOL_000941,1
571,MOL_000948,2
572,MOL_000848,5
573,MOL_000888,2
574,MOL_000845,5
575,MOL_000885,3
576,MOL_000843,1
577,MOL_000883,1
578,MOL_000844,2
579,MOL_000884,2
580,MOL_000847,4
581,MOL_000887,1
582,MOL_001277,4
583,MOL_000814,2
584,MOL_000833,3
585,MOL_000831,2
586,MOL_002209,5
587,MOL_003839,5
588,MOL_002359,5
589,MOL_000906,2
590,MOL_000488,2
591,MOL_000488,2
592,MOL_000961,5
593,MOL_000963,2
594,MOL_001223,1
595,MOL_001234,5
596,MOL_000764,1
597,MOL_000767,5
598,MOL_000746,5
599,MOL_000746,5
600,MOL_003778,5
601,MOL_001654,5
602,MOL_000986,2
603,MOL_001348,2
604,MOL_001350,5
605,MOL_001350,5
606,MOL_000985,1
607,MOL_000969,1
608,MOL_000971,2
609,MOL_000970,2
610,MOL_000973,4
611,MOL_000968,3
612,MOL_001373,4
613,MOL_002220,5
614,MOL_002220,5
615,MOL_003306,2
616,MOL_003304,3
617,MOL_003304,3
618,MOL_003303,4
619,MOL_003303,4
620,MOL_002433,3
621,MOL_002433,3
622,MOL_002204,4
623,MOL_001138,2
624,MOL_001137,1
625,MOL_000669,5
626,MOL_002699,1
627,MOL_000407,2
628,MOL_000407,2
629,MOL_002258,1
630,MOL_000487,4
631,MOL_000742,2
632,MOL_001038,1
633,MOL_000335,3
634,MOL_002211,1
635,MOL_003104,1
636,MOL_003105,3
637,MOL_003207,5
638,MOL_001042,4
639,MOL_001355,5
640,MOL_000975,1
641,MOL_002262,5
642,MOL_001886,4
643,MOL_001886,4
644,MOL_001884,3
645,MOL_001884,3
646,MOL_001444,4
647,MOL_001445,1
648,MOL_002250,5
649,MOL_001894,5
650,MOL_001894,5
651,MOL_000158,4
652,MOL_002976,4
653,MOL_000502,3
654,MOL_003809,3
655,MOL_000461,1
656,MOL_003737,3
657,MOL_003737,3
658,MOL_001897,3
659,MOL_001897,3
660,MOL_003140,4
661,MOL_003177,1
662,MOL_003138,3
663,MOL_002518,5
664,MOL_003141,5
665,MOL_003234,3
666,MOL_003609,3
667,MOL_002519,2
668,MOL_003635,3
669,MOL_000086,2
670,MOL_001887,1
671,MOL_001896,3
672,MOL_003769,2
673,MOL_001495,5
674,MOL_001491,1
675,MOL_001494,4
676,MOL_001492,4
677,MOL_001496,1
678,MOL_001493,3
679,MOL_002253,2
680,MOL_001396,2
681,MOL_003733,5
682,MOL_001135,4
683,MOL_000444,2
684,MOL_000445,3
685,MOL_003734,1
686,MOL_003631,5
687,MOL_003218,3
688,MOL_003111,2
689,MOL_003241,5
690,MOL_003628,1
691,MOL_003629,4
692,MOL_001755,5
693,MOL_002852,5
694,MOL_002700,5
695,MOL_000443,5
696,MOL_002659,5
697,MOL_003722,2
698,MOL_001053,4
699,MOL_002197,1
700,MOL_002196,5
701,MOL_000842,2
702,MOL_002198,2
703,MOL_001054,4
704,MOL_001052,2
705,MOL_001050,4
706,MOL_001051,3
707,MOL_001049,1
708,MOL_002199,3
709,MOL_002200,1
710,MOL_001055,5
711,MOL_002862,5
712,MOL_001171,1
713,MOL_003723,5
714,MOL_003251,2
715,MOL_002666,2
716,MOL_001148,1
717,MOL_001076,5
718,MOL_001075,4
719,MOL_002615,2
720,MOL_002455,1
721,MOL_001114,1
722,MOL_002297,2
723,MOL_002297,2
724,MOL_002638,3
725,MOL_000137,2
726,MOL_000147,1
727,MOL_000425,1
728,MOL_000149,3
729,MOL_000069,1
730,MOL_000068,2
731,MOL_002573,3
732,MOL_001827,5
733,MOL_001830,3
734,MOL_001829,2
735,MOL_001828,1
736,MOL_002431,4
737,MOL_000993,3
738,MOL_000994,4
739,MOL_003364,4
740,MOL_003454,1
741,MOL_002665,5
742,MOL_001574,1
743,MOL_002664,3
744,MOL_000140,1
745,MOL_000139,5
746,MOL_000414,2
747,MOL_000142,4
748,MOL_003274,3
749,MOL_003282,5
750,MOL_000850,2
751,MOL_000877,5
752,MOL_000925,5
753,MOL_001835,1
754,MOL_001487,3
755,MOL_001488,4
756,MOL_000957,1
757,MOL_000956,5
758,MOL_000959,3
759,MOL_001006,4
760,MOL_003272,5
761,MOL_003272,5
762,MOL_003345,1
763,MOL_003345,1
764,MOL_003287,2
765,MOL_002545,2
766,MOL_002544,1
767,MOL_003280,2
768,MOL_001224,4
769,MOL_001235,5
770,MOL_002443,3
771,MOL_002434,1
772,MOL_001057,2
773,MOL_001059,3
774,MOL_001060,4
775,MOL_000790,2
776,MOL_000792,4
777,MOL_000791,5
778,MOL_000793,1
779,MOL_001419,5
780,MOL_003005,4
781,MOL_001098,4
782,MOL_001095,4
783,MOL_000071,1
784,MOL_000070,5
785,MOL_000869,3
786,MOL_000917,4
787,MOL_000864,1
788,MOL_000911,5
789,MOL_001097,3
790,MOL_000866,4
791,MOL_000913,5
792,MOL_003313,3
793,MOL_001836,2
794,MOL_003301,5
795,MOL_000012,5
796,MOL_001016,5
797,MOL_000858,4
798,MOL_000902,5
799,MOL_000860,2
800,MOL_000855,1
801,MOL_000899,1
802,MOL_000856,4
803,MOL_000900,3
804,MOL_000857,5
805,MOL_000901,4
806,MOL_000854,3
807,MOL_000898,2
808,MOL_000013,1
809,MOL_000015,3
810,MOL_000011,4
811,MOL_000862,3
812,MOL_000907,4
813,MOL_000863,5
814,MOL_000908,2
815,MOL_000861,2
816,MOL_000905,4
817,MOL_001019,2
818,MOL_001028,4
819,MOL_001014,3
820,MOL_001024,5
821,MOL_000759,1
822,MOL_003738,4
823,MOL_000827,5
824,MOL_002566,4
825,MOL_000813,1
826,MOL_000789,4
827,MOL_000942,5
828,MOL_000676,3
829,MOL_001010,5
830,MOL_000795,3
831,MOL_002993,5
832,MOL_000019,3
833,MOL_001004,2
834,MOL_001900,4
835,MOL_000794,2
836,MOL_003024,3
837,MOL_003029,5
838,MOL_000937,1
839,MOL_001290,4
840,MOL_001293,2
841,MOL_001208,5
842,MOL_001209,5
843,MOL_002702,2
844,MOL_000151,5
845,MOL_000144,5
846,MOL_002999,4
847,MOL_001100,2
848,MOL_001099,1
849,MOL_001101,2
850,MOL_001344,5
851,MOL_001345,3
852,MOL_003007,5
853,MOL_003039,5
854,MOL_003041,5
855,MOL_001302,4
856,MOL_001301,3
857,MOL_000837,1
858,MOL_000838,3
859,MOL_000964,5
860,MOL_000965,1
861,MOL_001005,3
862,MOL_001008,3
863,MOL_001007,1
864,MOL_002419,2
865,MOL_001001,5
866,MOL_001002,5
867,MOL_001003,1
868,MOL_000989,5
869,MOL_000990,1
870,MOL_000987,3
871,MOL_000988,4
872,MOL_001503,4
873,MOL_003747,5
874,MOL_001386,2
875,MOL_003249,4
876,MOL_003614,2
877,MOL_002449,2
878,MOL_000678,4
879,MOL_003250,4
880,MOL_000817,4
881,MOL_000677,2
882,MOL_000816,3
883,MOL_000881,4
884,MOL_000932,5
885,MOL_001030,1
886,MOL_000880,3
887,MOL_000931,2
888,MOL_000815,3
889,MOL_000822,2
890,MOL_000675,1
891,MOL_003308,5
892,MOL_000835,2
893,MOL_001048,3
894,MOL_000834,5
895,MOL_000679,2
896,MOL_000839,4
897,MOL_000840,3
898,MOL_000879,2
899,MOL_000930,5
900,MOL_000832,1
901,MOL_000830,4
902,MOL_000818,5
903,MOL_000882,5
904,MOL_000933,1
905,MOL_000836,5
906,MOL_000943,3
907,MOL_000949,3
908,MOL_001280,4
909,MOL_001279,5
910,MOL_002438,5
911,MOL_002239,4
912,MOL_002216,1
913,MOL_001212,4
914,MOL_001211,3
915,MOL_003797,5
916,MOL_002446,5
917,MOL_001180,2
918,MOL_001178,1
919,MOL_001181,5
920,MOL_001428,3
921,MOL_001430,2
922,MOL_001432,5
923,MOL_002787,2
924,MOL_002442,2
925,MOL_001179,3
926,MOL_001429,1
927,MOL_001431,4
928,MOL_000447,2
929,MOL_000448,1
930,MOL_000446,4
931,MOL_002360,1
932,MOL_000896,4
933,MOL_000892,4
934,MOL_000928,3
935,MOL_000927,2
936,MOL_000878,1
937,MOL_000929,4
938,MOL_002361,2
939,MOL_000926,1
940,MOL_002607,5
941,MOL_003014,1
942,MOL_001226,4
943,MOL_002905,5
944,MOL_000910,5
945,MOL_002358,3
946,MOL_001225,2
947,MOL_001500,5
948,MOL_002642,3
949,MOL_002643,4
950,MOL_001299,3
951,MOL_001298,1
952,MOL_001300,2
953,MOL_002238,3
954,MOL_000174,1
955,MOL_003362,1
956,MOL_003452,2
957,MOL_003025,2
958,MOL_003026,4
959,MOL_001390,1
960,MOL_001391,5
961,MOL_000763,3
962,MOL_000740,1
963,MOL_003779,5
964,MOL_000757,4
965,MOL_000757,4
966,MOL_000743,3
967,MOL_000745,2
968,MOL_000744,5
969,MOL_001851,1
970,MOL_001840,1
971,MOL_000747,1
972,MOL_001839,2
973,MOL_003745,2
974,MOL_000748,3
975,MOL_003728,3
976,MOL_001289,3
977,MOL_003010,5
978,MOL_003018,4
979,MOL_003009,2
980,MOL_000796,5
981,MOL_003021,5
982,MOL_003040,1
983,MOL_000721,3
984,MOL_000974,5
985,MOL_000972,5
986,MOL_002696,1
987,MOL_001881,5
988,MOL_002695,3
989,MOL_002645,2
990,MOL_003109,5
991,MOL_003599,5
992,MOL_002219,4
993,MOL_000396,5
994,MOL_001096,5
995,MOL_001094,4
996,MOL_001808,1
997,MOL_002766,3
998,MOL_000422,1
999,MOL_003741,2
1000,MOL_003729,3
1001,MOL_003742,4
1002,MOL_000509,4
1003,MOL_003038,2
1004,MOL_000508,2
1005,MOL_003035,1
1006,MOL_003034,2
1007,MOL_003037,3
1008,MOL_003033,5
1009,MOL_003036,4
1010,MOL_001371,5
1011,MOL_000134,5
1012,MOL_000544,5
1013,MOL_002454,5
1014,MOL_002252,1
1015,MOL_000750,5
1016,MOL_000390,5
1017,MOL_000389,4
1018,MOL_000393,2
1019,MOL_000392,4
1020,MOL_002448,1
1021,MOL_002231,2
1022,MOL_000394,3
1023,MOL_000756,4
1024,MOL_000453,1
1025,MOL_002866,4
1026,MOL_002865,3
1027,MOL_002861,1
1028,MOL_002860,5
1029,MOL_001437,4
1030,MOL_002424,2
1031,MOL_001139,1
1032,MOL_001481,4
1033,MOL_000683,5
1034,MOL_000684,1
1035,MOL_001136,3
1036,MOL_000670,1
1037,MOL_000484,1
1038,MOL_000758,2
1039,MOL_000457,3
1040,MOL_000001,3
1041,MOL_000936,4
1042,MOL_000388,2
1043,MOL_001852,1
1044,MOL_003324,1
1045,MOL_002428,5
1046,MOL_000977,3
1047,MOL_000983,5
1048,MOL_000978,4
1049,MOL_000981,3
1050,MOL_000982,2
1051,MOL_000980,1
1052,MOL_001020,3
1053,MOL_000723,1
1054,MOL_000722,5
1055,MOL_003704,4
1056,MOL_003285,2
1057,MOL_003699,1
1058,MOL_003236,5
1059,MOL_001420,2
1060,MOL_003700,5
1061,MOL_003710,3
1062,MOL_003702,3
1063,MOL_002893,4
1064,MOL_002867,1
1065,MOL_002904,5
1066,MOL_001846,1
1067,MOL_003708,1
1068,MOL_003706,1
1069,MOL_000087,3
1070,MOL_000006,4
1071,MOL_000152,1
1072,MOL_001486,2
1073,MOL_003205,5
1074,MOL_000007,2
1075,MOL_000005,2
1076,MOL_001035,4
1077,MOL_003365,3
1078,MOL_000808,4
1079,MOL_000060,5
1080,MOL_000059,2
1081,MOL_000807,5
1082,MOL_001883,2
1083,MOL_001893,1
1084,MOL_001885,5
1085,MOL_001892,4
1086,MOL_002233,4
1087,MOL_000409,5
1088,MOL_003615,1
1089,MOL_003305,2
1090,MOL_002217,2
1091,MOL_002417,3
1092,MOL_002183,4
1093,MOL_003366,5
1094,MOL_002726,5
1095,MOL_002213,3
1096,MOL_000328,2
1097,MOL_000327,5
1098,MOL_002224,5
1099,MOL_000331,4
1100,MOL_000330,3
1101,MOL_000329,3
1102,MOL_000332,1
1103,MOL_000334,5
1104,MOL_000333,4
1105,MOL_000326,3
1106,MOL_001237,3
1107,MOL_000004,5
1108,MOL_002771,4
1109,MOL_002770,1
1110,MOL_002767,3
1111,MOL_002768,5
1112,MOL_002772,2
1113,MOL_002244,3
1114,MOL_002221,1
1115,MOL_002769,4
1116,MOL_002773,1
1117,MOL_001775,1
1118,MOL_002260,4
1119,MOL_001514,5
1120,MOL_001895,2
1121,MOL_001898,1
1122,MOL_002685,5
1123,MOL_001810,2
1124,MOL_001820,2
1125,MOL_000952,5
1126,MOL_000951,2
1127,MOL_000955,4
1128,MOL_000954,3
1129,MOL_000950,5
1130,MOL_000953,1
1131,MOL_001613,3
1132,MOL_001162,2
1133,MOL_001040,3
1134,MOL_000805,3
1135,MOL_002575,2
1136,MOL_002582,4
1137,MOL_002581,5
1138,MOL_002210,2
1139,MOL_001356,1
1140,MOL_001351,4
1141,MOL_001490,2
1142,MOL_001489,1
1143,MOL_000411,4
1144,MOL_003770,3
1145,MOL_000976,2
1146,MOL_000009,3
1147,MOL_000008,1
1148,MOL_000010,2
1149,MOL_002229,1
1150,MOL_002206,2
1151,MOL_002555,4
1152,MOL_000501,1
1153,MOL_002554,1
1154,MOL_000785,3
1155,MOL_002975,3
1156,MOL_002556,5
1157,MOL_000398,1
1158,MOL_003302,1
1159,MOL_002869,2
1160,MOL_002550,3
1161,MOL_002546,3
1162,MOL_000500,5
1163,MOL_002547,1
1164,MOL_002551,4
1165,MOL_002549,1
1166,MOL_002548,5
1167,MOL_002552,2
1168,MOL_002553,5
1169,MOL_000179,3
1170,MOL_001218,1
1171,MOL_000852,2
1172,MOL_000061,5
1173,MOL_000082,4
1174,MOL_000083,5
1175,MOL_001604,4
1176,MOL_001838,4
1177,MOL_003142,1
1178,MOL_003139,1
1179,MOL_003137,2
1180,MOL_001421,3
1181,MOL_003348,4
1182,MOL_002727,2
1183,MOL_001219,4
1184,MOL_001229,3
1185,MOL_000571,5
1186,MOL_000316,1
1187,MOL_002538,2
1188,MOL_000809,4
1189,MOL_002687,2
1190,MOL_000777,4
1191,MOL_000776,1
1192,MOL_000775,2
1193,MOL_000773,2
1194,MOL_000774,3
1195,MOL_000771,5
1196,MOL_000772,4
1197,MOL_000770,4
1198,MOL_000779,4
1199,MOL_000778,3
1200,MOL_001034,2
1201,MOL_000769,5
1202,MOL_003787,5
1203,MOL_000780,5
1204,MOL_003825,2
1205,MOL_003808,3
1206,MOL_003206,3
1207,MOL_000020,1
1208,MOL_003048,4
1209,MOL_003136,1
1210,MOL_000313,5
1211,MOL_003012,3
1212,MOL_003004,3
1213,MOL_002871,5
1214,MOL_000686,4
1215,MOL_002539,3
1216,MOL_002542,5
1217,MOL_003768,1
1218,MOL_001291,5
1219,MOL_002560,2
1220,MOL_002560,2
1221,MOL_002560,2
1222,MOL_002560,2
1223,MOL_002560,2
1224,MOL_002589,4
1225,MOL_002589,4
1226,MOL_002589,4
1227,MOL_002589,4
1228,MOL_002589,4
1229,MOL_002589,4
1230,MOL_002589,4
1231,MOL_002589,4
1232,MOL_002589,4
1233,MOL_002589,4
1234,MOL_002589,4
1235,MOL_002567,1
1236,MOL_002567,1
1237,MOL_002601,1
1238,MOL_002601,1
1239,MOL_002601,1
1240,MOL_002568,2
1241,MOL_002603,4
1242,MOL_003212,4
1243,MOL_003211,3
1244,MOL_000307,4
1245,MOL_000309,5
1246,MOL_000309,5
1247,MOL_000309,5
1248,MOL_001151,3
1249,MOL_001151,3
1250,MOL_001163,3
1251,MOL_001163,3
1252,MOL_001163,3
1253,MOL_001163,3
1254,MOL_001163,3
1255,MOL_001163,3
1256,MOL_001163,3
1257,MOL_001154,5
1258,MOL_003694,1
1259,MOL_003694,1
1260,MOL_003673,5
1261,MOL_003253,5
1262,MOL_003253,5
1263,MOL_003260,4
1264,MOL_003260,4
1265,MOL_003260,4
1266,MOL_003260,4
1267,MOL_003260,4
1268,MOL_003260,4
1269,MOL_003260,4
1270,MOL_003260,4
1271,MOL_003260,4
1272,MOL_003679,1
1273,MOL_003695,2
1274,MOL_002605,1
1275,MOL_002570,5
1276,MOL_003715,2
1277,MOL_003715,2
1278,MOL_003715,2
1279,MOL_003715,2
1280,MOL_003715,2
1281,MOL_003715,2
1282,MOL_003715,2
1283,MOL_003715,2
1284,MOL_003715,2
1285,MOL_003715,2
1286,MOL_003715,2
1287,MOL_003715,2
1288,MOL_003715,2
1289,MOL_003715,2
1290,MOL_003680,4
1291,MOL_003680,4
1292,MOL_003680,4
1293,MOL_003680,4
1294,MOL_003680,4
1295,MOL_003680,4
1296,MOL_003680,4
1297,MOL_003680,4
1298,MOL_003680,4
1299,MOL_003680,4
1300,MOL_003680,4
1301,MOL_003254,2
1302,MOL_003261,1
1303,MOL_003262,2
1304,MOL_003255,1
1305,MOL_003681,2
1306,MOL_003681,2
1307,MOL_003682,3
1308,MOL_003717,3
1309,MOL_003716,1
1310,MOL_003716,1
1311,MOL_000173,5
1312,MOL_000283,2
1313,MOL_002676,5
1314,MOL_002671,1
1315,MOL_002671,1
1316,MOL_002671,1
1317,MOL_002671,1
1318,MOL_002671,1
1319,MOL_000687,2
1320,MOL_000687,2
1321,MOL_000687,2
1322,MOL_001037,4
1323,MOL_001037,4
1324,MOL_001041,5
1325,MOL_001041,5
1326,MOL_003247,4
1327,MOL_003247,4
1328,MOL_000428,3
1329,MOL_000428,3
1330,MOL_003330,1
1331,MOL_002880,5
1332,MOL_002243,2
1333,MOL_001470,3
1334,MOL_003248,1
1335,MOL_003248,1
1336,MOL_003246,3
1337,MOL_003246,3
1338,MOL_001260,5
1339,MOL_001260,5
1340,MOL_001265,2
1341,MOL_001265,2
1342,MOL_003325,2
1343,MOL_003325,2
1344,MOL_003325,2
1345,MOL_003325,2
1346,MOL_003325,2
1347,MOL_003325,2
1348,MOL_003333,2
1349,MOL_003333,2
1350,MOL_003333,2
1351,MOL_003333,2
1352,MOL_003333,2
1353,MOL_003333,2
1354,MOL_003333,2
1355,MOL_002932,2
1356,MOL_002897,5
1357,MOL_002897,5
1358,MOL_002894,4
1359,MOL_002891,1
1360,MOL_002933,3
1361,MOL_003672,3
1362,MOL_003683,5
1363,MOL_003683,5
1364,MOL_003683,5
1365,MOL_003718,4
1366,MOL_003718,4
1367,MOL_002559,4
1368,MOL_002586,1
1369,MOL_003676,4
1370,MOL_003713,5
1371,MOL_003713,5
1372,MOL_003711,4
1373,MOL_003696,3
1374,MOL_003696,3
1375,MOL_003705,5
1376,MOL_003705,5
1377,MOL_003677,5
1378,MOL_003050,5
1379,MOL_003051,3
1380,MOL_003051,3
1381,MOL_002590,2
1382,MOL_002590,2
1383,MOL_002590,2
1384,MOL_002590,2
1385,MOL_002590,2
1386,MOL_002590,2
1387,MOL_002590,2
1388,MOL_002590,2
1389,MOL_002590,2
1390,MOL_002590,2
1391,MOL_002561,3
1392,MOL_002561,3
1393,MOL_002561,3
1394,MOL_000242,2
1395,MOL_000671,4
1396,MOL_000803,1
1397,MOL_000503,2
1398,MOL_000504,4
1399,MOL_000504,4
1400,MOL_000672,2
1401,MOL_000672,2
1402,MOL_000672,2
1403,MOL_001150,4
1404,MOL_001161,1
1405,MOL_001161,1
1406,MOL_001161,1
1407,MOL_001161,1
1408,MOL_000806,4
1409,MOL_000806,4
1410,MOL_000806,4
1411,MOL_000806,4
1412,MOL_000671,4
1413,MOL_000803,1
1414,MOL_003788,1
1415,MOL_003794,4
1416,MOL_000505,5
1417,MOL_000505,5
1418,MOL_003789,4
1419,MOL_003795,3
1420,MOL_003796,5
1421,MOL_003790,5
1422,MOL_001134,2
1423,MOL_003611,4
1424,MOL_003610,3
1425,MOL_001374,1
1426,MOL_001374,1
1427,MOL_001374,1
1428,MOL_001385,4
1429,MOL_001385,4
1430,MOL_001385,4
1431,MOL_001385,4
1432,MOL_001385,4
1433,MOL_001385,4
1434,MOL_001174,4
1435,MOL_002647,5
1436,MOL_002647,5
1437,MOL_003323,4
1438,MOL_003323,4
1439,MOL_003332,4
1440,MOL_003332,4
1441,MOL_002268,4
1442,MOL_002268,4
1443,MOL_002259,3
1444,MOL_002275,1
1445,MOL_002248,3
1446,MOL_003326,3
1447,MOL_003334,2
1448,MOL_002604,3
1449,MOL_002569,3
1450,MOL_001292,1
1451,MOL_003256,1
1452,MOL_003256,1
1453,MOL_003256,1
1454,MOL_003256,1
1455,MOL_003256,1
1456,MOL_003256,1
1457,MOL_003256,1
1458,MOL_003257,3
1459,MOL_003257,3
1460,MOL_003709,2
1461,MOL_003709,2
1462,MOL_003709,2
1463,MOL_003701,2
1464,MOL_003701,2
1465,MOL_003701,2
1466,MOL_003701,2
1467,MOL_003701,2
1468,MOL_003675,2
1469,MOL_003674,1
1470,MOL_003697,4
1471,MOL_003001,1
1472,MOL_003001,1
1473,MOL_003001,1
1474,MOL_003001,1
1475,MOL_003001,1
1476,MOL_003001,1
1477,MOL_003001,1
1478,MOL_003107,2
1479,MOL_000257,3
1480,MOL_000786,1
1481,MOL_001036,5
1482,MOL_000787,2
1483,MOL_001039,2
1484,MOL_000245,2
1485,MOL_000801,4
1486,MOL_000455,5
1487,MOL_001062,3
1488,MOL_000682,2
1489,MOL_001115,4
1490,MOL_001115,4
1491,MOL_001115,4
1492,MOL_001115,4
1493,MOL_001115,4
1494,MOL_001119,5
1495,MOL_001119,5
1496,MOL_001119,5
1497,MOL_001119,5
1498,MOL_001119,5
1499,MOL_000408,3
1500,MOL_001120,1
1501,MOL_000381,4
1502,MOL_000380,5
1503,MOL_003637,2
1504,MOL_003636,4
1505,MOL_003638,4
1506,MOL_003638,4
1507,MOL_003638,4
1508,MOL_003639,3
1509,MOL_001383,1
1510,MOL_001285,3
1511,MOL_001264,1
1512,MOL_002585,5
1513,MOL_000804,2
1514,MOL_000804,2
1515,MOL_000804,2
1516,MOL_000781,4
1517,MOL_000802,5
1518,MOL_000784,2
1519,MOL_000492,3
1520,MOL_002591,5
1521,MOL_001483,5
1522,MOL_001484,1
1523,MOL_003299,3
1524,MOL_001384,3
1525,MOL_003830,2
1526,MOL_003830,2
1527,MOL_003830,2
1528,MOL_003830,2
1529,MOL_003830,2
1530,MOL_003830,2
1531,MOL_003830,2
1532,MOL_003827,1
1533,MOL_003827,1
1534,MOL_003828,3
1535,MOL_003832,5
1536,MOL_003832,5
1537,MOL_001382,5
1538,MOL_000024,1
1539,MOL_000021,2
1540,MOL_003888,2
1541,MOL_003888,2
1542,MOL_003892,1
1543,MOL_003892,1
1544,MOL_003707,2
1545,MOL_003707,2
1546,MOL_003884,4
1547,MOL_003883,3
1548,MOL_002599,3
1549,MOL_001378,1
1550,MOL_000074,1
1551,MOL_003296,5
1552,MOL_003810,4
1553,MOL_003811,5
1554,MOL_003811,5
1555,MOL_003811,5
1556,MOL_003811,5
1557,MOL_003811,5
1558,MOL_002697,2
1559,MOL_002697,2
1560,MOL_002949,1
1561,MOL_002909,2
1562,MOL_003838,3
1563,MOL_002509,3
1564,MOL_002514,2
1565,MOL_003268,3
1566,MOL_003268,3
1567,MOL_003268,3
1568,MOL_003268,3
1569,MOL_003268,3
1570,MOL_003698,5
1571,MOL_003698,5
1572,MOL_002511,5
1573,MOL_002515,3
1574,MOL_002510,5
1575,MOL_002564,5
1576,MOL_003181,1
1577,MOL_003343,1
1578,MOL_003343,1
1579,MOL_003343,1
1580,MOL_003344,5
1581,MOL_003344,5
1582,MOL_003344,5
1583,MOL_002602,2
1584,MOL_000768,1
1585,MOL_001381,2
1586,MOL_002691,4
1587,MOL_001375,5
1588,MOL_002945,4
1589,MOL_002692,4
1590,MOL_002946,5
1591,MOL_002946,5
1592,MOL_002907,3
1593,MOL_003237,3
1594,MOL_003817,3
1595,MOL_001891,5
1596,MOL_001891,5
1597,MOL_002703,3
1598,MOL_002475,5
1599,MOL_002351,5
1600,MOL_003815,5
1601,MOL_003692,5
1602,MOL_003692,5
1603,MOL_003820,1
1604,MOL_003818,3
1605,MOL_003819,5
1606,MOL_003821,2
1607,MOL_003159,4
1608,MOL_001473,1
1609,MOL_001112,1
1610,MOL_001379,3
1611,MOL_001118,3
1612,MOL_000477,4
1613,MOL_000473,2
1614,MOL_000379,4
1615,MOL_003835,1
1616,MOL_001261,1
1617,MOL_002677,2
1618,MOL_002349,4
1619,MOL_002694,3
1620,MOL_002908,4
1621,MOL_002948,5
1622,MOL_003684,5
1623,MOL_002896,4
1624,MOL_002930,4
1625,MOL_001908,4
1626,MOL_002387,5
1627,MOL_002480,4
1628,MOL_003088,1
1629,MOL_003772,5
1630,MOL_001380,5
1631,MOL_001377,2
1632,MOL_003687,3
1633,MOL_003691,2
1634,MOL_003882,2
1635,MOL_003057,1
1636,MOL_003203,4
1637,MOL_002565,5
1638,MOL_000454,2
1639,MOL_000506,1
1640,MOL_002513,4
1641,MOL_002508,5
1642,MOL_002507,1
1643,MOL_002512,1
1644,MOL_003267,2
1645,MOL_003267,2
1646,MOL_003266,1
1647,MOL_003266,1
1648,MOL_003266,1
1649,MOL_003266,1
1650,MOL_003266,1
1651,MOL_003266,1
1652,MOL_003266,1
1653,MOL_003266,1
1654,MOL_003264,5
1655,MOL_000476,3
1656,MOL_000472,5
1657,MOL_003235,4
1658,MOL_003791,1
1659,MOL_000688,3
1660,MOL_003640,1
1661,MOL_000346,5
1662,MOL_000342,3
1663,MOL_000378,3
1664,MOL_003880,5
1665,MOL_002529,5
1666,MOL_002266,3
1667,MOL_003836,5
1668,MOL_003837,2
1669,MOL_001880,1
1670,MOL_002474,3
1671,MOL_002267,4
1672,MOL_000073,3
1673,MOL_003881,1
1674,MOL_003686,2
1675,MOL_001158,3
1676,MOL_001281,4
1677,MOL_003780,1
1678,MOL_003781,2
1679,MOL_003106,5
1680,MOL_002874,1
1681,MOL_001266,4
1682,MOL_003191,1
1683,MOL_003190,5
1684,MOL_000324,5
1685,MOL_002237,3
1686,MOL_001889,3
1687,MOL_002950,2
1688,MOL_002952,4
1689,MOL_001438,5
1690,MOL_003630,2
1691,MOL_000290,4
1692,MOL_000344,2
1693,MOL_002718,1
1694,MOL_000760,3
1695,MOL_000053,2
1696,MOL_002598,2
1697,MOL_003192,2
1698,MOL_003193,3
1699,MOL_002762,1
1700,MOL_000384,3
1701,MOL_003688,4
1702,MOL_002452,1
1703,MOL_002456,2
1704,MOL_002461,5
1705,MOL_002459,5
1706,MOL_003617,4
1707,MOL_001173,5
1708,MOL_001172,5
1709,MOL_000023,5
1710,MOL_003053,1
1711,MOL_002236,2
1712,MOL_002247,2
1713,MOL_003242,5
1714,MOL_003243,1
1715,MOL_003712,1
1716,MOL_000525,2
1717,MOL_003220,4
1718,MOL_003223,3
1719,MOL_003221,2
1720,MOL_003225,5
1721,MOL_003265,4
1722,MOL_003265,4
1723,MOL_003265,4
1724,MOL_003265,4
1725,MOL_003265,4
1726,MOL_001295,5
1727,MOL_001294,3
1728,MOL_001297,5
1729,MOL_001296,4
1730,MOL_001203,4
1731,MOL_001205,2
1732,MOL_003831,4
1733,MOL_000293,1
1734,MOL_000293,1
1735,MOL_000293,1
1736,MOL_000293,1
1737,MOL_000288,3
1738,MOL_000308,4
1739,MOL_003829,4
1740,MOL_000282,1
1741,MOL_003833,1
1742,MOL_002739,4
1743,MOL_000022,4
1744,MOL_002563,4
1745,MOL_002597,4
1746,MOL_002760,5
1747,MOL_002760,5
1748,MOL_001210,1
1749,MOL_000322,1
1750,MOL_003098,1
1751,MOL_003098,1
1752,MOL_003096,1
1753,MOL_003096,1
1754,MOL_003099,2
1755,MOL_003097,3
1756,MOL_000025,1
1757,MOL_002722,1
1758,MOL_002722,1
1759,MOL_002764,4
1760,MOL_003089,2
1761,MOL_003090,1
1762,MOL_002777,3
1763,MOL_002786,1
1764,MOL_002786,1
1765,MOL_002786,1
1766,MOL_000385,5
1767,MOL_002735,3
1768,MOL_003042,2
1769,MOL_003043,5
1770,MOL_000383,2
1771,MOL_003690,3
1772,MOL_000474,4
1773,MOL_001246,1
1774,MOL_001245,4
1775,MOL_003347,3
1776,MOL_003703,1
1777,MOL_002347,1
1778,MOL_000172,2
1779,MOL_000284,3
1780,MOL_000264,3
1781,MOL_000268,1
1782,MOL_000272,1
1783,MOL_002877,2
1784,MOL_003646,3
1785,MOL_003647,4
1786,MOL_000735,5
1787,MOL_002716,2
1788,MOL_000289,1
1789,MOL_002759,3
1790,MOL_002759,3
1791,MOL_002534,2
1792,MOL_002536,5
1793,MOL_002717,2
1794,MOL_001149,5
1795,MOL_003834,5
1796,MOL_002758,2
1797,MOL_002355,4
1798,MOL_000276,5
1799,MOL_000265,5
1800,MOL_003179,5
1801,MOL_002241,1
1802,MOL_002741,1
1803,MOL_003685,1
1804,MOL_003693,4
1805,MOL_003689,1
1806,MOL_001164,4
1807,MOL_000468,5
1808,MOL_003889,5
1809,MOL_003894,4
1810,MOL_003890,3
1811,MOL_003895,5
1812,MOL_002951,3
1813,MOL_002953,1
1814,MOL_003793,4
1815,MOL_002774,5
1816,MOL_002779,4
1817,MOL_002776,1
1818,MOL_002785,4
1819,MOL_002784,3
1820,MOL_002775,2
1821,MOL_001837,3
1822,MOL_002873,2
1823,MOL_002994,3
1824,MOL_002995,4
1825,MOL_000262,4
1826,MOL_000401,5
1827,MOL_000403,2
1828,MOL_003893,2
1829,MOL_003893,2
1830,MOL_001176,2
1831,MOL_000168,1
1832,MOL_000170,3
1833,MOL_000163,1
1834,MOL_000661,4
1835,MOL_000695,3
1836,MOL_002720,4
1837,MOL_002381,5
1838,MOL_002350,1
1839,MOL_000287,2
1840,MOL_002504,3
1841,MOL_003000,3
1842,MOL_002996,1
1843,MOL_002997,2
1844,MOL_000171,4
1845,MOL_000165,2
1846,MOL_002524,2
1847,MOL_002526,4
1848,MOL_003329,2
1849,MOL_000459,3
1850,MOL_000459,3
1851,MOL_000459,3
1852,MOL_000458,4
1853,MOL_000458,4
1854,MOL_002353,3
1855,MOL_000275,4
1856,MOL_000269,2
1857,MOL_000273,2
1858,MOL_001204,1
1859,MOL_001206,5
1860,MOL_002269,2
1861,MOL_002462,2
1862,MOL_002460,4
1863,MOL_002453,4
1864,MOL_002457,3
1865,MOL_000306,1
1866,MOL_000306,1
1867,MOL_003095,5
1868,MOL_003093,3
1869,MOL_003094,4
1870,MOL_003094,4
1871,MOL_003092,2
1872,MOL_003092,2
1873,MOL_003127,4
1874,MOL_003128,5
1875,MOL_003792,2
1876,MOL_003083,3
1877,MOL_002322,1
1878,MOL_002321,5
1879,MOL_002782,2
1880,MOL_002780,1
1881,MOL_002335,2
1882,MOL_002333,1
1883,MOL_000467,4
1884,MOL_000259,5
1885,MOL_001286,5
1886,MOL_001284,2
1887,MOL_001284,2
1888,MOL_001288,2
1889,MOL_001282,1
1890,MOL_002987,5
1891,MOL_002988,1
1892,MOL_002315,5
1893,MOL_002309,4
1894,MOL_002558,3
1895,MOL_002558,3
1896,MOL_002317,4
1897,MOL_002310,5
1898,MOL_000495,5
1899,MOL_000497,1
1900,MOL_002344,5
1901,MOL_001046,5
1902,MOL_001207,2
1903,MOL_002991,2
1904,MOL_002992,1
1905,MOL_000734,1
1906,MOL_002704,3
1907,MOL_000166,4
1908,MOL_002596,1
1909,MOL_000261,4
1910,MOL_002378,1
1911,MOL_002367,1
1912,MOL_002763,3
1913,MOL_002740,5
1914,MOL_001111,4
1915,MOL_002528,3
1916,MOL_000056,5
1917,MOL_000057,1
1918,MOL_000057,1
1919,MOL_000055,4
1920,MOL_000058,2
1921,MOL_002365,5
1922,MOL_002376,3
1923,MOL_002520,3
1924,MOL_002522,1
1925,MOL_000449,3
1926,MOL_000450,5
1927,MOL_000169,2
1928,MOL_000164,3
1929,MOL_001553,4
1930,MOL_001555,2
1931,MOL_002324,4
1932,MOL_002326,2
1933,MOL_001861,2
1934,MOL_001863,4
1935,MOL_000304,2
1936,MOL_000304,2
1937,MOL_000299,3
1938,MOL_000299,3
1939,MOL_000294,2
1940,MOL_000294,2
1941,MOL_002346,2
1942,MOL_002348,3
1943,MOL_003030,2
1944,MOL_003031,3
1945,MOL_002535,4
1946,MOL_002537,1
1947,MOL_002476,1
1948,MOL_002479,5
1949,MOL_000301,1
1950,MOL_000301,1
1951,MOL_000305,3
1952,MOL_000305,3
1953,MOL_002312,1
1954,MOL_002356,1
1955,MOL_002974,2
1956,MOL_002974,2
1957,MOL_001159,4
1958,MOL_003238,1
1959,MOL_002341,2
1960,MOL_000271,5
1961,MOL_003045,4
1962,MOL_003047,1
1963,MOL_003219,2
1964,MOL_003222,1
1965,MOL_003224,4
1966,MOL_003019,3
1967,MOL_003020,5
1968,MOL_001283,1
1969,MOL_001287,1
1970,MOL_002362,3
1971,MOL_002372,2
1972,MOL_002939,2
1973,MOL_002941,3
1974,MOL_002942,2
1975,MOL_002940,1
1976,MOL_002725,4
1977,MOL_000402,5
1978,MOL_000404,5
1979,MOL_003509,4
1980,MOL_003510,3
1981,MOL_003046,4
1982,MOL_002374,4
1983,MOL_001175,1
1984,MOL_001177,3
1985,MOL_001153,2
1986,MOL_001152,1
1987,MOL_000302,4
1988,MOL_000302,4
1989,MOL_002370,2
1990,MOL_002382,5
1991,MOL_001589,5
1992,MOL_001589,5
1993,MOL_001591,4
1994,MOL_001591,4
1995,MOL_000382,1
1996,MOL_000286,5
1997,MOL_000267,3
1998,MOL_002525,3
1999,MOL_002527,1
2000,MOL_001476,5
2001,MOL_001476,5
2002,MOL_000323,1
2003,MOL_000300,3
2004,MOL_000300,3
2005,MOL_002352,2
2006,MOL_002354,4
2007,MOL_002595,4
2008,MOL_002478,3
2009,MOL_000167,5
2010,MOL_000161,3
2011,MOL_003358,1
2012,MOL_003359,2
2013,MOL_002989,2
2014,MOL_002990,3
2015,MOL_001406,2
2016,MOL_001408,5
2017,MOL_002719,3
2018,MOL_002985,2
2019,MOL_002986,4
2020,MOL_002592,1
2021,MOL_002338,1
2022,MOL_001869,5
2023,MOL_001570,1
2024,MOL_003259,4
2025,MOL_002336,3
2026,MOL_002334,5
2027,MOL_000258,4
2028,MOL_000260,1
2029,MOL_002469,4
2030,MOL_002471,1
2031,MOL_002721,5
2032,MOL_002721,5
2033,MOL_002472,2
2034,MOL_002470,5
2035,MOL_002318,4
2036,MOL_002311,4
2037,MOL_000496,4
2038,MOL_000498,2
2039,MOL_002343,5
2040,MOL_002345,1
2041,MOL_001045,1
2042,MOL_001047,2
2043,MOL_000285,4
2044,MOL_000274,3
2045,MOL_000266,5
2046,MOL_000270,4
2047,MOL_002734,5
2048,MOL_001477,1
2049,MOL_001477,1
2050,MOL_001474,3
2051,MOL_001474,3
2052,MOL_002761,4
2053,MOL_002761,4
2054,MOL_002606,5
2055,MOL_002765,2
2056,MOL_000162,3
2057,MOL_000178,4
2058,MOL_000529,3
2059,MOL_002379,2
2060,MOL_002368,4
2061,MOL_002371,1
2062,MOL_002383,2
2063,MOL_002366,3
2064,MOL_002377,4
2065,MOL_002521,4
2066,MOL_002523,5
2067,MOL_001063,5
2068,MOL_001201,5
2069,MOL_001862,3
2070,MOL_001864,5
2071,MOL_002325,3
2072,MOL_002327,5
2073,MOL_001554,1
2074,MOL_001556,3
2075,MOL_001202,3
2076,MOL_002477,2
2077,MOL_002935,5
2078,MOL_002937,1
2079,MOL_002938,4
2080,MOL_002936,5
2081,MOL_001124,5
2082,MOL_001122,4
2083,MOL_002714,4
2084,MOL_000159,2
2085,MOL_002308,2
2086,MOL_002313,2
2087,MOL_001407,3
2088,MOL_001409,1
2089,MOL_001587,1
2090,MOL_001587,1
2091,MOL_003263,3
2092,MOL_001588,3
2093,MOL_001588,3
2094,MOL_002340,1
2095,MOL_002342,3
2096,MOL_000160,5
2097,MOL_001585,2
2098,MOL_001585,2
2099,MOL_002571,1
2100,MOL_000303,5
2101,MOL_000303,5
2102,MOL_000297,5
2103,MOL_000297,5
2104,MOL_002711,4
2105,MOL_001586,4
2106,MOL_001586,4
2107,MOL_002705,3
2108,MOL_002778,5
2109,MOL_002369,5
2110,MOL_002380,3
2111,MOL_002363,4
2112,MOL_002373,3
2113,MOL_001441,1
2114,MOL_002593,3
2115,MOL_003297,1
2116,MOL_003298,2
2117,MOL_001197,1
2118,MOL_002375,5
2119,MOL_002364,4
2120,MOL_002594,3
2121,MOL_002562,1
2122,MOL_002895,3
2123,MOL_002892,2
2124,MOL_001398,4
2125,MOL_001402,2
2126,MOL_002724,4
2127,MOL_001404,4
2128,MOL_001400,1
2129,MOL_000298,2
2130,MOL_000298,2
2131,MOL_002465,2
2132,MOL_002467,3
2133,MOL_002468,1
2134,MOL_002466,4
2135,MOL_001125,1
2136,MOL_001123,3
2137,MOL_002473,4
2138,MOL_001472,2
2139,MOL_003022,1
2140,MOL_003023,2
2141,MOL_003258,5
2142,MOL_002715,5
2143,MOL_002713,3
2144,MOL_002710,3
2145,MOL_000295,3
2146,MOL_000295,3
2147,MOL_002337,4
2148,MOL_002339,4
2149,MOL_001569,5
2150,MOL_001571,3
2151,MOL_001868,4
2152,MOL_001870,3
2153,MOL_002316,3
2154,MOL_001184,2
2155,MOL_001186,4
2156,MOL_001190,1
2157,MOL_001194,5
2158,MOL_001198,2
2159,MOL_000296,4
2160,MOL_000296,4
2161,MOL_001399,5
2162,MOL_001403,3
2163,MOL_001188,4
2164,MOL_001192,2
2165,MOL_001196,2
2166,MOL_002723,1
2167,MOL_000528,1
2168,MOL_000530,4
2169,MOL_001405,1
2170,MOL_001401,5
2171,MOL_001389,4
2172,MOL_003032,4
2173,MOL_001471,1
2174,MOL_000658,5
2175,MOL_001189,5
2176,MOL_000064,4
2177,MOL_001340,2
2178,MOL_001342,3
2179,MOL_001187,5
2180,MOL_001191,4
2181,MOL_001195,3
2182,MOL_001388,1
2183,MOL_001590,3
2184,MOL_001590,3
2185,MOL_001592,4
2186,MOL_001592,4
2187,MOL_001890,4
2188,MOL_001899,2
2189,MOL_002712,1
2190,MOL_000315,1
2191,MOL_001341,5
2192,MOL_001343,4
2193,MOL_000063,4
2194,MOL_000062,3
2195,MOL_002783,2
2196,MOL_000277,3
2197,MOL_001065,1
2198,MOL_001067,2
2199,MOL_001069,1
2200,MOL_000211,3
2201,MOL_000212,4
2202,MOL_001336,4
2203,MOL_001338,5
2204,MOL_001449,3
2205,MOL_001450,5
2206,MOL_000673,2
2207,MOL_000314,4
2208,MOL_001200,4
2209,MOL_002781,5
2210,MOL_001780,4
2211,MOL_001865,2
2212,MOL_001337,5
2213,MOL_001339,1
2214,MOL_002314,3
2215,MOL_001199,3
2216,MOL_001185,3
2217,MOL_001193,2
2218,MOL_003295,4
2219,MOL_001182,4
2220,MOL_001183,1
2221,MOL_000263,2
2222,MOL_000280,5
2223,MOL_000280,5
2224,MOL_000281,4
2225,MOL_000278,1
2226,MOL_000278,1
2227,MOL_001160,5
2228,MOL_000279,2
2229,MOL_000279,2
2230,MOL_001066,3
2231,MOL_001068,4
2232,MOL_000532,2
2233,MOL_003028,5
2234,MOL_003027,1
2235,MOL_003239,2
2236,MOL_003240,4
2237,MOL_003843,2
2238,MOL_003843,2
2239,MOL_003843,2
2240,MOL_003858,1
2241,MOL_003858,1
2242,MOL_003858,1
2243,MOL_003868,1
2244,MOL_003868,1
2245,MOL_003844,5
2246,MOL_003844,5
2247,MOL_003844,5
2248,MOL_003844,5
2249,MOL_003844,5
2250,MOL_003844,5
2251,MOL_003844,5
2252,MOL_003844,5
2253,MOL_003844,5
2254,MOL_003844,5
2255,MOL_003844,5
2256,MOL_003844,5
2257,MOL_003844,5
2258,MOL_003844,5
2259,MOL_003844,5
2260,MOL_003844,5
2261,MOL_003844,5
2262,MOL_003844,5
2263,MOL_003844,5
2264,MOL_003844,5
2265,MOL_003844,5
2266,MOL_003844,5
2267,MOL_003860,5
2268,MOL_003860,5
2269,MOL_003860,5
2270,MOL_003860,5
2271,MOL_003860,5
2272,MOL_003860,5
2273,MOL_003860,5
2274,MOL_003860,5
2275,MOL_003860,5
2276,MOL_003860,5
2277,MOL_003860,5
2278,MOL_003860,5
2279,MOL_003860,5
2280,MOL_003860,5
2281,MOL_003860,5
2282,MOL_003860,5
2283,MOL_003860,5
2284,MOL_003860,5
2285,MOL_003860,5
2286,MOL_003852,1
2287,MOL_003852,1
2288,MOL_003852,1
2289,MOL_003852,1
2290,MOL_003847,5
2291,MOL_003847,5
2292,MOL_003863,2
2293,MOL_003865,4
2294,MOL_003865,4
2295,MOL_003865,4
2296,MOL_003845,1
2297,MOL_003849,4
2298,MOL_003845,1
2299,MOL_003845,1
2300,MOL_003861,1
2301,MOL_003861,1
2302,MOL_003848,3
2303,MOL_003848,3
2304,MOL_003848,3
2305,MOL_003848,3
2306,MOL_003848,3
2307,MOL_003848,3
2308,MOL_003848,3
2309,MOL_003848,3
2310,MOL_003848,3
2311,MOL_003848,3
2312,MOL_003864,3
2313,MOL_003864,3
2314,MOL_003864,3
2315,MOL_003864,3
2316,MOL_003864,3
2317,MOL_003864,3
2318,MOL_003850,3
2319,MOL_003850,3
2320,MOL_003850,3
2321,MOL_003850,3
2322,MOL_003850,3
2323,MOL_003850,3
2324,MOL_003850,3
2325,MOL_003850,3
2326,MOL_003866,5
2327,MOL_003866,5
2328,MOL_003866,5
2329,MOL_003866,5
2330,MOL_003866,5
2331,MOL_003850,3
2332,MOL_003850,3
2333,MOL_003851,3
2334,MOL_000187,3
2335,MOL_003594,4
2336,MOL_003594,4
2337,MOL_003594,4
2338,MOL_003587,3
2339,MOL_003587,3
2340,MOL_003587,3
2341,MOL_003414,1
2342,MOL_003417,3
2343,MOL_003417,3
2344,MOL_003417,3
2345,MOL_003417,3
2346,MOL_003417,3
2347,MOL_003493,5
2348,MOL_003493,5
2349,MOL_003493,5
2350,MOL_003493,5
2351,MOL_003530,1
2352,MOL_003530,1
2353,MOL_003530,1
2354,MOL_003530,1
2355,MOL_003516,5
2356,MOL_003516,5
2357,MOL_002958,1
2358,MOL_002958,1
2359,MOL_002971,4
2360,MOL_002971,4
2361,MOL_002971,4
2362,MOL_002971,4
2363,MOL_002971,4
2364,MOL_002913,4
2365,MOL_002913,4
2366,MOL_002799,2
2367,MOL_002799,2
2368,MOL_002799,2
2369,MOL_002799,2
2370,MOL_002799,2
2371,MOL_002799,2
2372,MOL_002799,2
2373,MOL_002921,4
2374,MOL_002921,4
2375,MOL_002921,4
2376,MOL_002829,3
2377,MOL_002829,3
2378,MOL_002829,3
2379,MOL_002829,3
2380,MOL_002829,3
2381,MOL_002863,2
2382,MOL_002885,1
2383,MOL_002922,5
2384,MOL_002832,4
2385,MOL_003432,5
2386,MOL_003432,5
2387,MOL_003432,5
2388,MOL_003432,5
2389,MOL_003432,5
2390,MOL_003432,5
2391,MOL_003432,5
2392,MOL_003432,5
2393,MOL_003432,5
2394,MOL_003432,5
2395,MOL_003432,5
2396,MOL_003432,5
2397,MOL_003432,5
2398,MOL_003432,5
2399,MOL_003432,5
2400,MOL_003500,1
2401,MOL_003500,1
2402,MOL_003500,1
2403,MOL_003500,1
2404,MOL_003500,1
2405,MOL_003500,1
2406,MOL_003500,1
2407,MOL_003500,1
2408,MOL_003500,1
2409,MOL_003500,1
2410,MOL_003500,1
2411,MOL_003500,1
2412,MOL_003500,1
2413,MOL_003500,1
2414,MOL_003500,1
2415,MOL_003553,2
2416,MOL_003557,5
2417,MOL_003557,5
2418,MOL_003557,5
2419,MOL_003557,5
2420,MOL_003557,5
2421,MOL_003595,1
2422,MOL_003595,1
2423,MOL_003597,3
2424,MOL_003597,3
2425,MOL_003597,3
2426,MOL_003565,4
2427,MOL_003547,3
2428,MOL_003547,3
2429,MOL_003545,2
2430,MOL_003545,2
2431,MOL_003518,1
2432,MOL_003518,1
2433,MOL_003518,1
2434,MOL_003518,1
2435,MOL_002864,3
2436,MOL_002839,3
2437,MOL_003284,1
2438,MOL_002959,4
2439,MOL_003572,2
2440,MOL_003572,2
2441,MOL_003572,2
2442,MOL_003572,2
2443,MOL_003572,2
2444,MOL_003572,2
2445,MOL_003572,2
2446,MOL_003572,2
2447,MOL_003578,2
2448,MOL_003578,2
2449,MOL_003578,2
2450,MOL_003578,2
2451,MOL_003578,2
2452,MOL_003578,2
2453,MOL_003550,5
2454,MOL_002804,1
2455,MOL_002804,1
2456,MOL_002804,1
2457,MOL_003776,4
2458,MOL_002841,2
2459,MOL_002841,2
2460,MOL_002841,2
2461,MOL_002924,1
2462,MOL_002886,3
2463,MOL_002804,1
2464,MOL_002886,3
2465,MOL_002960,4
2466,MOL_002805,3
2467,MOL_002915,4
2468,MOL_003771,4
2469,MOL_003862,2
2470,MOL_003195,4
2471,MOL_003195,4
2472,MOL_003195,4
2473,MOL_003196,2
2474,MOL_003201,5
2475,MOL_003160,1
2476,MOL_003160,1
2477,MOL_003160,1
2478,MOL_003160,1
2479,MOL_003175,3
2480,MOL_003175,3
2481,MOL_003175,3
2482,MOL_003169,1
2483,MOL_003169,1
2484,MOL_003169,1
2485,MOL_003169,1
2486,MOL_003186,1
2487,MOL_003171,1
2488,MOL_003176,4
2489,MOL_003176,4
2490,MOL_003867,5
2491,MOL_003867,5
2492,MOL_003200,4
2493,MOL_003178,2
2494,MOL_003189,3
2495,MOL_003173,4
2496,MOL_003162,3
2497,MOL_003162,3
2498,MOL_003162,3
2499,MOL_003172,3
2500,MOL_003172,3
2501,MOL_003184,2
2502,MOL_003184,2
2503,MOL_003197,1
2504,MOL_003165,2
2505,MOL_003165,2
2506,MOL_003165,2
2507,MOL_003174,5
2508,MOL_003174,5
2509,MOL_003202,1
2510,MOL_003187,2
2511,MOL_003187,2
2512,MOL_003165,2
2513,MOL_003198,2
2514,MOL_003166,3
2515,MOL_003185,3
2516,MOL_003199,3
2517,MOL_003188,4
2518,MOL_003230,5
2519,MOL_000182,2
2520,MOL_000311,2
2521,MOL_002792,1
2522,MOL_001268,3
2523,MOL_002793,3
2524,MOL_002954,3
2525,MOL_002910,1
2526,MOL_000197,5
2527,MOL_002807,5
2528,MOL_002807,5
2529,MOL_002916,2
2530,MOL_002916,2
2531,MOL_002868,5
2532,MOL_002868,5
2533,MOL_002859,4
2534,MOL_002859,4
2535,MOL_002798,1
2536,MOL_002798,1
2537,MOL_002651,4
2538,MOL_002656,3
2539,MOL_002650,3
2540,MOL_002796,2
2541,MOL_002830,5
2542,MOL_002830,5
2543,MOL_002655,2
2544,MOL_003608,2
2545,MOL_003612,4
2546,MOL_002844,3
2547,MOL_002808,5
2548,MOL_002808,5
2549,MOL_002808,5
2550,MOL_002825,4
2551,MOL_002825,4
2552,MOL_002825,4
2553,MOL_002825,4
2554,MOL_002899,1
2555,MOL_002899,1
2556,MOL_002901,3
2557,MOL_002920,3
2558,MOL_002920,3
2559,MOL_002920,3
2560,MOL_002857,1
2561,MOL_002857,1
2562,MOL_002970,2
2563,MOL_002961,1
2564,MOL_002854,3
2565,MOL_002911,2
2566,MOL_002911,2
2567,MOL_002972,1
2568,MOL_002972,1
2569,MOL_001259,1
2570,MOL_002812,2
2571,MOL_002812,2
2572,MOL_001257,4
2573,MOL_001257,4
2574,MOL_001253,5
2575,MOL_001253,5
2576,MOL_001253,5
2577,MOL_002926,5
2578,MOL_002926,5
2579,MOL_002847,5
2580,MOL_002682,3
2581,MOL_002840,4
2582,MOL_002834,3
2583,MOL_002681,5
2584,MOL_002681,5
2585,MOL_002890,5
2586,MOL_002890,5
2587,MOL_002890,5
2588,MOL_002890,5
2589,MOL_002887,3
2590,MOL_002879,4
2591,MOL_002879,4
2592,MOL_002879,4
2593,MOL_002884,3
2594,MOL_002884,3
2595,MOL_002884,3
2596,MOL_002884,3
2597,MOL_001258,5
2598,MOL_002813,3
2599,MOL_002813,3
2600,MOL_002813,3
2601,MOL_002813,3
2602,MOL_002813,3
2603,MOL_002848,4
2604,MOL_002848,4
2605,MOL_002848,4
2606,MOL_002848,4
2607,MOL_003391,1
2608,MOL_003475,3
2609,MOL_003450,3
2610,MOL_003504,4
2611,MOL_001273,1
2612,MOL_002917,2
2613,MOL_002963,2
2614,MOL_002931,4
2615,MOL_002931,4
2616,MOL_002931,4
2617,MOL_000184,4
2618,MOL_002134,2
2619,MOL_002134,2
2620,MOL_002002,1
2621,MOL_002002,1
2622,MOL_002002,1
2623,MOL_002002,1
2624,MOL_002002,1
2625,MOL_002002,1
2626,MOL_002002,1
2627,MOL_002002,1
2628,MOL_002002,1
2629,MOL_002002,1
2630,MOL_002002,1
2631,MOL_002002,1
2632,MOL_002002,1
2633,MOL_002002,1
2634,MOL_002096,5
2635,MOL_002096,5
2636,MOL_002096,5
2637,MOL_002096,5
2638,MOL_002096,5
2639,MOL_002096,5
2640,MOL_002396,4
2641,MOL_002408,5
2642,MOL_002394,2
2643,MOL_002394,2
2644,MOL_002394,2
2645,MOL_002394,2
2646,MOL_002406,4
2647,MOL_002406,4
2648,MOL_002406,4
2649,MOL_002406,4
2650,MOL_002486,3
2651,MOL_002498,5
2652,MOL_002498,5
2653,MOL_002498,5
2654,MOL_002053,1
2655,MOL_002802,3
2656,MOL_002100,4
2657,MOL_002194,4
2658,MOL_002194,4
2659,MOL_002205,1
2660,MOL_002205,1
2661,MOL_002487,4
2662,MOL_003496,4
2663,MOL_003429,3
2664,MOL_003429,3
2665,MOL_003429,3
2666,MOL_003429,3
2667,MOL_003431,4
2668,MOL_003590,2
2669,MOL_003583,5
2670,MOL_002037,1
2671,MOL_002124,3
2672,MOL_002124,3
2673,MOL_002124,3
2674,MOL_002500,4
2675,MOL_003719,4
2676,MOL_002272,1
2677,MOL_002652,5
2678,MOL_002410,1
2679,MOL_002488,1
2680,MOL_002005,4
2681,MOL_002005,4
2682,MOL_002005,4
2683,MOL_002005,4
2684,MOL_002005,4
2685,MOL_002005,4
2686,MOL_002101,5
2687,MOL_002101,5
2688,MOL_002101,5
2689,MOL_002397,5
2690,MOL_002409,5
2691,MOL_002246,1
2692,MOL_002242,4
2693,MOL_003501,2
2694,MOL_003441,2
2695,MOL_003383,5
2696,MOL_003449,4
2697,MOL_003521,4
2698,MOL_003521,4
2699,MOL_003528,5
2700,MOL_003528,5
2701,MOL_003525,1
2702,MOL_002041,3
2703,MOL_002041,3
2704,MOL_002041,3
2705,MOL_002399,1
2706,MOL_002411,2
2707,MOL_002411,2
2708,MOL_002125,4
2709,MOL_002125,4
2710,MOL_002125,4
2711,MOL_002041,3
2712,MOL_002399,1
2713,MOL_002797,5
2714,MOL_002828,4
2715,MOL_003551,5
2716,MOL_003579,2
2717,MOL_002806,4
2718,MOL_003386,1
2719,MOL_003499,1
2720,MOL_003472,4
2721,MOL_003472,4
2722,MOL_003503,3
2723,MOL_003483,4
2724,MOL_003483,4
2725,MOL_003546,1
2726,MOL_003511,5
2727,MOL_003511,5
2728,MOL_003540,2
2729,MOL_003540,2
2730,MOL_003764,1
2731,MOL_003764,1
2732,MOL_003764,1
2733,MOL_003764,1
2734,MOL_003764,1
2735,MOL_003764,1
2736,MOL_003764,1
2737,MOL_003764,1
2738,MOL_003764,1
2739,MOL_003764,1
2740,MOL_003764,1
2741,MOL_003764,1
2742,MOL_003764,1
2743,MOL_003764,1
2744,MOL_003764,1
2745,MOL_003759,3
2746,MOL_003759,3
2747,MOL_003762,4
2748,MOL_003761,4
2749,MOL_002043,5
2750,MOL_002400,4
2751,MOL_002489,5
2752,MOL_002838,2
2753,MOL_002836,5
2754,MOL_003575,1
2755,MOL_003575,1
2756,MOL_003575,1
2757,MOL_003575,1
2758,MOL_003577,4
2759,MOL_003577,4
2760,MOL_003570,5
2761,MOL_003570,5
2762,MOL_003570,5
2763,MOL_003570,5
2764,MOL_003571,1
2765,MOL_003571,1
2766,MOL_003571,1
2767,MOL_002803,4
2768,MOL_003071,3
2769,MOL_003071,3
2770,MOL_003071,3
2771,MOL_003071,3
2772,MOL_003059,4
2773,MOL_003059,4
2774,MOL_003059,4
2775,MOL_003059,4
2776,MOL_003059,4
2777,MOL_003059,4
2778,MOL_003059,4
2779,MOL_003059,4
2780,MOL_003059,4
2781,MOL_003065,3
2782,MOL_003065,3
2783,MOL_003065,3
2784,MOL_003065,3
2785,MOL_003065,3
2786,MOL_003085,5
2787,MOL_003085,5
2788,MOL_003085,5
2789,MOL_003073,5
2790,MOL_003073,5
2791,MOL_003073,5
2792,MOL_003087,5
2793,MOL_003076,3
2794,MOL_003066,4
2795,MOL_003182,4
2796,MOL_003072,4
2797,MOL_003074,1
2798,MOL_003082,2
2799,MOL_003079,4
2800,MOL_003075,5
2801,MOL_003075,5
2802,MOL_003084,1
2803,MOL_003084,1
2804,MOL_003084,1
2805,MOL_003084,1
2806,MOL_003170,2
2807,MOL_003152,3
2808,MOL_003167,4
2809,MOL_003062,5
2810,MOL_003062,5
2811,MOL_003067,5
2812,MOL_003067,5
2813,MOL_003086,3
2814,MOL_003086,3
2815,MOL_003086,3
2816,MOL_003081,4
2817,MOL_003080,1
2818,MOL_003091,4
2819,MOL_003077,2
2820,MOL_003062,5
2821,MOL_003044,3
2822,MOL_003155,2
2823,MOL_003853,5
2824,MOL_003853,5
2825,MOL_003064,2
2826,MOL_003069,1
2827,MOL_003164,5
2828,MOL_003183,5
2829,MOL_003227,1
2830,MOL_003229,4
2831,MOL_003226,3
2832,MOL_003228,2
2833,MOL_003232,1
2834,MOL_000185,5
2835,MOL_000689,4
2836,MOL_002790,5
2837,MOL_002820,5
2838,MOL_002906,2
2839,MOL_001170,4
2840,MOL_001170,4
2841,MOL_002648,1
2842,MOL_001998,2
2843,MOL_001998,2
2844,MOL_002485,5
2845,MOL_002393,1
2846,MOL_002193,1
2847,MOL_002403,1
2848,MOL_002482,2
2849,MOL_002391,4
2850,MOL_001965,5
2851,MOL_002824,5
2852,MOL_002670,5
2853,MOL_002817,2
2854,MOL_000451,4
2855,MOL_002065,2
2856,MOL_002496,3
2857,MOL_002089,2
2858,MOL_002497,4
2859,MOL_002657,5
2860,MOL_002657,5
2861,MOL_002811,1
2862,MOL_002811,1
2863,MOL_002846,4
2864,MOL_002846,4
2865,MOL_002846,4
2866,MOL_002831,1
2867,MOL_001243,5
2868,MOL_001240,4
2869,MOL_002228,3
2870,MOL_002228,3
2871,MOL_002228,3
2872,MOL_002849,4
2873,MOL_002849,4
2874,MOL_002849,4
2875,MOL_002849,4
2876,MOL_003841,3
2877,MOL_002814,4
2878,MOL_002050,2
2879,MOL_002050,2
2880,MOL_002050,2
2881,MOL_003856,4
2882,MOL_002392,5
2883,MOL_002392,5
2884,MOL_002404,2
2885,MOL_002876,1
2886,MOL_001978,4
2887,MOL_001966,3
2888,MOL_001966,3
2889,MOL_001966,3
2890,MOL_002287,1
2891,MOL_003336,1
2892,MOL_002052,2
2893,MOL_002069,4
2894,MOL_002069,4
2895,MOL_002273,5
2896,MOL_002273,5
2897,MOL_002273,5
2898,MOL_002842,5
2899,MOL_002186,1
2900,MOL_002186,1
2901,MOL_002484,4
2902,MOL_002040,5
2903,MOL_002040,5
2904,MOL_002918,1
2905,MOL_002405,3
2906,MOL_002405,3
2907,MOL_002256,5
2908,MOL_002147,2
2909,MOL_002056,2
2910,MOL_002056,2
2911,MOL_002490,2
2912,MOL_002401,3
2913,MOL_003632,5
2914,MOL_002056,2
2915,MOL_002490,2
2916,MOL_002413,5
2917,MOL_002413,5
2918,MOL_001979,2
2919,MOL_002225,4
2920,MOL_002855,1
2921,MOL_002928,1
2922,MOL_002903,1
2923,MOL_002934,5
2924,MOL_002795,5
2925,MOL_002912,3
2926,MOL_002955,2
2927,MOL_002148,3
2928,MOL_002148,3
2929,MOL_002148,3
2930,MOL_002148,3
2931,MOL_002148,3
2932,MOL_002058,5
2933,MOL_002058,5
2934,MOL_002058,5
2935,MOL_002058,5
2936,MOL_002503,2
2937,MOL_002503,2
2938,MOL_002503,2
2939,MOL_002492,2
2940,MOL_002402,5
2941,MOL_002245,5
2942,MOL_003633,1
2943,MOL_003633,1
2944,MOL_003641,5
2945,MOL_003720,3
2946,MOL_002815,5
2947,MOL_002532,1
2948,MOL_000183,3
2949,MOL_003428,1
2950,MOL_003428,1
2951,MOL_003428,1
2952,MOL_003428,1
2953,MOL_003428,1
2954,MOL_003428,1
2955,MOL_003428,1
2956,MOL_003428,1
2957,MOL_003428,1
2958,MOL_003428,1
2959,MOL_003428,1
2960,MOL_003428,1
2961,MOL_003428,1
2962,MOL_003428,1
2963,MOL_003428,1
2964,MOL_003428,1
2965,MOL_003428,1
2966,MOL_003428,1
2967,MOL_003428,1
2968,MOL_003495,1
2969,MOL_003495,1
2970,MOL_003394,5
2971,MOL_003394,5
2972,MOL_003394,5
2973,MOL_003394,5
2974,MOL_003394,5
2975,MOL_003394,5
2976,MOL_003394,5
2977,MOL_003556,3
2978,MOL_003556,3
2979,MOL_003425,4
2980,MOL_003584,1
2981,MOL_003552,1
2982,MOL_003634,2
2983,MOL_002900,4
2984,MOL_002898,2
2985,MOL_002791,2
2986,MOL_002821,1
2987,MOL_001252,4
2988,MOL_001252,4
2989,MOL_001255,1
2990,MOL_001652,2
2991,MOL_001652,2
2992,MOL_001652,2
2993,MOL_001991,3
2994,MOL_001991,3
2995,MOL_002282,4
2996,MOL_002282,4
2997,MOL_002640,1
2998,MOL_002640,1
2999,MOL_002639,3
3000,MOL_002639,3
3001,MOL_001816,5
3002,MOL_002686,1
3003,MOL_002288,3
3004,MOL_003589,4
3005,MOL_003446,3
3006,MOL_003407,2
3007,MOL_003380,1
3008,MOL_003465,1
3009,MOL_002889,4
3010,MOL_002451,4
3011,MOL_003381,3
3012,MOL_003408,3
3013,MOL_003447,1
3014,MOL_003482,3
3015,MOL_003523,3
3016,MOL_003527,2
3017,MOL_003527,2
3018,MOL_003471,5
3019,MOL_003756,1
3020,MOL_003763,5
3021,MOL_003763,5
3022,MOL_003758,5
3023,MOL_002044,2
3024,MOL_003439,5
3025,MOL_003440,1
3026,MOL_003434,1
3027,MOL_003433,5
3028,MOL_003387,3
3029,MOL_003854,2
3030,MOL_003869,2
3031,MOL_002493,1
3032,MOL_003498,5
3033,MOL_003498,5
3034,MOL_003382,4
3035,MOL_003409,4
3036,MOL_003448,2
3037,MOL_003554,5
3038,MOL_003554,5
3039,MOL_003502,5
3040,MOL_003558,4
3041,MOL_003519,2
3042,MOL_003539,1
3043,MOL_003539,1
3044,MOL_003519,2
3045,MOL_003517,5
3046,MOL_002837,1
3047,MOL_002835,4
3048,MOL_003531,2
3049,MOL_003625,1
3050,MOL_003622,2
3051,MOL_003622,2
3052,MOL_003619,3
3053,MOL_003870,3
3054,MOL_003870,3
3055,MOL_003870,3
3056,MOL_003870,3
3057,MOL_003870,3
3058,MOL_003870,3
3059,MOL_003870,3
3060,MOL_003870,3
3061,MOL_003870,3
3062,MOL_003870,3
3063,MOL_003878,1
3064,MOL_003877,4
3065,MOL_003877,4
3066,MOL_003874,2
3067,MOL_003874,2
3068,MOL_003871,4
3069,MOL_003871,4
3070,MOL_003871,4
3071,MOL_003871,4
3072,MOL_003875,4
3073,MOL_003561,2
3074,MOL_003561,2
3075,MOL_003561,2
3076,MOL_003561,2
3077,MOL_003563,4
3078,MOL_003563,4
3079,MOL_003563,4
3080,MOL_003563,4
3081,MOL_003563,4
3082,MOL_003563,4
3083,MOL_003574,4
3084,MOL_003574,4
3085,MOL_003574,4
3086,MOL_003569,5
3087,MOL_003569,5
3088,MOL_003569,5
3089,MOL_003569,5
3090,MOL_003549,4
3091,MOL_003559,5
3092,MOL_003560,1
3093,MOL_002883,1
3094,MOL_003384,2
3095,MOL_003470,4
3096,MOL_003842,4
3097,MOL_003857,3
3098,MOL_003876,3
3099,MOL_003876,3
3100,MOL_003879,5
3101,MOL_003879,5
3102,MOL_003879,5
3103,MOL_003879,5
3104,MOL_003879,5
3105,MOL_003846,4
3106,MOL_003885,5
3107,MOL_003885,5
3108,MOL_003886,1
3109,MOL_003885,5
3110,MOL_003154,1
3111,MOL_003151,5
3112,MOL_003891,3
3113,MOL_003786,5
3114,MOL_003153,4
3115,MOL_000253,3
3116,MOL_000067,4
3117,MOL_000662,1
3118,MOL_003163,4
3119,MOL_003420,5
3120,MOL_000441,5
3121,MOL_000243,3
3122,MOL_000243,3
3123,MOL_000244,4
3124,MOL_000375,5
3125,MOL_000377,2
3126,MOL_000377,2
3127,MOL_000256,2
3128,MOL_000674,5
3129,MOL_000337,3
3130,MOL_000522,5
3131,MOL_000522,5
3132,MOL_000522,5
3133,MOL_000516,4
3134,MOL_000516,4
3135,MOL_003760,5
3136,MOL_000754,1
3137,MOL_000437,2
3138,MOL_000436,4
3139,MOL_002086,3
3140,MOL_002090,3
3141,MOL_002080,2
3142,MOL_001999,3
3143,MOL_003859,3
3144,MOL_000400,3
3145,MOL_001239,3
3146,MOL_001241,2
3147,MOL_002227,5
3148,MOL_002227,5
3149,MOL_001413,2
3150,MOL_001009,2
3151,MOL_000527,5
3152,MOL_003400,5
3153,MOL_003477,1
3154,MOL_003529,5
3155,MOL_002418,1
3156,MOL_002270,5
3157,MOL_001440,2
3158,MOL_001439,2
3159,MOL_002502,4
3160,MOL_002502,4
3161,MOL_002146,1
3162,MOL_002146,1
3163,MOL_002057,4
3164,MOL_002491,3
3165,MOL_000517,3
3166,MOL_002407,4
3167,MOL_002003,2
3168,MOL_002099,2
3169,MOL_002669,1
3170,MOL_002649,2
3171,MOL_003512,1
3172,MOL_002305,5
3173,MOL_001983,1
3174,MOL_002076,1
3175,MOL_002095,2
3176,MOL_002097,1
3177,MOL_001701,4
3178,MOL_001701,4
3179,MOL_002633,1
3180,MOL_001962,4
3181,MOL_001632,2
3182,MOL_001632,2
3183,MOL_001632,2
3184,MOL_001632,2
3185,MOL_001632,2
3186,MOL_001632,2
3187,MOL_001632,2
3188,MOL_001632,2
3189,MOL_001632,2
3190,MOL_001632,2
3191,MOL_001632,2
3192,MOL_001632,2
3193,MOL_001632,2
3194,MOL_002635,3
3195,MOL_002635,3
3196,MOL_002635,3
3197,MOL_002635,3
3198,MOL_002283,5
3199,MOL_002283,5
3200,MOL_001619,4
3201,MOL_001619,4
3202,MOL_003784,2
3203,MOL_003606,3
3204,MOL_002789,3
3205,MOL_000439,3
3206,MOL_002093,3
3207,MOL_002074,3
3208,MOL_002082,1
3209,MOL_001986,1
3210,MOL_002001,5
3211,MOL_002118,1
3212,MOL_002118,1
3213,MOL_002118,1
3214,MOL_002118,1
3215,MOL_002118,1
3216,MOL_002118,1
3217,MOL_001513,2
3218,MOL_002265,1
3219,MOL_001688,5
3220,MOL_002033,3
3221,MOL_002038,3
3222,MOL_002257,2
3223,MOL_002036,2
3224,MOL_002123,2
3225,MOL_002668,4
3226,MOL_001679,1
3227,MOL_001997,1
3228,MOL_002182,3
3229,MOL_001968,4
3230,MOL_002126,5
3231,MOL_002059,3
3232,MOL_000186,1
3233,MOL_001267,4
3234,MOL_003393,4
3235,MOL_003393,4
3236,MOL_003393,4
3237,MOL_003393,4
3238,MOL_003393,4
3239,MOL_003393,4
3240,MOL_003393,4
3241,MOL_003393,4
3242,MOL_003393,4
3243,MOL_003393,4
3244,MOL_003393,4
3245,MOL_003393,4
3246,MOL_003393,4
3247,MOL_003393,4
3248,MOL_003393,4
3249,MOL_003393,4
3250,MOL_003476,5
3251,MOL_003476,5
3252,MOL_003476,5
3253,MOL_003476,5
3254,MOL_003476,5
3255,MOL_003476,5
3256,MOL_003390,2
3257,MOL_003390,2
3258,MOL_003390,2
3259,MOL_003390,2
3260,MOL_003390,2
3261,MOL_003390,2
3262,MOL_003390,2
3263,MOL_003390,2
3264,MOL_003474,2
3265,MOL_003397,2
3266,MOL_002278,4
3267,MOL_002271,3
3268,MOL_001960,2
3269,MOL_002064,4
3270,MOL_002111,3
3271,MOL_002111,3
3272,MOL_002111,3
3273,MOL_002111,3
3274,MOL_002111,3
3275,MOL_001552,5
3276,MOL_002023,5
3277,MOL_002023,5
3278,MOL_002023,5
3279,MOL_002023,5
3280,MOL_002279,1
3281,MOL_001992,2
3282,MOL_001992,2
3283,MOL_001659,3
3284,MOL_001651,1
3285,MOL_002263,2
3286,MOL_001817,3
3287,MOL_002284,5
3288,MOL_002284,5
3289,MOL_003592,5
3290,MOL_003593,1
3291,MOL_003411,3
3292,MOL_002850,1
3293,MOL_002683,3
3294,MOL_002684,2
3295,MOL_001251,3
3296,MOL_002673,2
3297,MOL_003401,1
3298,MOL_003522,1
3299,MOL_002810,5
3300,MOL_002925,4
3301,MOL_002925,4
3302,MOL_002809,2
3303,MOL_002962,1
3304,MOL_002902,5
3305,MOL_002973,4
3306,MOL_002845,2
3307,MOL_002872,4
3308,MOL_001272,5
3309,MOL_001271,3
3310,MOL_003385,5
3311,MOL_003555,4
3312,MOL_003479,3
3313,MOL_003479,3
3314,MOL_003479,3
3315,MOL_003402,1
3316,MOL_003402,1
3317,MOL_003497,2
3318,MOL_003497,2
3319,MOL_003488,3
3320,MOL_003488,3
3321,MOL_003413,1
3322,MOL_003413,1
3323,MOL_003413,1
3324,MOL_003494,3
3325,MOL_003543,5
3326,MOL_003513,2
3327,MOL_003515,4
3328,MOL_003537,4
3329,MOL_003544,3
3330,MOL_002149,5
3331,MOL_003438,4
3332,MOL_003576,1
3333,MOL_002398,2
3334,MOL_003751,1
3335,MOL_002701,5
3336,MOL_002927,2
3337,MOL_003113,1
3338,MOL_003113,1
3339,MOL_003113,1
3340,MOL_003113,1
3341,MOL_003113,1
3342,MOL_003116,2
3343,MOL_003123,3
3344,MOL_003125,1
3345,MOL_003121,5
3346,MOL_003117,3
3347,MOL_003129,2
3348,MOL_003624,2
3349,MOL_003620,1
3350,MOL_003621,4
3351,MOL_001250,3
3352,MOL_000254,4
3353,MOL_000250,5
3354,MOL_003562,3
3355,MOL_003114,4
3356,MOL_003114,4
3357,MOL_003114,4
3358,MOL_003114,4
3359,MOL_003122,2
3360,MOL_003119,5
3361,MOL_003124,4
3362,MOL_003058,2
3363,MOL_003058,2
3364,MOL_003055,3
3365,MOL_003055,3
3366,MOL_003055,3
3367,MOL_003060,3
3368,MOL_003060,3
3369,MOL_003052,5
3370,MOL_003118,4
3371,MOL_000371,1
3372,MOL_000518,1
3373,MOL_000518,1
3374,MOL_000788,3
3375,MOL_003063,1
3376,MOL_003068,2
3377,MOL_003063,1
3378,MOL_003061,4
3379,MOL_003115,3
3380,MOL_003149,1
3381,MOL_003750,3
3382,MOL_003755,4
3383,MOL_001412,1
3384,MOL_000519,2
3385,MOL_000664,3
3386,MOL_000524,1
3387,MOL_003056,4
3388,MOL_000247,1
3389,MOL_000526,3
3390,MOL_000526,3
3391,MOL_001127,3
3392,MOL_002234,1
3393,MOL_002608,1
3394,MOL_003320,3
3395,MOL_001427,4
3396,MOL_000424,4
3397,MOL_001414,3
3398,MOL_000423,5
3399,MOL_001581,2
3400,MOL_001698,2
3401,MOL_001878,4
3402,MOL_002395,3
3403,MOL_002087,1
3404,MOL_002094,1
3405,MOL_002071,4
3406,MOL_002075,5
3407,MOL_002084,4
3408,MOL_003585,5
3409,MOL_001982,5
3410,MOL_001130,1
3411,MOL_001129,5
3412,MOL_000373,2
3413,MOL_002051,5
3414,MOL_001823,5
3415,MOL_002306,3
3416,MOL_001826,3
3417,MOL_003601,1
3418,MOL_003601,1
3419,MOL_003603,2
3420,MOL_003600,1
3421,MOL_003602,4
3422,MOL_002119,3
3423,MOL_001761,4
3424,MOL_001689,4
3425,MOL_002624,2
3426,MOL_001964,2
3427,MOL_001635,3
3428,MOL_001467,5
3429,MOL_001680,5
3430,MOL_001680,5
3431,MOL_002384,1
3432,MOL_001700,3
3433,MOL_001967,4
3434,MOL_001463,2
3435,MOL_002034,3
3436,MOL_002135,5
3437,MOL_002386,4
3438,MOL_001879,1
3439,MOL_001772,2
3440,MOL_001774,5
3441,MOL_000206,1
3442,MOL_003799,2
3443,MOL_003799,2
3444,MOL_003799,2
3445,MOL_003799,2
3446,MOL_003799,2
3447,MOL_003799,2
3448,MOL_003800,2
3449,MOL_003805,4
3450,MOL_001532,1
3451,MOL_002049,4
3452,MOL_001927,5
3453,MOL_001927,5
3454,MOL_001927,5
3455,MOL_001626,5
3456,MOL_001626,5
3457,MOL_001626,5
3458,MOL_001626,5
3459,MOL_001626,5
3460,MOL_001626,5
3461,MOL_001626,5
3462,MOL_001626,5
3463,MOL_001626,5
3464,MOL_001626,5
3465,MOL_001626,5
3466,MOL_001626,5
3467,MOL_001626,5
3468,MOL_001633,1
3469,MOL_002636,5
3470,MOL_002131,3
3471,MOL_001541,3
3472,MOL_001650,4
3473,MOL_002045,4
3474,MOL_002280,3
3475,MOL_002634,2
3476,MOL_001550,3
3477,MOL_001818,5
3478,MOL_001531,3
3479,MOL_002032,2
3480,MOL_002032,2
3481,MOL_002032,2
3482,MOL_002026,3
3483,MOL_002026,3
3484,MOL_002026,3
3485,MOL_002117,4
3486,MOL_002117,4
3487,MOL_002112,1
3488,MOL_002112,1
3489,MOL_001987,1
3490,MOL_001987,1
3491,MOL_001733,3
3492,MOL_001595,2
3493,MOL_001636,1
3494,MOL_001972,5
3495,MOL_001973,5
3496,MOL_002281,2
3497,MOL_001684,5
3498,MOL_001970,1
3499,MOL_001596,5
3500,MOL_001676,1
3501,MOL_001993,1
3502,MOL_002299,5
3503,MOL_001848,2
3504,MOL_002298,3
3505,MOL_003807,1
3506,MOL_003801,3
3507,MOL_000438,1
3508,MOL_002092,4
3509,MOL_002070,3
3510,MOL_002073,1
3511,MOL_002081,3
3512,MOL_003802,4
3513,MOL_003802,4
3514,MOL_003802,4
3515,MOL_003804,1
3516,MOL_003804,1
3517,MOL_003804,1
3518,MOL_003802,4
3519,MOL_002145,3
3520,MOL_002292,5
3521,MOL_002506,2
3522,MOL_002506,2
3523,MOL_002611,2
3524,MOL_000046,4
3525,MOL_000046,4
3526,MOL_000046,4
3527,MOL_000046,4
3528,MOL_000026,2
3529,MOL_000026,2
3530,MOL_000026,2
3531,MOL_000026,2
3532,MOL_000032,2
3533,MOL_000032,2
3534,MOL_000032,2
3535,MOL_000038,1
3536,MOL_000038,1
3537,MOL_000038,1
3538,MOL_000034,4
3539,MOL_000037,4
3540,MOL_000037,4
3541,MOL_000037,4
3542,MOL_000042,4
3543,MOL_000042,4
3544,MOL_000042,4
3545,MOL_000041,4
3546,MOL_000041,4
3547,MOL_003389,4
3548,MOL_003389,4
3549,MOL_003389,4
3550,MOL_003389,4
3551,MOL_003389,4
3552,MOL_003389,4
3553,MOL_003389,4
3554,MOL_003367,1
3555,MOL_003367,1
3556,MOL_003396,4
3557,MOL_003396,4
3558,MOL_003369,2
3559,MOL_003368,3
3560,MOL_001738,4
3561,MOL_002024,2
3562,MOL_001809,3
3563,MOL_002164,3
3564,MOL_002164,3
3565,MOL_002177,5
3566,MOL_003803,5
3567,MOL_002415,5
3568,MOL_002858,2
3569,MOL_002929,3
3570,MOL_000366,1
3571,MOL_000366,1
3572,MOL_002675,4
3573,MOL_002646,1
3574,MOL_001956,2
3575,MOL_000052,1
3576,MOL_000027,2
3577,MOL_000033,3
3578,MOL_000054,3
3579,MOL_000039,2
3580,MOL_000040,3
3581,MOL_000040,3
3582,MOL_000028,3
3583,MOL_000028,3
3584,MOL_000028,3
3585,MOL_000028,3
3586,MOL_000028,3
3587,MOL_000047,3
3588,MOL_000047,3
3589,MOL_000047,3
3590,MOL_000050,3
3591,MOL_000050,3
3592,MOL_000043,4
3593,MOL_000043,4
3594,MOL_002501,5
3595,MOL_002055,4
3596,MOL_002235,4
3597,MOL_000048,2
3598,MOL_000048,2
3599,MOL_000048,2
3600,MOL_000051,5
3601,MOL_000051,5
3602,MOL_000051,5
3603,MOL_000029,4
3604,MOL_000029,4
3605,MOL_000035,5
3606,MOL_000035,5
3607,MOL_000035,5
3608,MOL_000029,4
3609,MOL_003588,5
3610,MOL_003445,4
3611,MOL_003464,4
3612,MOL_003485,2
3613,MOL_003403,2
3614,MOL_003435,2
3615,MOL_002060,5
3616,MOL_002165,5
3617,MOL_000521,3
3618,MOL_000036,5
3619,MOL_000030,5
3620,MOL_002882,3
3621,MOL_003873,1
3622,MOL_003873,1
3623,MOL_003378,5
3624,MOL_002181,2
3625,MOL_001902,4
3626,MOL_002416,2
3627,MOL_003070,2
3628,MOL_003535,3
3629,MOL_002801,3
3630,MOL_000255,1
3631,MOL_000248,3
3632,MOL_003520,3
3633,MOL_003623,5
3634,MOL_001793,3
3635,MOL_002969,3
3636,MOL_002969,3
3637,MOL_000434,2
3638,MOL_000432,3
3639,MOL_001126,2
3640,MOL_002091,5
3641,MOL_000494,4
3642,MOL_000493,1
3643,MOL_000798,3
3644,MOL_000440,4
3645,MOL_003757,2
3646,MOL_003773,3
3647,MOL_001347,1
3648,MOL_001128,4
3649,MOL_001876,2
3650,MOL_001088,3
3651,MOL_003785,3
3652,MOL_003754,5
3653,MOL_003749,3
3654,MOL_003161,2
3655,MOL_003194,5
3656,MOL_002629,2
3657,MOL_002627,2
3658,MOL_001562,5
3659,MOL_001963,1
3660,MOL_003319,2
3661,MOL_001599,3
3662,MOL_003314,1
3663,MOL_003468,3
3664,MOL_003468,3
3665,MOL_001508,5
3666,MOL_002285,1
3667,MOL_001691,4
3668,MOL_003372,1
3669,MOL_003372,1
3670,MOL_003460,3
3671,MOL_003460,3
3672,MOL_003231,4
3673,MOL_003231,4
3674,MOL_003416,2
3675,MOL_000348,1
3676,MOL_000348,1
3677,MOL_002881,5
3678,MOL_000372,4
3679,MOL_000520,4
3680,MOL_003451,5
3681,MOL_003605,5
3682,MOL_002623,5
3683,MOL_002623,5
3684,MOL_002623,5
3685,MOL_001643,5
3686,MOL_001593,1
3687,MOL_001593,1
3688,MOL_002625,4
3689,MOL_001931,3
3690,MOL_001931,3
3691,MOL_001760,3
3692,MOL_001762,5
3693,MOL_002286,2
3694,MOL_001647,3
3695,MOL_002114,4
3696,MOL_002114,4
3697,MOL_001770,1
3698,MOL_001614,5
3699,MOL_001778,5
3700,MOL_002626,1
3701,MOL_001819,1
3702,MOL_001807,3
3703,MOL_001512,3
3704,MOL_001594,2
3705,MOL_002495,4
3706,MOL_001753,3
3707,MOL_001702,4
3708,MOL_001875,3
3709,MOL_001877,3
3710,MOL_002255,4
3711,MOL_002264,5
3712,MOL_001506,2
3713,MOL_001995,1
3714,MOL_001773,4
3715,MOL_003461,1
3716,MOL_003373,2
3717,MOL_003783,4
3718,MOL_003782,3
3719,MOL_001903,3
3720,MOL_002505,4
3721,MOL_002505,4
3722,MOL_002143,4
3723,MOL_002139,2
3724,MOL_002291,2
3725,MOL_002610,5
3726,MOL_003524,4
3727,MOL_003375,3
3728,MOL_003462,2
3729,MOL_003405,3
3730,MOL_003443,2
3731,MOL_003526,4
3732,MOL_002827,2
3733,MOL_001929,1
3734,MOL_001929,1
3735,MOL_001929,1
3736,MOL_001708,5
3737,MOL_002127,1
3738,MOL_002127,1
3739,MOL_002108,2
3740,MOL_002108,2
3741,MOL_002022,4
3742,MOL_002022,4
3743,MOL_001616,1
3744,MOL_001615,1
3745,MOL_001630,5
3746,MOL_001540,5
3747,MOL_001627,1
3748,MOL_001925,4
3749,MOL_001621,3
3750,MOL_002061,3
3751,MOL_001551,4
3752,MOL_001542,2
3753,MOL_001649,4
3754,MOL_002025,1
3755,MOL_002025,1
3756,MOL_002025,1
3757,MOL_001608,3
3758,MOL_002103,5
3759,MOL_002103,5
3760,MOL_001971,2
3761,MOL_001971,2
3762,MOL_002027,5
3763,MOL_002113,5
3764,MOL_001731,2
3765,MOL_001847,4
3766,MOL_001682,2
3767,MOL_001677,4
3768,MOL_001815,2
3769,MOL_001741,1
3770,MOL_001990,4
3771,MOL_001980,3
3772,MOL_002172,1
3773,MOL_002176,1
3774,MOL_002153,2
3775,MOL_002153,2
3776,MOL_002158,4
3777,MOL_002323,2
3778,MOL_002160,5
3779,MOL_002088,4
3780,MOL_002319,1
3781,MOL_002085,4
3782,MOL_000356,2
3783,MOL_000356,2
3784,MOL_000367,2
3785,MOL_000362,4
3786,MOL_000362,4
3787,MOL_000340,2
3788,MOL_000341,1
3789,MOL_003430,2
3790,MOL_003430,2
3791,MOL_003463,3
3792,MOL_003463,3
3793,MOL_003376,4
3794,MOL_003480,4
3795,MOL_003406,1
3796,MOL_003444,3
3797,MOL_003538,5
3798,MOL_003360,4
3799,MOL_003361,1
3800,MOL_003568,3
3801,MOL_003568,3
3802,MOL_003568,3
3803,MOL_003568,3
3804,MOL_003568,3
3805,MOL_003573,3
3806,MOL_003573,3
3807,MOL_003573,3
3808,MOL_003548,2
3809,MOL_003548,2
3810,MOL_000016,4
3811,MOL_003582,3
3812,MOL_002010,4
3813,MOL_001952,4
3814,MOL_002328,5
3815,MOL_002332,4
3816,MOL_002138,4
3817,MOL_003180,2
3818,MOL_003168,5
3819,MOL_000031,1
3820,MOL_000031,1
3821,MOL_002155,3
3822,MOL_000359,4
3823,MOL_000359,4
3824,MOL_000368,3
3825,MOL_000368,3
3826,MOL_000363,1
3827,MOL_000363,1
3828,MOL_000711,3
3829,MOL_001855,2
3830,MOL_001256,2
3831,MOL_002192,3
3832,MOL_000452,5
3833,MOL_000724,2
3834,MOL_003437,4
3835,MOL_003379,2
3836,MOL_001860,1
3837,MOL_000709,5
3838,MOL_000433,5
3839,MOL_000431,3
3840,MOL_003536,1
3841,MOL_003536,1
3842,MOL_002004,3
3843,MOL_000471,1
3844,MOL_000072,5
3845,MOL_001969,3
3846,MOL_000065,3
3847,MOL_001867,1
3848,MOL_002066,2
3849,MOL_002066,2
3850,MOL_000442,1
3851,MOL_000647,2
3852,MOL_000647,2
3853,MOL_000614,2
3854,MOL_000614,2
3855,MOL_000614,2
3856,MOL_000651,5
3857,MOL_003217,1
3858,MOL_000480,2
3859,MOL_000480,2
3860,MOL_000475,4
3861,MOL_000181,1
3862,MOL_001515,5
3863,MOL_001692,2
3864,MOL_001510,1
3865,MOL_001425,1
3866,MOL_001415,4
3867,MOL_001411,3
3868,MOL_000429,4
3869,MOL_001666,5
3870,MOL_002191,2
3871,MOL_001748,1
3872,MOL_003752,2
3873,MOL_002533,3
3874,MOL_002226,2
3875,MOL_001744,2
3876,MOL_001728,3
3877,MOL_003415,5
3878,MOL_000252,2
3879,MOL_000249,5
3880,MOL_000204,3
3881,MOL_002628,3
3882,MOL_003317,5
3883,MOL_001913,1
3884,MOL_001387,2
3885,MOL_001387,2
3886,MOL_001779,4
3887,MOL_001779,4
3888,MOL_001516,4
3889,MOL_002132,5
3890,MOL_002062,1
3891,MOL_001943,5
3892,MOL_001943,5
3893,MOL_001943,5
3894,MOL_001517,1
3895,MOL_002188,3
3896,MOL_001665,4
3897,MOL_002039,4
3898,MOL_001904,5
3899,MOL_001670,1
3900,MOL_001905,3
3901,MOL_002136,3
3902,MOL_001671,3
3903,MOL_001507,1
3904,MOL_002013,5
3905,MOL_002013,5
3906,MOL_001089,2
3907,MOL_003591,3
3908,MOL_003581,5
3909,MOL_003581,5
3910,MOL_003580,4
3911,MOL_003580,4
3912,MOL_002698,5
3913,MOL_003855,4
3914,MOL_003840,1
3915,MOL_003481,5
3916,MOL_003481,5
3917,MOL_000374,3
3918,MOL_001370,2
3919,MOL_003566,1
3920,MOL_003410,5
3921,MOL_001625,5
3922,MOL_002622,4
3923,MOL_001769,5
3924,MOL_001769,5
3925,MOL_001631,4
3926,MOL_002621,3
3927,MOL_001624,4
3928,MOL_001644,4
3929,MOL_001712,5
3930,MOL_002276,2
3931,MOL_001605,4
3932,MOL_001617,2
3933,MOL_001549,2
3934,MOL_001705,2
3935,MOL_001759,2
3936,MOL_001646,2
3937,MOL_001754,1
3938,MOL_002254,3
3939,MOL_001465,4
3940,MOL_002028,5
3941,MOL_001683,4
3942,MOL_001974,5
3943,MOL_001448,4
3944,MOL_001732,5
3945,MOL_001678,2
3946,MOL_001729,5
3947,MOL_002104,1
3948,MOL_001648,5
3949,MOL_001746,4
3950,MOL_003823,4
3951,MOL_002150,4
3952,MOL_001874,2
3953,MOL_001249,4
3954,MOL_001249,4
3955,MOL_001254,3
3956,MOL_002674,3
3957,MOL_002672,3
3958,MOL_001263,3
3959,MOL_001911,2
3960,MOL_003824,2
3961,MOL_002144,5
3962,MOL_002142,3
3963,MOL_002141,2
3964,MOL_002137,5
3965,MOL_002412,3
3966,MOL_002293,3
3967,MOL_001270,4
3968,MOL_001538,3
3969,MOL_001926,2
3970,MOL_001539,4
3971,MOL_001546,5
3972,MOL_001611,1
3973,MOL_001811,5
3974,MOL_001814,1
3975,MOL_001543,1
3976,MOL_002414,4
3977,MOL_002157,5
3978,MOL_002157,5
3979,MOL_002162,2
3980,MOL_002162,2
3981,MOL_002163,3
3982,MOL_002163,3
3983,MOL_002159,2
3984,MOL_002169,4
3985,MOL_002169,4
3986,MOL_003436,3
3987,MOL_003377,4
3988,MOL_001856,5
3989,MOL_001859,1
3990,MOL_001858,3
3991,MOL_002679,4
3992,MOL_002140,1
3993,MOL_000701,3
3994,MOL_000701,3
3995,MOL_000701,3
3996,MOL_000714,3
3997,MOL_000133,1
3998,MOL_001854,1
3999,MOL_000712,5
4000,MOL_002303,2
4001,MOL_001169,3
4002,MOL_002173,3
4003,MOL_002154,1
4004,MOL_002161,1
4005,MOL_002658,3
4006,MOL_000357,1
4007,MOL_000357,1
4008,MOL_000343,4
4009,MOL_000343,4
4010,MOL_002658,3
4011,MOL_003542,4
4012,MOL_000609,5
4013,MOL_000715,1
4014,MOL_000615,3
4015,MOL_000604,4
4016,MOL_000604,4
4017,MOL_000584,5
4018,MOL_000707,1
4019,MOL_000657,2
4020,MOL_000713,2
4021,MOL_000534,1
4022,MOL_000708,1
4023,MOL_000654,3
4024,MOL_001416,5
4025,MOL_003078,3
4026,MOL_003078,3
4027,MOL_002875,3
4028,MOL_003670,1
4029,MOL_000421,2
4030,MOL_001985,2
4031,MOL_002018,1
4032,MOL_002079,4
4033,MOL_000737,3
4034,MOL_000230,1
4035,MOL_000230,1
4036,MOL_000656,1
4037,MOL_000621,4
4038,MOL_000717,5
4039,MOL_001090,5
4040,MOL_000719,2
4041,MOL_003478,2
4042,MOL_003872,1
4043,MOL_000196,5
4044,MOL_000192,1
4045,MOL_000189,4
4046,MOL_000188,2
4047,MOL_003532,3
4048,MOL_001509,3
4049,MOL_001394,5
4050,MOL_001423,2
4051,MOL_002481,1
4052,MOL_001518,3
4053,MOL_001938,4
4054,MOL_000542,4
4055,MOL_000542,4
4056,MOL_003586,2
4057,MOL_000478,2
4058,MOL_002046,1
4059,MOL_002129,4
4060,MOL_002047,2
4061,MOL_001113,5
4062,MOL_001359,4
4063,MOL_001360,5
4064,MOL_002167,1
4065,MOL_002167,1
4066,MOL_002878,3
4067,MOL_002888,2
4068,MOL_003316,5
4069,MOL_003318,1
4070,MOL_001504,2
4071,MOL_003147,5
4072,MOL_003148,4
4073,MOL_001628,3
4074,MOL_001743,4
4075,MOL_001912,5
4076,MOL_002115,1
4077,MOL_001618,3
4078,MOL_002277,3
4079,MOL_002277,3
4080,MOL_001957,4
4081,MOL_001668,2
4082,MOL_002030,1
4083,MOL_002388,1
4084,MOL_002390,3
4085,MOL_001942,4
4086,MOL_001975,1
4087,MOL_001456,1
4088,MOL_001466,4
4089,MOL_001461,5
4090,MOL_002083,5
4091,MOL_001996,5
4092,MOL_001989,3
4093,MOL_003541,3
4094,MOL_000523,4
4095,MOL_000353,5
4096,MOL_002680,1
4097,MOL_001248,2
4098,MOL_001242,3
4099,MOL_000201,3
4100,MOL_003775,3
4101,MOL_001768,4
4102,MOL_001662,1
4103,MOL_001950,5
4104,MOL_001720,3
4105,MOL_001547,2
4106,MOL_001537,2
4107,MOL_001735,1
4108,MOL_001735,1
4109,MOL_001749,2
4110,MOL_001749,2
4111,MOL_002107,1
4112,MOL_001739,3
4113,MOL_001145,2
4114,MOL_000360,3
4115,MOL_000364,2
4116,MOL_001361,1
4117,MOL_000347,3
4118,MOL_000347,3
4119,MOL_001274,2
4120,MOL_002175,4
4121,MOL_000725,5
4122,MOL_003484,1
4123,MOL_001275,1
4124,MOL_003204,2
4125,MOL_000753,3
4126,MOL_000091,5
4127,MOL_001784,5
4128,MOL_001784,5
4129,MOL_000705,4
4130,MOL_000131,4
4131,MOL_001857,5
4132,MOL_003806,2
4133,MOL_000399,1
4134,MOL_003887,4
4135,MOL_002833,2
4136,MOL_003613,5
4137,MOL_000700,1
4138,MOL_000703,4
4139,MOL_000710,2
4140,MOL_000545,1
4141,MOL_000546,2
4142,MOL_000728,4
4143,MOL_001640,1
4144,MOL_002014,2
4145,MOL_002302,4
4146,MOL_002302,4
4147,MOL_001638,5
4148,MOL_001798,5
4149,MOL_001798,5
4150,MOL_001798,5
4151,MOL_000585,1
4152,MOL_001961,3
4153,MOL_001803,3
4154,MOL_001803,3
4155,MOL_002296,1
4156,MOL_003458,5
4157,MOL_003370,4
4158,MOL_000365,4
4159,MOL_000352,4
4160,MOL_000352,4
4161,MOL_001244,1
4162,MOL_001693,1
4163,MOL_003144,3
4164,MOL_001330,5
4165,MOL_000419,4
4166,MOL_000602,3
4167,MOL_000602,3
4168,MOL_000602,3
4169,MOL_000602,3
4170,MOL_000602,3
4171,MOL_000602,3
4172,MOL_000637,4
4173,MOL_000600,1
4174,MOL_000605,1
4175,MOL_000616,5
4176,MOL_000616,5
4177,MOL_000616,5
4178,MOL_000616,5
4179,MOL_000538,5
4180,MOL_000730,2
4181,MOL_000215,2
4182,MOL_002067,5
4183,MOL_002067,5
4184,MOL_000733,4
4185,MOL_000720,4
4186,MOL_000081,3
4187,MOL_000075,4
4188,MOL_000123,2
4189,MOL_000597,4
4190,MOL_000716,4
4191,MOL_000727,3
4192,MOL_000718,1
4193,MOL_003209,1
4194,MOL_003210,2
4195,MOL_001642,3
4196,MOL_000239,5
4197,MOL_000237,3
4198,MOL_001988,3
4199,MOL_002021,3
4200,MOL_002021,3
4201,MOL_001805,4
4202,MOL_001806,5
4203,MOL_001560,4
4204,MOL_001734,4
4205,MOL_001747,5
4206,MOL_002098,3
4207,MOL_003748,1
4208,MOL_002042,1
4209,MOL_000369,1
4210,MOL_002389,2
4211,MOL_001395,1
4212,MOL_001935,2
4213,MOL_001981,5
4214,MOL_000729,3
4215,MOL_000667,5
4216,MOL_003427,5
4217,MOL_003426,4
4218,MOL_003533,4
4219,MOL_002130,2
4220,MOL_002483,3
4221,MOL_001357,2
4222,MOL_001365,4
4223,MOL_001368,5
4224,MOL_000376,1
4225,MOL_000370,5
4226,MOL_000345,3
4227,MOL_001464,3
4228,MOL_001685,1
4229,MOL_001478,3
4230,MOL_002187,2
4231,MOL_001675,5
4232,MOL_001687,2
4233,MOL_002494,1
4234,MOL_001453,2
4235,MOL_000541,3
4236,MOL_003252,3
4237,MOL_000049,1
4238,MOL_003108,4
4239,MOL_003112,1
4240,MOL_001976,2
4241,MOL_000469,2
4242,MOL_000481,4
4243,MOL_001663,1
4244,MOL_001623,2
4245,MOL_001813,4
4246,MOL_001706,3
4247,MOL_001610,4
4248,MOL_001758,1
4249,MOL_001460,5
4250,MOL_001454,3
4251,MOL_001740,5
4252,MOL_001756,2
4253,MOL_001417,4
4254,MOL_000470,1
4255,MOL_001121,2
4256,MOL_003814,2
4257,MOL_000190,4
4258,MOL_000205,4
4259,MOL_000203,2
4260,MOL_000200,2
4261,MOL_000193,2
4262,MOL_003145,4
4263,MOL_001812,4
4264,MOL_000586,2
4265,MOL_002618,5
4266,MOL_002984,4
4267,MOL_002981,3
4268,MOL_002981,3
4269,MOL_002981,3
4270,MOL_001276,3
4271,MOL_000426,5
4272,MOL_001213,2
4273,MOL_001366,5
4274,MOL_001364,1
4275,MOL_001369,1
4276,MOL_003616,3
4277,MOL_001505,3
4278,MOL_003399,5
4279,MOL_003399,5
4280,MOL_001932,4
4281,MOL_000704,5
4282,MOL_000130,3
4283,MOL_000706,4
4284,MOL_001424,5
4285,MOL_003618,5
4286,MOL_001694,2
4287,MOL_001955,5
4288,MOL_001043,1
4289,MOL_001044,4
4290,MOL_003514,3
4291,MOL_002662,4
4292,MOL_003120,1
4293,MOL_001327,2
4294,MOL_001322,4
4295,MOL_001320,1
4296,MOL_000246,4
4297,MOL_001797,3
4298,MOL_001061,5
4299,MOL_001959,1
4300,MOL_000702,3
4301,MOL_001634,2
4302,MOL_001629,2
4303,MOL_002015,3
4304,MOL_002029,4
4305,MOL_001804,5
4306,MOL_001639,4
4307,MOL_001530,1
4308,MOL_000589,4
4309,MOL_000588,4
4310,MOL_001528,3
4311,MOL_001921,3
4312,MOL_001603,1
4313,MOL_001603,1
4314,MOL_001536,1
4315,MOL_001928,3
4316,MOL_002110,2
4317,MOL_001567,1
4318,MOL_000125,3
4319,MOL_001795,1
4320,MOL_000726,3
4321,MOL_001766,3
4322,MOL_000124,3
4323,MOL_001545,4
4324,MOL_001548,1
4325,MOL_001771,3
4326,MOL_001143,5
4327,MOL_001143,5
4328,MOL_001144,1
4329,MOL_001144,1
4330,MOL_002329,1
4331,MOL_001085,5
4332,MOL_000251,1
4333,MOL_002967,5
4334,MOL_000417,5
4335,MOL_000417,5
4336,MOL_001736,2
4337,MOL_000355,5
4338,MOL_000636,2
4339,MOL_000601,2
4340,MOL_000587,3
4341,MOL_000603,3
4342,MOL_000603,3
4343,MOL_000603,3
4344,MOL_000608,2
4345,MOL_000613,4
4346,MOL_000583,5
4347,MOL_000652,2
4348,MOL_000076,5
4349,MOL_001521,2
4350,MOL_001641,2
4351,MOL_001737,3
4352,MOL_002102,4
4353,MOL_000229,1
4354,MOL_002008,3
4355,MOL_000115,3
4356,MOL_000117,5
4357,MOL_000358,2
4358,MOL_001324,4
4359,MOL_003492,5
4360,MOL_003492,5
4361,MOL_003492,5
4362,MOL_000668,3
4363,MOL_003054,2
4364,MOL_001335,3
4365,MOL_001334,2
4366,MOL_000537,4
4367,MOL_000536,3
4368,MOL_000543,5
4369,MOL_000540,2
4370,MOL_000195,4
4371,MOL_002077,5
4372,MOL_001392,3
4373,MOL_001958,5
4374,MOL_001533,2
4375,MOL_001945,5
4376,MOL_002307,1
4377,MOL_000479,5
4378,MOL_001767,3
4379,MOL_001750,3
4380,MOL_003419,2
4381,MOL_003424,2
4382,MOL_002956,5
4383,MOL_003412,5
4384,MOL_000202,4
4385,MOL_002289,4
4386,MOL_000336,2
4387,MOL_003049,2
4388,MOL_003473,1
4389,MOL_002301,1
4390,MOL_002170,5
4391,MOL_003146,1
4392,MOL_001362,2
4393,MOL_002731,5
4394,MOL_002290,1
4395,MOL_002063,3
4396,MOL_001480,5
4397,MOL_001142,4
4398,MOL_002171,3
4399,MOL_002152,4
4400,MOL_002152,4
4401,MOL_000354,3
4402,MOL_000354,3
4403,MOL_000361,5
4404,MOL_000339,2
4405,MOL_000350,4
4406,MOL_002983,5
4407,MOL_001077,1
4408,MOL_003398,3
4409,MOL_001933,5
4410,MOL_000698,2
4411,MOL_001655,3
4412,MOL_002632,4
4413,MOL_001660,4
4414,MOL_000132,5
4415,MOL_003508,2
4416,MOL_003507,3
4417,MOL_001690,3
4418,MOL_002016,1
4419,MOL_002016,1
4420,MOL_000129,2
4421,MOL_000126,4
4422,MOL_001667,3
4423,MOL_002166,2
4424,MOL_002166,2
4425,MOL_001032,3
4426,MOL_001032,3
4427,MOL_001033,1
4428,MOL_001033,1
4429,MOL_001582,3
4430,MOL_001582,3
4431,MOL_001325,5
4432,MOL_001328,4
4433,MOL_001331,3
4434,MOL_001080,1
4435,MOL_001079,3
4436,MOL_001082,3
4437,MOL_002947,5
4438,MOL_002693,5
4439,MOL_000232,3
4440,MOL_001525,1
4441,MOL_001529,4
4442,MOL_001783,3
4443,MOL_001597,1
4444,MOL_001598,2
4445,MOL_002078,2
4446,MOL_001923,5
4447,MOL_001923,5
4448,MOL_000590,5
4449,MOL_001544,3
4450,MOL_000118,2
4451,MOL_001765,2
4452,MOL_001658,1
4453,MOL_001645,1
4454,MOL_001794,4
4455,MOL_001777,3
4456,MOL_001657,2
4457,MOL_001653,3
4458,MOL_002009,2
4459,MOL_000228,5
4460,MOL_002106,3
4461,MOL_001730,1
4462,MOL_002012,1
4463,MOL_001704,1
4464,MOL_001584,5
4465,MOL_001584,5
4466,MOL_002919,1
4467,MOL_002856,2
4468,MOL_002822,3
4469,MOL_002919,1
4470,MOL_002822,3
4471,MOL_001363,3
4472,MOL_003534,2
4473,MOL_002156,4
4474,MOL_000077,5
4475,MOL_001709,1
4476,MOL_001092,2
4477,MOL_001091,1
4478,MOL_001479,2
4479,MOL_001825,2
4480,MOL_001792,2
4481,MOL_001872,5
4482,MOL_000755,2
4483,MOL_003143,2
4484,MOL_000351,2
4485,MOL_000351,2
4486,MOL_000430,1
4487,MOL_001418,1
4488,MOL_001832,4
4489,MOL_002048,3
4490,MOL_001323,3
4491,MOL_001393,3
4492,MOL_001681,3
4493,MOL_001936,3
4494,MOL_001686,4
4495,MOL_001686,4
4496,MOL_002630,5
4497,MOL_002631,1
4498,MOL_002620,2
4499,MOL_002619,1
4500,MOL_000655,5
4501,MOL_003469,4
4502,MOL_003469,4
4503,MOL_001367,3
4504,MOL_001984,4
4505,MOL_002357,2
4506,MOL_003607,1
4507,MOL_001751,4
4508,MOL_001443,5
4509,MOL_001442,3
4510,MOL_000066,1
4511,MOL_003371,5
4512,MOL_003459,5
4513,MOL_002756,4
4514,MOL_002756,4
4515,MOL_003392,3
4516,MOL_003395,1
4517,MOL_003422,3
4518,MOL_003421,3
4519,MOL_003423,1
4520,MOL_002800,1
4521,MOL_002729,1
4522,MOL_003567,2
4523,MOL_000491,1
4524,MOL_000696,4
4525,MOL_000406,4
4526,MOL_001568,2
4527,MOL_003487,2
4528,MOL_003596,2
4529,MOL_003564,3
4530,MOL_001031,2
4531,MOL_000456,5
4532,MOL_000199,5
4533,MOL_002660,2
4534,MOL_002707,1
4535,MOL_001711,1
4536,MOL_000405,1
4537,MOL_000128,1
4538,MOL_001940,2
4539,MOL_003486,5
4540,MOL_000799,1
4541,MOL_000799,1
4542,MOL_000800,2
4543,MOL_000800,2
4544,MOL_001358,3
4545,MOL_002982,4
4546,MOL_001600,4
4547,MOL_002116,2
4548,MOL_001511,1
4549,MOL_000233,4
4550,MOL_001609,5
4551,MOL_001930,2
4552,MOL_002109,5
4553,MOL_001742,1
4554,MOL_000595,2
4555,MOL_002178,4
4556,MOL_003774,1
4557,MOL_001084,4
4558,MOL_002654,1
4559,MOL_002816,1
4560,MOL_000681,5
4561,MOL_001167,2
4562,MOL_001166,1
4563,MOL_002843,1
4564,MOL_001718,1
4565,MOL_001534,5
4566,MOL_001710,2
4567,MOL_003289,4
4568,MOL_002017,4
4569,MOL_002000,4
4570,MOL_001821,3
4571,MOL_002185,5
4572,MOL_002068,1
4573,MOL_002678,1
4574,MOL_000693,1
4575,MOL_000694,2
4576,MOL_001601,5
4577,MOL_001602,4
4578,MOL_000090,3
4579,MOL_000699,2
4580,MOL_003671,3
4581,MOL_001873,1
4582,MOL_001329,2
4583,MOL_001326,1
4584,MOL_000499,3
4585,MOL_001081,4
4586,MOL_001083,2
4587,MOL_001087,4
4588,MOL_002968,1
4589,MOL_002964,3
4590,MOL_001721,4
4591,MOL_001410,4
4592,MOL_000599,5
4593,MOL_000644,3
4594,MOL_000627,5
4595,MOL_000089,4
4596,MOL_000622,2
4597,MOL_002330,2
4598,MOL_000338,4
4599,MOL_003352,1
4600,MOL_002757,1
4601,MOL_002794,4
4602,MOL_002754,2
4603,MOL_003491,2
4604,MOL_003491,2
4605,MOL_003442,3
4606,MOL_003404,4
4607,MOL_003374,2
4608,MOL_000198,1
4609,MOL_000191,5
4610,MOL_003604,3
4611,MOL_000194,3
4612,MOL_000643,4
4613,MOL_000643,4
4614,MOL_000643,4
4615,MOL_000593,3
4616,MOL_000560,5
4617,MOL_000560,5
4618,MOL_000560,5
4619,MOL_000612,1
4620,MOL_000084,2
4621,MOL_000084,2
4622,MOL_000650,1
4623,MOL_000555,3
4624,MOL_000630,1
4625,MOL_000581,2
4626,MOL_002007,1
4627,MOL_001745,3
4628,MOL_001482,3
4629,MOL_002499,1
4630,MOL_002151,2
4631,MOL_002788,4
4632,MOL_000646,1
4633,MOL_000646,1
4634,MOL_000646,1
4635,MOL_000611,2
4636,MOL_000611,2
4637,MOL_000231,2
4638,MOL_000238,4
4639,MOL_000180,5
4640,MOL_000653,4
4641,MOL_000620,1
4642,MOL_000797,1
4643,MOL_002755,3
4644,MOL_001796,2
4645,MOL_002240,5
4646,MOL_000665,4
4647,MOL_000665,4
4648,MOL_000666,4
4649,MOL_000666,4
4650,MOL_000127,5
4651,MOL_001939,1
4652,MOL_001941,3
4653,MOL_002019,5
4654,MOL_001319,5
4655,MOL_002730,4
4656,MOL_002708,5
4657,MOL_001447,2
4658,MOL_001661,5
4659,MOL_001056,1
4660,MOL_002184,5
4661,MOL_001831,1
4662,MOL_002179,5
4663,MOL_002732,2
4664,MOL_003130,1
4665,MOL_003132,3
4666,MOL_003132,3
4667,MOL_001499,4
4668,MOL_002274,4
4669,MOL_001561,4
4670,MOL_001727,4
4671,MOL_001791,1
4672,MOL_001786,3
4673,MOL_002966,2
4674,MOL_002853,3
4675,MOL_002965,5
4676,MOL_001168,2
4677,MOL_002818,3
4678,MOL_003134,4
4679,MOL_000535,2
4680,MOL_001901,2
4681,MOL_000628,3
4682,MOL_000625,3
4683,MOL_000638,5
4684,MOL_000660,3
4685,MOL_001637,5
4686,MOL_001763,5
4687,MOL_001524,5
4688,MOL_001953,1
4689,MOL_000085,1
4690,MOL_000085,1
4691,MOL_002300,4
4692,MOL_003335,5
4693,MOL_000633,1
4694,MOL_000640,1
4695,MOL_000095,3
4696,MOL_000559,5
4697,MOL_000559,5
4698,MOL_000559,5
4699,MOL_000559,5
4700,MOL_000103,5
4701,MOL_000591,1
4702,MOL_000591,1
4703,MOL_000591,1
4704,MOL_000554,5
4705,MOL_000566,4
4706,MOL_000122,1
4707,MOL_000553,3
4708,MOL_000553,3
4709,MOL_000241,1
4710,MOL_000659,3
4711,MOL_000561,1
4712,MOL_000224,2
4713,MOL_000224,2
4714,MOL_000224,2
4715,MOL_000642,3
4716,MOL_000574,5
4717,MOL_000569,4
4718,MOL_000533,5
4719,MOL_000114,1
4720,MOL_000732,2
4721,MOL_000580,3
4722,MOL_000078,2
4723,MOL_000113,5
4724,MOL_000177,4
4725,MOL_000570,3
4726,MOL_000736,5
4727,MOL_000582,4
4728,MOL_000648,4
4729,MOL_000552,1
4730,MOL_000226,2
4731,MOL_003215,3
4732,MOL_003214,1
4733,MOL_003351,2
4734,MOL_003357,5
4735,MOL_001070,3
4736,MOL_000464,1
4737,MOL_002749,2
4738,MOL_002752,4
4739,MOL_002463,3
4740,MOL_001664,2
4741,MOL_000234,5
4742,MOL_000692,1
4743,MOL_000691,1
4744,MOL_000227,3
4745,MOL_001462,1
4746,MOL_000213,1
4747,MOL_001458,3
4748,MOL_001459,4
4749,MOL_001802,2
4750,MOL_000617,2
4751,MOL_001468,1
4752,MOL_001426,3
4753,MOL_001824,4
4754,MOL_001332,4
4755,MOL_001311,4
4756,MOL_002054,2
4757,MOL_002709,2
4758,MOL_002706,4
4759,MOL_001064,5
4760,MOL_001674,2
4761,MOL_001699,3
4762,MOL_001321,2
4763,MOL_002174,2
4764,MOL_001622,1
4765,MOL_001620,5
4766,MOL_000092,1
4767,MOL_001919,1
4768,MOL_001788,4
4769,MOL_001782,2
4770,MOL_001907,5
4771,MOL_000623,1
4772,MOL_000624,2
4773,MOL_000598,5
4774,MOL_000626,4
4775,MOL_000579,2
4776,MOL_000629,4
4777,MOL_000531,2
4778,MOL_000663,2
4779,MOL_001922,4
4780,MOL_000104,5
4781,MOL_001523,4
4782,MOL_001523,4
4783,MOL_000096,5
4784,MOL_000100,4
4785,MOL_002020,2
4786,MOL_001656,1
4787,MOL_001946,5
4788,MOL_001502,1
4789,MOL_001558,1
4790,MOL_001924,1
4791,MOL_001565,2
4792,MOL_000225,4
4793,MOL_001752,5
4794,MOL_001433,2
4795,MOL_001436,3
4796,MOL_001917,2
4797,MOL_000235,1
4798,MOL_003822,2
4799,MOL_002609,3
4800,MOL_000416,4
4801,MOL_000216,3
4802,MOL_000420,1
4803,MOL_000094,2
4804,MOL_000634,3
4805,MOL_000101,3
4806,MOL_000639,5
4807,MOL_000639,5
4808,MOL_000632,2
4809,MOL_000592,2
4810,MOL_000592,2
4811,MOL_000592,2
4812,MOL_000558,4
4813,MOL_000558,4
4814,MOL_000558,4
4815,MOL_000558,4
4816,MOL_000558,4
4817,MOL_000562,5
4818,MOL_000562,5
4819,MOL_000606,3
4820,MOL_000217,5
4821,MOL_000217,5
4822,MOL_000217,5
4823,MOL_000217,5
4824,MOL_000217,5
4825,MOL_000217,5
4826,MOL_000565,2
4827,MOL_000565,2
4828,MOL_000556,1
4829,MOL_000119,1
4830,MOL_000564,5
4831,MOL_000564,5
4832,MOL_000564,5
4833,MOL_000573,5
4834,MOL_000236,2
4835,MOL_000176,3
4836,MOL_000635,4
4837,MOL_000607,1
4838,MOL_000094,2
4839,MOL_000101,3
4840,MOL_000220,2
4841,MOL_000610,4
4842,MOL_001520,3
4843,MOL_001520,3
4844,MOL_001520,3
4845,MOL_001520,3
4846,MOL_001563,2
4847,MOL_001757,4
4848,MOL_002006,5
4849,MOL_002979,2
4850,MOL_001318,4
4851,MOL_002747,5
4852,MOL_002750,1
4853,MOL_002851,2
4854,MOL_003356,3
4855,MOL_002957,3
4856,MOL_003342,5
4857,MOL_003342,5
4858,MOL_003340,3
4859,MOL_000107,3
4860,MOL_000107,3
4861,MOL_000079,1
4862,MOL_000731,1
4863,MOL_000594,1
4864,MOL_002753,1
4865,MOL_002746,5
4866,MOL_001934,1
4867,MOL_002128,4
4868,MOL_002128,4
4869,MOL_000463,5
4870,MOL_002653,4
4871,MOL_002745,2
4872,MOL_001316,2
4873,MOL_001313,3
4874,MOL_000321,5
4875,MOL_001469,2
4876,MOL_003346,2
4877,MOL_001800,4
4878,MOL_001573,3
4879,MOL_002728,3
4880,MOL_001086,1
4881,MOL_002688,2
4882,MOL_001672,3
4883,MOL_002980,3
4884,MOL_001918,1
4885,MOL_001612,2
4886,MOL_003506,1
4887,MOL_003505,2
4888,MOL_001914,3
4889,MOL_001915,4
4890,MOL_001954,2
4891,MOL_000214,4
4892,MOL_000102,4
4893,MOL_001764,1
4894,MOL_001916,5
4895,MOL_000568,2
4896,MOL_000097,2
4897,MOL_000097,2
4898,MOL_000097,2
4899,MOL_001557,5
4900,MOL_001559,3
4901,MOL_001501,4
4902,MOL_001715,1
4903,MOL_000219,3
4904,MOL_000219,3
4905,MOL_000219,3
4906,MOL_000219,3
4907,MOL_000219,3
4908,MOL_000097,2
4909,MOL_001920,2
4910,MOL_001947,1
4911,MOL_000120,2
4912,MOL_001606,2
4913,MOL_001606,2
4914,MOL_000222,5
4915,MOL_001789,5
4916,MOL_000218,1
4917,MOL_000221,4
4918,MOL_001776,2
4919,MOL_002304,3
4920,MOL_002738,2
4921,MOL_000697,5
4922,MOL_000112,4
4923,MOL_002385,3
4924,MOL_002120,5
4925,MOL_002120,5
4926,MOL_000080,2
4927,MOL_001566,2
4928,MOL_002035,5
4929,MOL_003350,1
4930,MOL_002168,3
4931,MOL_002644,4
4932,MOL_002923,3
4933,MOL_002914,5
4934,MOL_003339,4
4935,MOL_003341,4
4936,MOL_000105,1
4937,MOL_000105,1
4938,MOL_000547,3
4939,MOL_000319,2
4940,MOL_000539,1
4941,MOL_000317,5
4942,MOL_000318,4
4943,MOL_000548,4
4944,MOL_000549,4
4945,MOL_001564,5
4946,MOL_001583,5
4947,MOL_002743,3
4948,MOL_001078,2
4949,MOL_001317,1
4950,MOL_001307,5
4951,MOL_001397,3
4952,MOL_001133,5
4953,MOL_001131,5
4954,MOL_001132,3
4955,MOL_002744,4
4956,MOL_000349,2
4957,MOL_000596,3
4958,MOL_001309,2
4959,MOL_000482,3
4960,MOL_001695,3
4961,MOL_002105,2
4962,MOL_002122,3
4963,MOL_000098,1
4964,MOL_000098,1
4965,MOL_001948,2
4966,MOL_000099,3
4967,MOL_001607,3
4968,MOL_001526,2
4969,MOL_001522,3
4970,MOL_002031,4
4971,MOL_003213,2
4972,MOL_001713,2
4973,MOL_001535,4
4974,MOL_001723,5
4975,MOL_001722,5
4976,MOL_000175,2
4977,MOL_000044,3
4978,MOL_000044,3
4979,MOL_000044,3
4980,MOL_003101,4
4981,MOL_003102,5
4982,MOL_002751,3
4983,MOL_000415,3
4984,MOL_000109,3
4985,MOL_000106,2
4986,MOL_000109,3
4987,MOL_001519,5
4988,MOL_000110,1
4989,MOL_001951,3
4990,MOL_001435,1
4991,MOL_001949,3
4992,MOL_001717,3
4993,MOL_000108,4
4994,MOL_001434,2
4995,MOL_002737,2
4996,MOL_001308,1
4997,MOL_003355,5
4998,MOL_001801,1
4999,MOL_001110,3
5000,MOL_002331,3
5001,MOL_000645,5
5002,MOL_000551,4
5003,MOL_002748,1
5004,MOL_001572,4
5005,MOL_000240,5
5006,MOL_000240,5
5007,MOL_003388,5
5008,MOL_001697,1
5009,MOL_001696,5
5010,MOL_001937,5
5011,MOL_001944,4
5012,MOL_001314,3
5013,MOL_000418,3
5014,MOL_002133,1
5015,MOL_001673,4
5016,MOL_003353,5
5017,MOL_003349,3
5018,MOL_001446,4
5019,MOL_003418,4
5020,MOL_001714,3
5021,MOL_001714,3
5022,MOL_001719,2
5023,MOL_003354,4
5024,MOL_000111,2
5025,MOL_002121,1
5026,MOL_001669,4
5027,MOL_001669,4
5028,MOL_002294,4
5029,MOL_002011,5
5030,MOL_001994,4
5031,MOL_001724,1
5032,MOL_001790,5
5033,MOL_001785,2
5034,MOL_000618,3
5035,MOL_000619,5
5036,MOL_000121,4
5037,MOL_000116,5
5038,MOL_000223,1
5039,MOL_000641,2
5040,MOL_000550,2
5041,MOL_001822,4
5042,MOL_001455,4
5043,MOL_000320,3
5044,MOL_002742,2
5045,MOL_002733,3
5046,MOL_001703,5
5047,MOL_001452,5
5048,MOL_002823,2
5049,MOL_001527,5
5050,MOL_001457,2
5051,MOL_002180,1
5052,MOL_003133,2
5053,MOL_003133,2
5054,MOL_003133,2
5055,MOL_003133,2
5056,MOL_003133,2
5057,MOL_003133,2
5058,MOL_001333,1
5059,MOL_002530,4
5060,MOL_002531,2
5061,MOL_001725,3
5062,MOL_001726,2
5063,MOL_001716,4
5064,MOL_003131,5
5065,MOL_003135,5
5066,MOL_003135,5
5067,MOL_001977,3
5068,MOL_002072,5
5069,MOL_001866,3
5070,MOL_001866,3
5071,MOL_001787,1
5072,MOL_001781,1
5073,MOL_000631,5
5074,MOL_000649,1
5075,MOL_000576,2
5076,MOL_001269,2
5077,MOL_000093,4
5078,MOL_000093,4
5079,MOL_000093,4
5080,MOL_000563,3
5081,MOL_000563,3
5082,MOL_000563,3
5083,MOL_000567,1
5084,MOL_000575,1
5085,MOL_000577,4
5086,MOL_000578,1
5087,MOL_000572,3
5088,MOL_000557,2
5089,MOL_000088,1
5090,MOL_001799,2
5091,MOL_001312,3
5092,MOL_001315,1
5093,MOL_003288,4
5094,MOL_001451,1
5095,MOL_001707,4
5096,MOL_001310,2
5097,MOL_002736,1
5098,MOL_003658,2
5099,MOL_003658,2
5100,MOL_003658,2
5101,MOL_003658,2
5102,MOL_003656,1
5103,MOL_003661,1
5104,MOL_002943,3
5105,MOL_003315,3
5106,MOL_000207,5
5107,MOL_001103,1
5108,MOL_003650,5
5109,MOL_003660,5
5110,MOL_001104,2
5111,MOL_001346,4
5112,MOL_000209,5
5113,MOL_001105,3
5114,MOL_001106,4
5115,MOL_003649,2
5116,MOL_003293,3
5117,MOL_003648,3
5118,MOL_001215,3
5119,MOL_001217,5
5120,MOL_003291,2
5121,MOL_003290,1
5122,MOL_003657,3
5123,MOL_003668,2
5124,MOL_003668,2
5125,MOL_003664,3
5126,MOL_003292,3
5127,MOL_003659,4
5128,MOL_003294,1
5129,MOL_003655,3
5130,MOL_003008,1
5131,MOL_003273,1
5132,MOL_003281,1
5133,MOL_000924,4
5134,MOL_003665,4
5135,MOL_001262,2
5136,MOL_003598,4
5137,MOL_003663,5
5138,MOL_003654,5
5139,MOL_003662,2
5140,MOL_000325,2
5141,MOL_003652,2
5142,MOL_002944,1
5143,MOL_003467,2
5144,MOL_003100,3
5145,MOL_003812,3
5146,MOL_003813,1
5147,MOL_000876,5
5148,MOL_001247,4
5149,MOL_001227,5
5150,MOL_001236,1
5151,MOL_003731,2
5152,MOL_003744,4
5153,MOL_003726,2
5154,MOL_003740,1
5155,MOL_003667,5
5156,MOL_003666,1
5157,MOL_000511,5
5158,MOL_003653,4
5159,MOL_003651,1
5160,MOL_003669,4
5161,MOL_003216,5
5162,MOL_001109,2
5163,MOL_001107,5
5164,MOL_001108,1
5165,MOL_002580,1
5166,MOL_002464,2
5167,MOL_002295,5
5168,MOL_002320,2
5169,MOL_001906,1
5170,MOL_002576,3
5171,MOL_002579,4
5172,MOL_002577,4
5173,MOL_002578,2
5174,MOL_001165,5
5175,MOL_001156,1
5176,MOL_000782,5
5177,MOL_003455,3
5178,MOL_003489,4
5179,MOL_002819,4
5180,MOL_003466,3
5181,MOL_001116,3
5182,MOL_002584,3
5183,MOL_001157,3
5184,MOL_000783,1
5185,MOL_003456,2
5186,MOL_003490,1
5187,MOL_002826,1
5188,MOL_001117,2
5189,MOL_002574,5
5190,MOL_003126,3
5191,MOL_003150,2
5192,MOL_003156,4
5193,MOL_003103,2
5194,MOL_003110,3
5195,MOL_003158,5
5196,MOL_000045,1
5197,MOL_001882,1
5198,MOL_003157,3
5199,MOL_003017,2
5200,MOL_000292,2
5201,MOL_001475,4
5202,MOL_001372,3
5203,MOL_003245,2
