observation_id,structure_solvent_group_id,fold
0,SSG_001022,3
1,SSG_001022,3
2,SSG_002674,3
3,SSG_002675,3
4,SSG_002675,3
5,SSG_000894,4
6,SSG_001046,2
7,SSG_001046,2
8,SSG_001046,2
9,SSG_001046,2
10,SSG_001046,2
11,SSG_001048,0
12,SSG_001048,0
13,SSG_001048,0
14,SSG_000943,1
15,SSG_000942,0
16,SSG_003402,1
17,SSG_000002,0
18,SSG_003894,3
19,SSG_003894,3
20,SSG_003894,3
21,SSG_003894,3
22,SSG_003894,3
23,SSG_003895,1
24,SSG_003895,1
25,SSG_003894,3
26,SSG_003895,1
27,SSG_003895,1
28,SSG_003894,3
29,SSG_003910,4
30,SSG_003910,4
31,SSG_003910,4
32,SSG_003910,4
33,SSG_003912,1
34,SSG_003910,4
35,SSG_003912,1
36,SSG_003911,0
37,SSG_003910,4
38,SSG_003910,4
39,SSG_003911,0
40,SSG_003910,4
41,SSG_001021,0
42,SSG_001021,0
43,SSG_003120,3
44,SSG_003391,1
45,SSG_003396,0
46,SSG_003396,0
47,SSG_003396,0
48,SSG_003388,2
49,SSG_002497,3
50,SSG_000401,4
51,SSG_000401,4
52,SSG_000401,4
53,SSG_001267,0
54,SSG_002505,1
55,SSG_002505,1
56,SSG_002505,1
57,SSG_002526,3
58,SSG_002527,4
59,SSG_002515,3
60,SSG_002515,3
61,SSG_002516,0
62,SSG_001047,4
63,SSG_001047,4
64,SSG_001047,4
65,SSG_001047,4
66,SSG_001047,4
67,SSG_001047,4
68,SSG_001047,4
69,SSG_001047,4
70,SSG_003588,0
71,SSG_003085,1
72,SSG_003085,1
73,SSG_003085,1
74,SSG_003439,1
75,SSG_003438,4
76,SSG_003438,4
77,SSG_003438,4
78,SSG_003115,3
79,SSG_003115,3
80,SSG_002690,4
81,SSG_002690,4
82,SSG_000391,0
83,SSG_000391,0
84,SSG_003447,2
85,SSG_003447,2
86,SSG_003448,4
87,SSG_003447,2
88,SSG_002267,0
89,SSG_003885,4
90,SSG_003124,2
91,SSG_003124,2
92,SSG_003320,2
93,SSG_001037,2
94,SSG_001037,2
95,SSG_000851,0
96,SSG_002508,3
97,SSG_002508,3
98,SSG_000014,1
99,SSG_001532,3
100,SSG_001533,4
101,SSG_002598,2
102,SSG_003399,0
103,SSG_003584,0
104,SSG_003584,0
105,SSG_002520,1
106,SSG_002519,3
107,SSG_002519,3
108,SSG_002519,3
109,SSG_001325,4
110,SSG_003891,4
111,SSG_002504,4
112,SSG_002504,4
113,SSG_000842,3
114,SSG_000909,2
115,SSG_000490,1
116,SSG_000490,1
117,SSG_002281,2
118,SSG_002281,2
119,SSG_002281,2
120,SSG_002281,2
121,SSG_002281,2
122,SSG_003901,3
123,SSG_003902,4
124,SSG_003392,3
125,SSG_001052,3
126,SSG_001053,0
127,SSG_001053,0
128,SSG_001053,0
129,SSG_000913,1
130,SSG_002514,2
131,SSG_002513,4
132,SSG_002261,1
133,SSG_000146,4
134,SSG_003486,4
135,SSG_003486,4
136,SSG_001122,1
137,SSG_001122,1
138,SSG_002521,2
139,SSG_001019,3
140,SSG_001019,3
141,SSG_001023,1
142,SSG_001023,1
143,SSG_001020,4
144,SSG_001020,4
145,SSG_001024,0
146,SSG_001024,0
147,SSG_000835,1
148,SSG_000835,1
149,SSG_002784,3
150,SSG_002783,0
151,SSG_002783,0
152,SSG_003394,4
153,SSG_002507,2
154,SSG_002507,2
155,SSG_001003,0
156,SSG_000520,4
157,SSG_000519,3
158,SSG_002299,3
159,SSG_002285,0
160,SSG_002285,0
161,SSG_002285,0
162,SSG_003384,1
163,SSG_002529,4
164,SSG_002498,4
165,SSG_000018,2
166,SSG_000834,4
167,SSG_000834,4
168,SSG_001098,0
169,SSG_001099,1
170,SSG_001099,1
171,SSG_001098,0
172,SSG_001099,1
173,SSG_001035,4
174,SSG_002275,4
175,SSG_002275,4
176,SSG_002274,3
177,SSG_000938,4
178,SSG_002510,0
179,SSG_002510,0
180,SSG_003424,3
181,SSG_000773,2
182,SSG_002301,1
183,SSG_002302,2
184,SSG_002301,1
185,SSG_001250,4
186,SSG_003084,3
187,SSG_003084,3
188,SSG_000399,0
189,SSG_000399,0
190,SSG_000399,0
191,SSG_000399,0
192,SSG_000211,0
193,SSG_000209,3
194,SSG_000149,4
195,SSG_000149,4
196,SSG_000149,4
197,SSG_002668,0
198,SSG_002669,1
199,SSG_003888,4
200,SSG_003888,4
201,SSG_003903,2
202,SSG_003440,2
203,SSG_003876,2
204,SSG_003875,1
205,SSG_003875,1
206,SSG_003876,2
207,SSG_003875,1
208,SSG_003875,1
209,SSG_001519,0
210,SSG_001519,0
211,SSG_003125,3
212,SSG_002268,1
213,SSG_002268,1
214,SSG_002268,1
215,SSG_002289,4
216,SSG_002289,4
217,SSG_002290,3
218,SSG_001889,3
219,SSG_001889,3
220,SSG_001889,3
221,SSG_001889,3
222,SSG_001889,3
223,SSG_001889,3
224,SSG_000156,2
225,SSG_000156,2
226,SSG_000156,2
227,SSG_000314,1
228,SSG_000295,3
229,SSG_000003,1
230,SSG_001036,0
231,SSG_001036,0
232,SSG_001036,0
233,SSG_001036,0
234,SSG_001036,0
235,SSG_001036,0
236,SSG_000945,3
237,SSG_000876,2
238,SSG_002517,4
239,SSG_003426,0
240,SSG_003122,0
241,SSG_003915,1
242,SSG_003915,1
243,SSG_003915,1
244,SSG_003915,1
245,SSG_003915,1
246,SSG_000017,0
247,SSG_000017,0
248,SSG_000017,0
249,SSG_001383,0
250,SSG_001383,0
251,SSG_001383,0
252,SSG_001383,0
253,SSG_001383,0
254,SSG_002657,4
255,SSG_002657,4
256,SSG_001262,0
257,SSG_001262,0
258,SSG_001265,3
259,SSG_001272,4
260,SSG_000918,0
261,SSG_000918,0
262,SSG_001877,4
263,SSG_001042,3
264,SSG_001043,0
265,SSG_001043,0
266,SSG_001043,0
267,SSG_000896,1
268,SSG_000912,1
269,SSG_001039,4
270,SSG_001039,4
271,SSG_001039,4
272,SSG_001039,4
273,SSG_001039,4
274,SSG_002525,2
275,SSG_000927,3
276,SSG_003833,3
277,SSG_003832,2
278,SSG_003897,4
279,SSG_003897,4
280,SSG_003897,4
281,SSG_003897,4
282,SSG_003898,3
283,SSG_002673,4
284,SSG_003428,2
285,SSG_000917,4
286,SSG_000916,3
287,SSG_000916,3
288,SSG_002500,2
289,SSG_002501,0
290,SSG_002269,3
291,SSG_002269,3
292,SSG_002269,3
293,SSG_000933,0
294,SSG_003346,4
295,SSG_000984,1
296,SSG_000986,3
297,SSG_000491,4
298,SSG_000760,2
299,SSG_000760,2
300,SSG_000760,2
301,SSG_001386,3
302,SSG_001386,3
303,SSG_001386,3
304,SSG_001386,3
305,SSG_001386,3
306,SSG_000470,0
307,SSG_000470,0
308,SSG_003889,2
309,SSG_001170,3
310,SSG_001171,4
311,SSG_001170,3
312,SSG_001171,4
313,SSG_002785,1
314,SSG_002785,1
315,SSG_002785,1
316,SSG_002707,4
317,SSG_000898,3
318,SSG_000898,3
319,SSG_000895,0
320,SSG_000895,0
321,SSG_000944,2
322,SSG_000944,2
323,SSG_000872,1
324,SSG_001050,2
325,SSG_001050,2
326,SSG_001050,2
327,SSG_001050,2
328,SSG_000390,4
329,SSG_003451,3
330,SSG_001131,4
331,SSG_002273,1
332,SSG_002256,4
333,SSG_002255,1
334,SSG_002255,1
335,SSG_003111,4
336,SSG_003393,4
337,SSG_001894,2
338,SSG_001894,2
339,SSG_001894,2
340,SSG_001894,2
341,SSG_000990,4
342,SSG_000991,0
343,SSG_002291,4
344,SSG_001266,4
345,SSG_001266,4
346,SSG_001266,4
347,SSG_001264,2
348,SSG_001264,2
349,SSG_000711,2
350,SSG_001531,4
351,SSG_001612,0
352,SSG_001612,0
353,SSG_001613,1
354,SSG_002703,0
355,SSG_002705,3
356,SSG_000920,4
357,SSG_002282,3
358,SSG_002282,3
359,SSG_000488,3
360,SSG_000947,0
361,SSG_003107,2
362,SSG_001886,4
363,SSG_001886,4
364,SSG_001888,2
365,SSG_001888,2
366,SSG_000846,1
367,SSG_001008,0
368,SSG_001915,3
369,SSG_000783,1
370,SSG_000787,4
371,SSG_000785,4
372,SSG_000785,4
373,SSG_000788,0
374,SSG_000788,0
375,SSG_003446,1
376,SSG_000414,4
377,SSG_003936,0
378,SSG_003936,0
379,SSG_003938,4
380,SSG_001176,3
381,SSG_001177,2
382,SSG_000440,3
383,SSG_001897,4
384,SSG_001897,4
385,SSG_001897,4
386,SSG_000700,2
387,SSG_000700,2
388,SSG_000700,2
389,SSG_001893,3
390,SSG_001893,3
391,SSG_001893,3
392,SSG_001388,1
393,SSG_001388,1
394,SSG_001388,1
395,SSG_001387,4
396,SSG_001387,4
397,SSG_001387,4
398,SSG_001885,0
399,SSG_001885,0
400,SSG_001885,0
401,SSG_000761,3
402,SSG_000761,3
403,SSG_000761,3
404,SSG_000763,3
405,SSG_000763,3
406,SSG_000763,3
407,SSG_000465,3
408,SSG_000465,3
409,SSG_003416,1
410,SSG_002625,0
411,SSG_001256,1
412,SSG_001254,4
413,SSG_000874,0
414,SSG_002639,4
415,SSG_000136,3
416,SSG_001337,1
417,SSG_001611,4
418,SSG_001611,4
419,SSG_001102,4
420,SSG_001103,0
421,SSG_001169,1
422,SSG_000869,2
423,SSG_003776,2
424,SSG_003776,2
425,SSG_003776,2
426,SSG_003777,4
427,SSG_003777,4
428,SSG_003777,4
429,SSG_001410,1
430,SSG_001015,0
431,SSG_001016,1
432,SSG_001051,4
433,SSG_001878,1
434,SSG_002532,3
435,SSG_002532,3
436,SSG_000893,3
437,SSG_000941,4
438,SSG_000882,2
439,SSG_000882,2
440,SSG_000926,4
441,SSG_000926,4
442,SSG_000890,0
443,SSG_002279,3
444,SSG_003948,2
445,SSG_000144,1
446,SSG_000771,3
447,SSG_000848,4
448,SSG_000847,2
449,SSG_001312,1
450,SSG_000844,4
451,SSG_000843,1
452,SSG_000849,3
453,SSG_000864,4
454,SSG_002503,2
455,SSG_000914,0
456,SSG_000517,1
457,SSG_001248,2
458,SSG_000774,4
459,SSG_003989,3
460,SSG_000395,3
461,SSG_000395,3
462,SSG_003937,1
463,SSG_003937,1
464,SSG_001887,1
465,SSG_001887,1
466,SSG_001887,1
467,SSG_001055,3
468,SSG_000705,0
469,SSG_002319,3
470,SSG_002331,0
471,SSG_002331,0
472,SSG_003922,1
473,SSG_003999,2
474,SSG_002702,0
475,SSG_002599,3
476,SSG_000157,4
477,SSG_000158,2
478,SSG_000155,3
479,SSG_000154,2
480,SSG_000316,4
481,SSG_002321,3
482,SSG_002755,0
483,SSG_001186,1
484,SSG_001932,2
485,SSG_001932,2
486,SSG_001255,0
487,SSG_003969,0
488,SSG_001456,1
489,SSG_003797,3
490,SSG_002757,3
491,SSG_003357,4
492,SSG_002974,2
493,SSG_003796,3
494,SSG_003795,2
495,SSG_003794,2
496,SSG_000432,4
497,SSG_000137,4
498,SSG_000147,2
499,SSG_002729,4
500,SSG_002729,4
501,SSG_000151,4
502,SSG_000151,4
503,SSG_002734,3
504,SSG_001615,1
505,SSG_001614,0
506,SSG_001616,2
507,SSG_001340,3
508,SSG_002761,2
509,SSG_001339,3
510,SSG_001610,3
511,SSG_001610,3
512,SSG_001169,1
513,SSG_002706,1
514,SSG_001101,3
515,SSG_003427,1
516,SSG_003427,1
517,SSG_001100,2
518,SSG_000417,4
519,SSG_000416,3
520,SSG_002540,2
521,SSG_002540,2
522,SSG_000515,4
523,SSG_000833,0
524,SSG_002499,1
525,SSG_002499,1
526,SSG_002623,2
527,SSG_000139,0
528,SSG_000142,3
529,SSG_001041,2
530,SSG_001954,0
531,SSG_001953,1
532,SSG_002522,4
533,SSG_002522,4
534,SSG_000982,4
535,SSG_000958,1
536,SSG_000959,2
537,SSG_003458,3
538,SSG_003459,4
539,SSG_003460,0
540,SSG_003385,3
541,SSG_003385,3
542,SSG_001338,2
543,SSG_001085,1
544,SSG_000891,3
545,SSG_000939,3
546,SSG_000937,3
547,SSG_000888,3
548,SSG_000935,1
549,SSG_000897,1
550,SSG_000946,4
551,SSG_003429,3
552,SSG_002622,3
553,SSG_003906,1
554,SSG_000852,0
555,SSG_000467,1
556,SSG_000471,1
557,SSG_000518,2
558,SSG_000518,2
559,SSG_000512,4
560,SSG_000495,4
561,SSG_000494,0
562,SSG_003112,0
563,SSG_000968,4
564,SSG_000963,4
565,SSG_000970,1
566,SSG_000964,1
567,SSG_000971,0
568,SSG_000962,4
569,SSG_000969,0
570,SSG_000965,3
571,SSG_000972,2
572,SSG_000871,3
573,SSG_000911,3
574,SSG_000868,0
575,SSG_000908,4
576,SSG_000866,2
577,SSG_000906,0
578,SSG_000867,3
579,SSG_000907,2
580,SSG_000870,4
581,SSG_000910,3
582,SSG_001311,0
583,SSG_000837,2
584,SSG_000856,1
585,SSG_000854,2
586,SSG_002276,2
587,SSG_004015,3
588,SSG_002434,3
589,SSG_000929,1
590,SSG_000493,2
591,SSG_000493,2
592,SSG_000985,2
593,SSG_000987,4
594,SSG_001257,2
595,SSG_001268,3
596,SSG_000786,3
597,SSG_000789,1
598,SSG_000768,3
599,SSG_000768,3
600,SSG_003949,2
601,SSG_001694,1
602,SSG_001010,2
603,SSG_001382,0
604,SSG_001384,2
605,SSG_001384,2
606,SSG_001009,1
607,SSG_000993,4
608,SSG_000996,2
609,SSG_000994,0
610,SSG_000998,3
611,SSG_000992,3
612,SSG_001407,0
613,SSG_002287,1
614,SSG_002287,1
615,SSG_003423,2
616,SSG_003421,0
617,SSG_003420,3
618,SSG_003419,2
619,SSG_003419,2
620,SSG_002511,0
621,SSG_002511,0
622,SSG_002270,4
623,SSG_001167,0
624,SSG_001166,4
625,SSG_000688,1
626,SSG_002794,4
627,SSG_000411,2
628,SSG_000411,2
629,SSG_002328,2
630,SSG_000492,4
631,SSG_000764,3
632,SSG_001065,0
633,SSG_000339,2
634,SSG_002278,1
635,SSG_003214,4
636,SSG_003215,4
637,SSG_003319,1
638,SSG_001069,4
639,SSG_001389,0
640,SSG_000999,4
641,SSG_002332,1
642,SSG_001929,4
643,SSG_001929,4
644,SSG_001927,4
645,SSG_001927,4
646,SSG_001478,1
647,SSG_001479,2
648,SSG_002320,0
649,SSG_001937,3
650,SSG_001937,3
651,SSG_000159,1
652,SSG_003083,2
653,SSG_000507,3
654,SSG_003980,1
655,SSG_000466,1
656,SSG_003904,4
657,SSG_003904,4
658,SSG_001941,0
659,SSG_001941,0
660,SSG_003251,2
661,SSG_003289,0
662,SSG_003249,3
663,SSG_002600,4
664,SSG_003252,1
665,SSG_003347,0
666,SSG_003759,2
667,SSG_002601,0
668,SSG_003786,4
669,SSG_000087,3
670,SSG_001931,1
671,SSG_001940,4
672,SSG_003940,3
673,SSG_001529,1
674,SSG_001525,0
675,SSG_001528,3
676,SSG_001526,0
677,SSG_001530,2
678,SSG_001527,0
679,SSG_002323,1
680,SSG_001430,1
681,SSG_003899,0
682,SSG_001164,1
683,SSG_000449,1
684,SSG_000450,4
685,SSG_003900,1
686,SSG_003781,1
687,SSG_003330,2
688,SSG_003221,3
689,SSG_003354,4
690,SSG_003778,0
691,SSG_003779,4
692,SSG_001796,0
693,SSG_002953,3
694,SSG_002795,0
695,SSG_000448,3
696,SSG_002753,2
697,SSG_003886,4
698,SSG_001080,4
699,SSG_002263,1
700,SSG_002262,0
701,SSG_000865,1
702,SSG_002264,2
703,SSG_001081,0
704,SSG_001079,2
705,SSG_001077,4
706,SSG_001078,1
707,SSG_001076,1
708,SSG_002265,3
709,SSG_002266,0
710,SSG_001082,3
711,SSG_002965,1
712,SSG_001205,1
713,SSG_003887,0
714,SSG_003365,4
715,SSG_002760,1
716,SSG_001178,4
717,SSG_001105,1
718,SSG_001104,2
719,SSG_002704,2
720,SSG_002537,2
721,SSG_001143,1
722,SSG_002371,4
723,SSG_002371,4
724,SSG_002728,3
725,SSG_000138,1
726,SSG_000148,3
727,SSG_000430,2
728,SSG_000150,3
729,SSG_000070,4
730,SSG_000069,2
731,SSG_002658,0
732,SSG_001871,0
733,SSG_001874,3
734,SSG_001872,1
735,SSG_001873,2
736,SSG_002509,4
737,SSG_001017,2
738,SSG_001018,3
739,SSG_003487,1
740,SSG_003585,1
741,SSG_002759,0
742,SSG_001609,3
743,SSG_002758,2
744,SSG_000141,2
745,SSG_000140,1
746,SSG_000418,2
747,SSG_000143,4
748,SSG_003390,0
749,SSG_003398,1
750,SSG_000873,4
751,SSG_000900,4
752,SSG_000949,2
753,SSG_001879,2
754,SSG_001521,1
755,SSG_001522,0
756,SSG_000981,4
757,SSG_000980,3
758,SSG_000983,0
759,SSG_001030,3
760,SSG_003387,4
761,SSG_003386,2
762,SSG_003467,4
763,SSG_003468,0
764,SSG_003403,2
765,SSG_002626,1
766,SSG_002627,1
767,SSG_003395,3
768,SSG_001258,0
769,SSG_001269,1
770,SSG_002524,1
771,SSG_002512,1
772,SSG_001084,0
773,SSG_001086,2
774,SSG_001087,4
775,SSG_000812,2
776,SSG_000814,0
777,SSG_000813,4
778,SSG_000815,2
779,SSG_001453,1
780,SSG_003114,2
781,SSG_001127,0
782,SSG_001124,2
783,SSG_000072,0
784,SSG_000071,3
785,SSG_000892,1
786,SSG_000940,0
787,SSG_000887,2
788,SSG_000934,1
789,SSG_001126,4
790,SSG_000889,2
791,SSG_000936,2
792,SSG_003430,4
793,SSG_001880,0
794,SSG_003417,4
795,SSG_000012,2
796,SSG_001040,3
797,SSG_000881,3
798,SSG_000925,2
799,SSG_000883,4
800,SSG_000878,4
801,SSG_000922,3
802,SSG_000879,0
803,SSG_000923,0
804,SSG_000880,1
805,SSG_000924,1
806,SSG_000877,3
807,SSG_000921,2
808,SSG_000013,3
809,SSG_000015,3
810,SSG_000011,1
811,SSG_000885,0
812,SSG_000930,2
813,SSG_000886,1
814,SSG_000931,4
815,SSG_000884,4
816,SSG_000928,0
817,SSG_001044,4
818,SSG_001054,1
819,SSG_001038,1
820,SSG_001049,1
821,SSG_000781,0
822,SSG_003905,0
823,SSG_000850,4
824,SSG_002651,4
825,SSG_000836,4
826,SSG_000811,3
827,SSG_000966,2
828,SSG_000696,3
829,SSG_001034,2
830,SSG_000817,2
831,SSG_003102,3
832,SSG_000019,4
833,SSG_001028,4
834,SSG_001944,3
835,SSG_000816,1
836,SSG_003133,3
837,SSG_003138,2
838,SSG_000961,0
839,SSG_001324,2
840,SSG_001327,4
841,SSG_001242,1
842,SSG_001243,4
843,SSG_002797,2
844,SSG_000152,0
845,SSG_000145,0
846,SSG_003108,3
847,SSG_001129,2
848,SSG_001128,1
849,SSG_001130,3
850,SSG_001378,1
851,SSG_001379,3
852,SSG_003116,4
853,SSG_003148,3
854,SSG_003150,4
855,SSG_001336,2
856,SSG_001335,3
857,SSG_000860,3
858,SSG_000861,4
859,SSG_000988,1
860,SSG_000989,2
861,SSG_001029,3
862,SSG_001032,1
863,SSG_001031,0
864,SSG_002496,2
865,SSG_001025,0
866,SSG_001026,1
867,SSG_001027,2
868,SSG_001013,4
869,SSG_001014,1
870,SSG_001011,0
871,SSG_001012,3
872,SSG_001538,1
873,SSG_003916,0
874,SSG_001420,3
875,SSG_003363,1
876,SSG_003764,4
877,SSG_002531,2
878,SSG_000698,1
879,SSG_003364,0
880,SSG_000840,2
881,SSG_000697,0
882,SSG_000839,0
883,SSG_000904,3
884,SSG_000956,4
885,SSG_001056,2
886,SSG_000903,2
887,SSG_000955,4
888,SSG_000838,3
889,SSG_000845,0
890,SSG_000695,2
891,SSG_003425,4
892,SSG_000858,1
893,SSG_001075,1
894,SSG_000857,0
895,SSG_000699,2
896,SSG_000862,0
897,SSG_000863,2
898,SSG_000902,1
899,SSG_000954,3
900,SSG_000855,4
901,SSG_000853,3
902,SSG_000841,1
903,SSG_000905,4
904,SSG_000957,0
905,SSG_000859,2
906,SSG_000967,3
907,SSG_000973,1
908,SSG_001314,0
909,SSG_001313,2
910,SSG_002518,0
911,SSG_002309,3
912,SSG_002283,2
913,SSG_001246,0
914,SSG_001245,4
915,SSG_003968,3
916,SSG_002528,0
917,SSG_001214,4
918,SSG_001212,1
919,SSG_001215,3
920,SSG_001462,2
921,SSG_001464,4
922,SSG_001466,2
923,SSG_002886,4
924,SSG_002523,0
925,SSG_001213,2
926,SSG_001463,3
927,SSG_001465,4
928,SSG_000452,3
929,SSG_000453,4
930,SSG_000451,0
931,SSG_002435,4
932,SSG_000919,1
933,SSG_000915,2
934,SSG_000952,2
935,SSG_000951,1
936,SSG_000901,0
937,SSG_000953,0
938,SSG_002436,0
939,SSG_000950,2
940,SSG_002697,0
941,SSG_003123,1
942,SSG_001260,3
943,SSG_003009,3
944,SSG_000932,3
945,SSG_002433,2
946,SSG_001259,0
947,SSG_001535,2
948,SSG_002735,4
949,SSG_002736,2
950,SSG_001333,4
951,SSG_001332,4
952,SSG_001334,0
953,SSG_002308,2
954,SSG_000175,3
955,SSG_003485,3
956,SSG_003583,4
957,SSG_003134,4
958,SSG_003135,0
959,SSG_001424,0
960,SSG_001425,3
961,SSG_000784,2
962,SSG_000762,4
963,SSG_003950,3
964,SSG_000779,3
965,SSG_000779,3
966,SSG_000765,0
967,SSG_000767,2
968,SSG_000766,1
969,SSG_001895,4
970,SSG_001884,4
971,SSG_000769,4
972,SSG_001883,3
973,SSG_003914,3
974,SSG_000770,0
975,SSG_003892,3
976,SSG_001323,1
977,SSG_003119,2
978,SSG_003127,1
979,SSG_003118,0
980,SSG_000818,3
981,SSG_003130,2
982,SSG_003149,2
983,SSG_000743,3
984,SSG_000997,3
985,SSG_000995,1
986,SSG_002791,4
987,SSG_001925,2
988,SSG_002790,3
989,SSG_002738,3
990,SSG_003219,1
991,SSG_003748,3
992,SSG_002286,0
993,SSG_000400,1
994,SSG_001125,3
995,SSG_001123,0
996,SSG_001852,4
997,SSG_002865,0
998,SSG_000427,1
999,SSG_003908,3
1000,SSG_003893,0
1001,SSG_003909,4
1002,SSG_000514,3
1003,SSG_003147,1
1004,SSG_000513,1
1005,SSG_003144,1
1006,SSG_003143,4
1007,SSG_003146,0
1008,SSG_003142,3
1009,SSG_003145,3
1010,SSG_001405,3
1011,SSG_000135,4
1012,SSG_000550,2
1013,SSG_002536,4
1014,SSG_002322,2
1015,SSG_000772,1
1016,SSG_000394,2
1017,SSG_000393,1
1018,SSG_000397,2
1019,SSG_000396,4
1020,SSG_002530,1
1021,SSG_002300,4
1022,SSG_000398,3
1023,SSG_000778,1
1024,SSG_000458,1
1025,SSG_002969,2
1026,SSG_002968,1
1027,SSG_002964,0
1028,SSG_002963,2
1029,SSG_001471,4
1030,SSG_002502,3
1031,SSG_001168,1
1032,SSG_001515,0
1033,SSG_000703,2
1034,SSG_000704,3
1035,SSG_001165,2
1036,SSG_000689,2
1037,SSG_000489,0
1038,SSG_000780,4
1039,SSG_000462,3
1040,SSG_000001,3
1041,SSG_000960,3
1042,SSG_000392,1
1043,SSG_001896,2
1044,SSG_003442,3
1045,SSG_002506,0
1046,SSG_001001,4
1047,SSG_001007,4
1048,SSG_001002,2
1049,SSG_001005,2
1050,SSG_001006,3
1051,SSG_001004,1
1052,SSG_001045,1
1053,SSG_000745,2
1054,SSG_000744,3
1055,SSG_003864,0
1056,SSG_003401,0
1057,SSG_003858,1
1058,SSG_003349,2
1059,SSG_001454,2
1060,SSG_003859,2
1061,SSG_003871,2
1062,SSG_003862,4
1063,SSG_002997,3
1064,SSG_002970,3
1065,SSG_003008,1
1066,SSG_001890,0
1067,SSG_003868,1
1068,SSG_003866,2
1069,SSG_000088,1
1070,SSG_000006,1
1071,SSG_000153,1
1072,SSG_001520,3
1073,SSG_003317,1
1074,SSG_000007,3
1075,SSG_000005,0
1076,SSG_001061,1
1077,SSG_003488,0
1078,SSG_000831,1
1079,SSG_000061,2
1080,SSG_000060,0
1081,SSG_000830,3
1082,SSG_001928,3
1083,SSG_001938,4
1084,SSG_001930,0
1085,SSG_001936,3
1086,SSG_002303,0
1087,SSG_000413,3
1088,SSG_003765,0
1089,SSG_003422,1
1090,SSG_002284,2
1091,SSG_002494,0
1092,SSG_002248,0
1093,SSG_003489,2
1094,SSG_002821,2
1095,SSG_002280,4
1096,SSG_000332,3
1097,SSG_000331,1
1098,SSG_002292,0
1099,SSG_000335,2
1100,SSG_000334,0
1101,SSG_000333,4
1102,SSG_000336,3
1103,SSG_000338,1
1104,SSG_000337,4
1105,SSG_000330,0
1106,SSG_001271,2
1107,SSG_000004,4
1108,SSG_002870,1
1109,SSG_002869,2
1110,SSG_002866,0
1111,SSG_002867,4
1112,SSG_002871,4
1113,SSG_002314,3
1114,SSG_002288,2
1115,SSG_002868,1
1116,SSG_002872,0
1117,SSG_001816,4
1118,SSG_002330,4
1119,SSG_001549,0
1120,SSG_001939,4
1121,SSG_001942,1
1122,SSG_002779,1
1123,SSG_001854,0
1124,SSG_001864,1
1125,SSG_000976,0
1126,SSG_000975,3
1127,SSG_000979,2
1128,SSG_000978,1
1129,SSG_000974,4
1130,SSG_000977,2
1131,SSG_001649,4
1132,SSG_001194,4
1133,SSG_001067,1
1134,SSG_000828,2
1135,SSG_002660,2
1136,SSG_002667,4
1137,SSG_002666,1
1138,SSG_002277,0
1139,SSG_001390,2
1140,SSG_001385,1
1141,SSG_001524,4
1142,SSG_001523,2
1143,SSG_000415,3
1144,SSG_003941,0
1145,SSG_001000,3
1146,SSG_000009,0
1147,SSG_000008,2
1148,SSG_000010,4
1149,SSG_002298,0
1150,SSG_002272,0
1151,SSG_002637,3
1152,SSG_000506,2
1153,SSG_002636,2
1154,SSG_000807,2
1155,SSG_003082,0
1156,SSG_002638,0
1157,SSG_000402,2
1158,SSG_003418,0
1159,SSG_002973,0
1160,SSG_002632,1
1161,SSG_002628,2
1162,SSG_000505,0
1163,SSG_002629,3
1164,SSG_002633,2
1165,SSG_002631,0
1166,SSG_002630,4
1167,SSG_002634,3
1168,SSG_002635,4
1169,SSG_000180,1
1170,SSG_001252,2
1171,SSG_000875,1
1172,SSG_000062,1
1173,SSG_000083,1
1174,SSG_000084,1
1175,SSG_001640,2
1176,SSG_001882,0
1177,SSG_003253,3
1178,SSG_003250,0
1179,SSG_003248,2
1180,SSG_001455,0
1181,SSG_003471,3
1182,SSG_002822,2
1183,SSG_001253,3
1184,SSG_001263,1
1185,SSG_000584,0
1186,SSG_000320,2
1187,SSG_002620,1
1188,SSG_000832,4
1189,SSG_002781,4
1190,SSG_000799,0
1191,SSG_000798,2
1192,SSG_000797,1
1193,SSG_000795,1
1194,SSG_000796,2
1195,SSG_000793,0
1196,SSG_000794,1
1197,SSG_000792,4
1198,SSG_000801,4
1199,SSG_000800,3
1200,SSG_001060,0
1201,SSG_000791,3
1202,SSG_003958,3
1203,SSG_000802,4
1204,SSG_003998,1
1205,SSG_003979,0
1206,SSG_003318,3
1207,SSG_000020,0
1208,SSG_003157,3
1209,SSG_003247,4
1210,SSG_000317,4
1211,SSG_003121,4
1212,SSG_003113,1
1213,SSG_002975,3
1214,SSG_000706,1
1215,SSG_002621,3
1216,SSG_002624,4
1217,SSG_003939,2
1218,SSG_001325,4
1219,SSG_002643,2
1220,SSG_002644,3
1221,SSG_002643,2
1222,SSG_002644,3
1223,SSG_002645,4
1224,SSG_002677,3
1225,SSG_002678,1
1226,SSG_002676,0
1227,SSG_002678,1
1228,SSG_002679,2
1229,SSG_002677,3
1230,SSG_002678,1
1231,SSG_002677,3
1232,SSG_002676,0
1233,SSG_002677,3
1234,SSG_002678,1
1235,SSG_002652,0
1236,SSG_002652,0
1237,SSG_002692,1
1238,SSG_002692,1
1239,SSG_002692,1
1240,SSG_002653,1
1241,SSG_002693,4
1242,SSG_003324,0
1243,SSG_003323,3
1244,SSG_000312,1
1245,SSG_000313,2
1246,SSG_000313,2
1247,SSG_000313,2
1248,SSG_001181,1
1249,SSG_001182,2
1250,SSG_001196,1
1251,SSG_001195,0
1252,SSG_001196,1
1253,SSG_001196,1
1254,SSG_001197,4
1255,SSG_001196,1
1256,SSG_001196,1
1257,SSG_001185,0
1258,SSG_003853,3
1259,SSG_003852,0
1260,SSG_003827,3
1261,SSG_003367,2
1262,SSG_003367,2
1263,SSG_003375,4
1264,SSG_003375,4
1265,SSG_003375,4
1266,SSG_003375,4
1267,SSG_003375,4
1268,SSG_003375,4
1269,SSG_003375,4
1270,SSG_003375,4
1271,SSG_003375,4
1272,SSG_003834,3
1273,SSG_003854,2
1274,SSG_002696,2
1275,SSG_002656,4
1276,SSG_003877,2
1277,SSG_003878,0
1278,SSG_003878,0
1279,SSG_003878,0
1280,SSG_003878,0
1281,SSG_003878,0
1282,SSG_003878,0
1283,SSG_003878,0
1284,SSG_003878,0
1285,SSG_003878,0
1286,SSG_003878,0
1287,SSG_003878,0
1288,SSG_003878,0
1289,SSG_003878,0
1290,SSG_003835,0
1291,SSG_003836,1
1292,SSG_003836,1
1293,SSG_003836,1
1294,SSG_003836,1
1295,SSG_003836,1
1296,SSG_003835,0
1297,SSG_003836,1
1298,SSG_003836,1
1299,SSG_003836,1
1300,SSG_003836,1
1301,SSG_003368,3
1302,SSG_003376,0
1303,SSG_003377,1
1304,SSG_003369,4
1305,SSG_003837,4
1306,SSG_003838,2
1307,SSG_003839,3
1308,SSG_003881,1
1309,SSG_003879,3
1310,SSG_003880,4
1311,SSG_000174,1
1312,SSG_000287,3
1313,SSG_002770,0
1314,SSG_002765,1
1315,SSG_002765,1
1316,SSG_002765,1
1317,SSG_002765,1
1318,SSG_002765,1
1319,SSG_000708,1
1320,SSG_000707,4
1321,SSG_000707,4
1322,SSG_001063,1
1323,SSG_001064,3
1324,SSG_001068,4
1325,SSG_001068,4
1326,SSG_003361,1
1327,SSG_003360,3
1328,SSG_000433,0
1329,SSG_000433,0
1330,SSG_003450,2
1331,SSG_002984,3
1332,SSG_002313,2
1333,SSG_001504,3
1334,SSG_003362,4
1335,SSG_003362,4
1336,SSG_003359,2
1337,SSG_003359,2
1338,SSG_001294,1
1339,SSG_001294,1
1340,SSG_001299,0
1341,SSG_001299,0
1342,SSG_003443,2
1343,SSG_003443,2
1344,SSG_003443,2
1345,SSG_003443,2
1346,SSG_003444,0
1347,SSG_003443,2
1348,SSG_003453,4
1349,SSG_003453,4
1350,SSG_003453,4
1351,SSG_003453,4
1352,SSG_003453,4
1353,SSG_003454,4
1354,SSG_003453,4
1355,SSG_003039,1
1356,SSG_003001,2
1357,SSG_003001,2
1358,SSG_002998,3
1359,SSG_002995,2
1360,SSG_003040,3
1361,SSG_003826,2
1362,SSG_003840,3
1363,SSG_003841,0
1364,SSG_003841,0
1365,SSG_003882,0
1366,SSG_003882,0
1367,SSG_002642,0
1368,SSG_002672,4
1369,SSG_003830,1
1370,SSG_003874,0
1371,SSG_003874,0
1372,SSG_003872,4
1373,SSG_003855,4
1374,SSG_003855,4
1375,SSG_003865,4
1376,SSG_003865,4
1377,SSG_003831,4
1378,SSG_003159,3
1379,SSG_003160,1
1380,SSG_003161,2
1381,SSG_002686,3
1382,SSG_002686,3
1383,SSG_002686,3
1384,SSG_002686,3
1385,SSG_002686,3
1386,SSG_002686,3
1387,SSG_002686,3
1388,SSG_002686,3
1389,SSG_002686,3
1390,SSG_002686,3
1391,SSG_002647,2
1392,SSG_002647,2
1393,SSG_002647,2
1394,SSG_000246,4
1395,SSG_000690,3
1396,SSG_000825,4
1397,SSG_000508,1
1398,SSG_000509,4
1399,SSG_000509,4
1400,SSG_000692,0
1401,SSG_000692,0
1402,SSG_000692,0
1403,SSG_001180,0
1404,SSG_001192,2
1405,SSG_001193,1
1406,SSG_001193,1
1407,SSG_001193,1
1408,SSG_000829,1
1409,SSG_000829,1
1410,SSG_000829,1
1411,SSG_000829,1
1412,SSG_000691,4
1413,SSG_000826,0
1414,SSG_003959,0
1415,SSG_003965,2
1416,SSG_000510,0
1417,SSG_000510,0
1418,SSG_003960,1
1419,SSG_003966,3
1420,SSG_003967,4
1421,SSG_003961,2
1422,SSG_001163,0
1423,SSG_003761,3
1424,SSG_003760,2
1425,SSG_001408,1
1426,SSG_001408,1
1427,SSG_001408,1
1428,SSG_001419,3
1429,SSG_001419,3
1430,SSG_001419,3
1431,SSG_001419,3
1432,SSG_001419,3
1433,SSG_001419,3
1434,SSG_001208,0
1435,SSG_002740,4
1436,SSG_002740,4
1437,SSG_003441,3
1438,SSG_003441,3
1439,SSG_003452,1
1440,SSG_003452,1
1441,SSG_002339,3
1442,SSG_002338,0
1443,SSG_002329,3
1444,SSG_002347,0
1445,SSG_002318,1
1446,SSG_003445,3
1447,SSG_003455,0
1448,SSG_002694,2
1449,SSG_002654,3
1450,SSG_001326,3
1451,SSG_003370,0
1452,SSG_003370,0
1453,SSG_003371,1
1454,SSG_003370,0
1455,SSG_003370,0
1456,SSG_003370,0
1457,SSG_003370,0
1458,SSG_003372,2
1459,SSG_003372,2
1460,SSG_003869,0
1461,SSG_003870,1
1462,SSG_003870,1
1463,SSG_003860,0
1464,SSG_003860,0
1465,SSG_003861,3
1466,SSG_003861,3
1467,SSG_003861,3
1468,SSG_003829,4
1469,SSG_003828,0
1470,SSG_003856,1
1471,SSG_003110,1
1472,SSG_003110,1
1473,SSG_003110,1
1474,SSG_003110,1
1475,SSG_003110,1
1476,SSG_003110,1
1477,SSG_003110,1
1478,SSG_003217,0
1479,SSG_000261,4
1480,SSG_000808,3
1481,SSG_001062,2
1482,SSG_000809,0
1483,SSG_001066,4
1484,SSG_000249,0
1485,SSG_000823,2
1486,SSG_000460,1
1487,SSG_001089,0
1488,SSG_000702,4
1489,SSG_001144,4
1490,SSG_001144,4
1491,SSG_001144,4
1492,SSG_001144,4
1493,SSG_001144,4
1494,SSG_001148,4
1495,SSG_001148,4
1496,SSG_001148,4
1497,SSG_001148,4
1498,SSG_001148,4
1499,SSG_000412,4
1500,SSG_001149,2
1501,SSG_000385,3
1502,SSG_000384,0
1503,SSG_003788,1
1504,SSG_003787,1
1505,SSG_003790,3
1506,SSG_003790,3
1507,SSG_003789,2
1508,SSG_003791,0
1509,SSG_001417,0
1510,SSG_001319,2
1511,SSG_001298,1
1512,SSG_002671,4
1513,SSG_000827,0
1514,SSG_000827,0
1515,SSG_000827,0
1516,SSG_000803,1
1517,SSG_000824,4
1518,SSG_000806,1
1519,SSG_000497,2
1520,SSG_002680,3
1521,SSG_001517,3
1522,SSG_001518,4
1523,SSG_003415,4
1524,SSG_001418,1
1525,SSG_004004,1
1526,SSG_004004,1
1527,SSG_004005,2
1528,SSG_004006,3
1529,SSG_004004,1
1530,SSG_004004,1
1531,SSG_004006,3
1532,SSG_004001,4
1533,SSG_004000,3
1534,SSG_004002,4
1535,SSG_004008,3
1536,SSG_004008,3
1537,SSG_001416,2
1538,SSG_000024,2
1539,SSG_000021,4
1540,SSG_004071,4
1541,SSG_004071,4
1542,SSG_004075,2
1543,SSG_004075,2
1544,SSG_003867,3
1545,SSG_003867,3
1546,SSG_004067,3
1547,SSG_004066,2
1548,SSG_002689,2
1549,SSG_001412,1
1550,SSG_000075,2
1551,SSG_003412,2
1552,SSG_003981,3
1553,SSG_003983,3
1554,SSG_003982,2
1555,SSG_003983,3
1556,SSG_003984,4
1557,SSG_003983,3
1558,SSG_002792,4
1559,SSG_002792,4
1560,SSG_003056,1
1561,SSG_003013,2
1562,SSG_004014,1
1563,SSG_002591,3
1564,SSG_002596,1
1565,SSG_003383,0
1566,SSG_003383,0
1567,SSG_003383,0
1568,SSG_003383,0
1569,SSG_003383,0
1570,SSG_003857,0
1571,SSG_003857,0
1572,SSG_002593,4
1573,SSG_002597,2
1574,SSG_002592,3
1575,SSG_002649,1
1576,SSG_003293,4
1577,SSG_003465,1
1578,SSG_003465,1
1579,SSG_003465,1
1580,SSG_003466,0
1581,SSG_003466,0
1582,SSG_003466,0
1583,SSG_002691,0
1584,SSG_000790,2
1585,SSG_001415,4
1586,SSG_002786,4
1587,SSG_001409,4
1588,SSG_003052,1
1589,SSG_002787,1
1590,SSG_003053,0
1591,SSG_003053,0
1592,SSG_003011,0
1593,SSG_003350,3
1594,SSG_003990,4
1595,SSG_001935,1
1596,SSG_001935,1
1597,SSG_002798,0
1598,SSG_002557,0
1599,SSG_002426,0
1600,SSG_003988,2
1601,SSG_003850,2
1602,SSG_003850,2
1603,SSG_003993,4
1604,SSG_003991,0
1605,SSG_003992,2
1606,SSG_003994,2
1607,SSG_003270,1
1608,SSG_001507,4
1609,SSG_001141,3
1610,SSG_001413,2
1611,SSG_001147,0
1612,SSG_000482,4
1613,SSG_000478,0
1614,SSG_000383,4
1615,SSG_004011,2
1616,SSG_001295,2
1617,SSG_002771,1
1618,SSG_002424,2
1619,SSG_002789,2
1620,SSG_003012,1
1621,SSG_003055,0
1622,SSG_003842,2
1623,SSG_003000,0
1624,SSG_003037,0
1625,SSG_001952,3
1626,SSG_002462,1
1627,SSG_002562,3
1628,SSG_003198,1
1629,SSG_003943,1
1630,SSG_001414,3
1631,SSG_001411,0
1632,SSG_003845,4
1633,SSG_003849,2
1634,SSG_004065,1
1635,SSG_003167,2
1636,SSG_003315,4
1637,SSG_002650,3
1638,SSG_000459,0
1639,SSG_000511,2
1640,SSG_002595,0
1641,SSG_002590,2
1642,SSG_002589,1
1643,SSG_002594,1
1644,SSG_003382,2
1645,SSG_003382,2
1646,SSG_003381,3
1647,SSG_003381,3
1648,SSG_003381,3
1649,SSG_003381,3
1650,SSG_003381,3
1651,SSG_003381,3
1652,SSG_003381,3
1653,SSG_003381,3
1654,SSG_003379,1
1655,SSG_000481,2
1656,SSG_000477,1
1657,SSG_003348,1
1658,SSG_003962,4
1659,SSG_000709,1
1660,SSG_003792,4
1661,SSG_000350,0
1662,SSG_000346,4
1663,SSG_000382,2
1664,SSG_004063,4
1665,SSG_002611,2
1666,SSG_002336,4
1667,SSG_004012,2
1668,SSG_004013,0
1669,SSG_001924,1
1670,SSG_002556,3
1671,SSG_002337,3
1672,SSG_000074,3
1673,SSG_004064,0
1674,SSG_003844,4
1675,SSG_001189,4
1676,SSG_001315,4
1677,SSG_003951,4
1678,SSG_003952,1
1679,SSG_003216,0
1680,SSG_002978,2
1681,SSG_001300,0
1682,SSG_003303,2
1683,SSG_003302,1
1684,SSG_000328,3
1685,SSG_002307,4
1686,SSG_001933,0
1687,SSG_003058,3
1688,SSG_003060,4
1689,SSG_001472,0
1690,SSG_003780,0
1691,SSG_000294,0
1692,SSG_000348,3
1693,SSG_002813,3
1694,SSG_000782,3
1695,SSG_000054,0
1696,SSG_002688,1
1697,SSG_003304,3
1698,SSG_003305,2
1699,SSG_002861,2
1700,SSG_000388,3
1701,SSG_003846,0
1702,SSG_002534,1
1703,SSG_002538,0
1704,SSG_002543,0
1705,SSG_002541,4
1706,SSG_003767,3
1707,SSG_001207,3
1708,SSG_001206,2
1709,SSG_000023,3
1710,SSG_003163,0
1711,SSG_002306,3
1712,SSG_002317,4
1713,SSG_003355,1
1714,SSG_003356,2
1715,SSG_003873,3
1716,SSG_000531,1
1717,SSG_003332,3
1718,SSG_003335,0
1719,SSG_003333,3
1720,SSG_003337,1
1721,SSG_003380,2
1722,SSG_003380,2
1723,SSG_003380,2
1724,SSG_003380,2
1725,SSG_003380,2
1726,SSG_001329,0
1727,SSG_001328,1
1728,SSG_001331,3
1729,SSG_001330,2
1730,SSG_001238,2
1731,SSG_001240,2
1732,SSG_004007,0
1733,SSG_000297,2
1734,SSG_000297,2
1735,SSG_000297,2
1736,SSG_000297,2
1737,SSG_000292,0
1738,SSG_000311,0
1739,SSG_004003,0
1740,SSG_000286,4
1741,SSG_004009,4
1742,SSG_002834,4
1743,SSG_000022,1
1744,SSG_002648,1
1745,SSG_002687,2
1746,SSG_002857,3
1747,SSG_002858,0
1748,SSG_001244,3
1749,SSG_000326,0
1750,SSG_003208,3
1751,SSG_003208,3
1752,SSG_003206,4
1753,SSG_003206,4
1754,SSG_003209,0
1755,SSG_003207,2
1756,SSG_000025,0
1757,SSG_002817,0
1758,SSG_002817,0
1759,SSG_002863,3
1760,SSG_003199,0
1761,SSG_003200,3
1762,SSG_002876,0
1763,SSG_002885,4
1764,SSG_002885,4
1765,SSG_002885,4
1766,SSG_000389,2
1767,SSG_002830,3
1768,SSG_003151,2
1769,SSG_003152,4
1770,SSG_000387,1
1771,SSG_003848,0
1772,SSG_000479,3
1773,SSG_001280,3
1774,SSG_001279,2
1775,SSG_003470,2
1776,SSG_003863,1
1777,SSG_002423,1
1778,SSG_000173,0
1779,SSG_000288,1
1780,SSG_000268,3
1781,SSG_000272,2
1782,SSG_000276,0
1783,SSG_002981,4
1784,SSG_003798,0
1785,SSG_003799,1
1786,SSG_000757,0
1787,SSG_002811,1
1788,SSG_000293,4
1789,SSG_002855,0
1790,SSG_002856,4
1791,SSG_002617,2
1792,SSG_002619,0
1793,SSG_002812,2
1794,SSG_001179,0
1795,SSG_004010,1
1796,SSG_002854,2
1797,SSG_002431,0
1798,SSG_000280,4
1799,SSG_000269,4
1800,SSG_003291,2
1801,SSG_002311,4
1802,SSG_002836,3
1803,SSG_003843,1
1804,SSG_003851,3
1805,SSG_003847,1
1806,SSG_001198,2
1807,SSG_000473,4
1808,SSG_004072,4
1809,SSG_004077,0
1810,SSG_004073,0
1811,SSG_004078,0
1812,SSG_003057,2
1813,SSG_003059,3
1814,SSG_003964,1
1815,SSG_002873,1
1816,SSG_002878,1
1817,SSG_002875,3
1818,SSG_002884,3
1819,SSG_002883,1
1820,SSG_002874,2
1821,SSG_001881,2
1822,SSG_002977,0
1823,SSG_003103,4
1824,SSG_003104,1
1825,SSG_000266,1
1826,SSG_000406,2
1827,SSG_000408,3
1828,SSG_004076,3
1829,SSG_004076,3
1830,SSG_001211,4
1831,SSG_000169,2
1832,SSG_000171,2
1833,SSG_000164,1
1834,SSG_000680,1
1835,SSG_000716,0
1836,SSG_002815,4
1837,SSG_002457,2
1838,SSG_002425,3
1839,SSG_000291,3
1840,SSG_002586,4
1841,SSG_003109,4
1842,SSG_003105,0
1843,SSG_003106,0
1844,SSG_000172,1
1845,SSG_000166,4
1846,SSG_002607,0
1847,SSG_002609,3
1848,SSG_003449,0
1849,SSG_000464,0
1850,SSG_000464,0
1851,SSG_000464,0
1852,SSG_000463,4
1853,SSG_000463,4
1854,SSG_002429,1
1855,SSG_000279,2
1856,SSG_000273,1
1857,SSG_000277,3
1858,SSG_001237,2
1859,SSG_001239,4
1860,SSG_002340,1
1861,SSG_002544,2
1862,SSG_002542,3
1863,SSG_002535,3
1864,SSG_002539,1
1865,SSG_000310,2
1866,SSG_000310,2
1867,SSG_003205,1
1868,SSG_003203,4
1869,SSG_003204,0
1870,SSG_003204,0
1871,SSG_003202,1
1872,SSG_003202,1
1873,SSG_003238,3
1874,SSG_003239,4
1875,SSG_003963,0
1876,SSG_003193,4
1877,SSG_002397,4
1878,SSG_002396,2
1879,SSG_002881,2
1880,SSG_002879,2
1881,SSG_002411,3
1882,SSG_002409,1
1883,SSG_000472,3
1884,SSG_000264,3
1885,SSG_001320,3
1886,SSG_001318,1
1887,SSG_001318,1
1888,SSG_001322,0
1889,SSG_001316,3
1890,SSG_003096,4
1891,SSG_003097,1
1892,SSG_002391,2
1893,SSG_002384,4
1894,SSG_002640,1
1895,SSG_002641,1
1896,SSG_002393,0
1897,SSG_002386,0
1898,SSG_000501,1
1899,SSG_000503,3
1900,SSG_002420,1
1901,SSG_001074,2
1902,SSG_001241,0
1903,SSG_003100,2
1904,SSG_003101,0
1905,SSG_000756,3
1906,SSG_002799,1
1907,SSG_000167,2
1908,SSG_002685,0
1909,SSG_000265,0
1910,SSG_002454,1
1911,SSG_002443,0
1912,SSG_002862,4
1913,SSG_002835,3
1914,SSG_001140,2
1915,SSG_002610,4
1916,SSG_000057,3
1917,SSG_000058,0
1918,SSG_000058,0
1919,SSG_000056,2
1920,SSG_000059,4
1921,SSG_002441,2
1922,SSG_002452,2
1923,SSG_002603,4
1924,SSG_002605,3
1925,SSG_000454,1
1926,SSG_000455,3
1927,SSG_000170,3
1928,SSG_000165,0
1929,SSG_001589,0
1930,SSG_001591,0
1931,SSG_002400,1
1932,SSG_002402,3
1933,SSG_001906,1
1934,SSG_001908,3
1935,SSG_000308,0
1936,SSG_000308,0
1937,SSG_000303,4
1938,SSG_000303,4
1939,SSG_000298,4
1940,SSG_000298,4
1941,SSG_002421,0
1942,SSG_002422,4
1943,SSG_003139,1
1944,SSG_003140,0
1945,SSG_002616,4
1946,SSG_002618,0
1947,SSG_002558,4
1948,SSG_002561,3
1949,SSG_000305,3
1950,SSG_000305,3
1951,SSG_000309,1
1952,SSG_000309,1
1953,SSG_002388,2
1954,SSG_002430,4
1955,SSG_003081,3
1956,SSG_003081,3
1957,SSG_001190,0
1958,SSG_003352,3
1959,SSG_002417,0
1960,SSG_000275,3
1961,SSG_003154,0
1962,SSG_003156,2
1963,SSG_003331,4
1964,SSG_003334,0
1965,SSG_003336,4
1966,SSG_003128,0
1967,SSG_003129,1
1968,SSG_001317,0
1969,SSG_001321,4
1970,SSG_002438,2
1971,SSG_002448,3
1972,SSG_003046,3
1973,SSG_003048,3
1974,SSG_003049,4
1975,SSG_003047,4
1976,SSG_002820,1
1977,SSG_000405,1
1978,SSG_000407,4
1979,SSG_003646,1
1980,SSG_003647,4
1981,SSG_003155,1
1982,SSG_002450,0
1983,SSG_001209,4
1984,SSG_001210,0
1985,SSG_001184,4
1986,SSG_001183,3
1987,SSG_000306,3
1988,SSG_000306,3
1989,SSG_002445,2
1990,SSG_002456,4
1991,SSG_001625,4
1992,SSG_001625,4
1993,SSG_001627,1
1994,SSG_001627,1
1995,SSG_000386,0
1996,SSG_000290,2
1997,SSG_000271,2
1998,SSG_002606,1
1999,SSG_002608,2
2000,SSG_001510,1
2001,SSG_001510,1
2002,SSG_000327,2
2003,SSG_000304,2
2004,SSG_000304,2
2005,SSG_002427,3
2006,SSG_002428,2
2007,SSG_002684,2
2008,SSG_002560,2
2009,SSG_000168,4
2010,SSG_000162,4
2011,SSG_003481,2
2012,SSG_003482,2
2013,SSG_003098,0
2014,SSG_003099,1
2015,SSG_001440,4
2016,SSG_001442,0
2017,SSG_002814,4
2018,SSG_003094,3
2019,SSG_003095,2
2020,SSG_002681,4
2021,SSG_002414,3
2022,SSG_001914,2
2023,SSG_001606,3
2024,SSG_003374,4
2025,SSG_002410,2
2026,SSG_002408,0
2027,SSG_000262,0
2028,SSG_000263,2
2029,SSG_002551,4
2030,SSG_002553,3
2031,SSG_002816,4
2032,SSG_002816,4
2033,SSG_002554,2
2034,SSG_002552,0
2035,SSG_002392,3
2036,SSG_002385,4
2037,SSG_000500,0
2038,SSG_000502,2
2039,SSG_002418,1
2040,SSG_002419,2
2041,SSG_001072,3
2042,SSG_001073,0
2043,SSG_000289,0
2044,SSG_000278,1
2045,SSG_000270,0
2046,SSG_000274,4
2047,SSG_002829,4
2048,SSG_001511,2
2049,SSG_001511,2
2050,SSG_001508,4
2051,SSG_001508,4
2052,SSG_002859,1
2053,SSG_002860,4
2054,SSG_002695,3
2055,SSG_002864,3
2056,SSG_000163,0
2057,SSG_000179,0
2058,SSG_000536,4
2059,SSG_002453,4
2060,SSG_002442,3
2061,SSG_002446,4
2062,SSG_002458,3
2063,SSG_002440,1
2064,SSG_002451,1
2065,SSG_002602,2
2066,SSG_002604,1
2067,SSG_001090,2
2068,SSG_001235,0
2069,SSG_001905,2
2070,SSG_001907,3
2071,SSG_002399,0
2072,SSG_002401,2
2073,SSG_001588,1
2074,SSG_001590,1
2075,SSG_001236,1
2076,SSG_002559,1
2077,SSG_003042,2
2078,SSG_003044,1
2079,SSG_003045,2
2080,SSG_003043,0
2081,SSG_001153,4
2082,SSG_001151,3
2083,SSG_002809,0
2084,SSG_000160,0
2085,SSG_002383,3
2086,SSG_002387,1
2087,SSG_001441,3
2088,SSG_001443,1
2089,SSG_001623,2
2090,SSG_001623,2
2091,SSG_003378,3
2092,SSG_001624,4
2093,SSG_001624,4
2094,SSG_002415,0
2095,SSG_002416,4
2096,SSG_000161,3
2097,SSG_001621,3
2098,SSG_001621,3
2099,SSG_002655,2
2100,SSG_000307,4
2101,SSG_000307,4
2102,SSG_000301,1
2103,SSG_000301,1
2104,SSG_002806,0
2105,SSG_001622,1
2106,SSG_001622,1
2107,SSG_002800,2
2108,SSG_002877,4
2109,SSG_002444,1
2110,SSG_002455,0
2111,SSG_002437,4
2112,SSG_002447,4
2113,SSG_001475,0
2114,SSG_002682,0
2115,SSG_003413,3
2116,SSG_003414,1
2117,SSG_001231,1
2118,SSG_002449,3
2119,SSG_002439,4
2120,SSG_002683,1
2121,SSG_002646,0
2122,SSG_002999,3
2123,SSG_002996,2
2124,SSG_001432,2
2125,SSG_001436,1
2126,SSG_002819,1
2127,SSG_001438,2
2128,SSG_001434,3
2129,SSG_000302,1
2130,SSG_000302,1
2131,SSG_002547,2
2132,SSG_002549,0
2133,SSG_002550,1
2134,SSG_002548,3
2135,SSG_001154,1
2136,SSG_001152,2
2137,SSG_002555,4
2138,SSG_001506,2
2139,SSG_003131,3
2140,SSG_003132,4
2141,SSG_003373,3
2142,SSG_002810,3
2143,SSG_002808,2
2144,SSG_002805,4
2145,SSG_000299,4
2146,SSG_000299,4
2147,SSG_002412,4
2148,SSG_002413,3
2149,SSG_001604,0
2150,SSG_001605,2
2151,SSG_001912,2
2152,SSG_001913,1
2153,SSG_002390,1
2154,SSG_001218,4
2155,SSG_001220,1
2156,SSG_001224,3
2157,SSG_001228,2
2158,SSG_001232,2
2159,SSG_000300,0
2160,SSG_000300,0
2161,SSG_001433,2
2162,SSG_001437,0
2163,SSG_001222,1
2164,SSG_001226,4
2165,SSG_001230,3
2166,SSG_002818,4
2167,SSG_000534,3
2168,SSG_000535,1
2169,SSG_001439,3
2170,SSG_001435,4
2171,SSG_001423,4
2172,SSG_003141,2
2173,SSG_001505,3
2174,SSG_000677,2
2175,SSG_001223,0
2176,SSG_000065,4
2177,SSG_001374,1
2178,SSG_001376,2
2179,SSG_001221,2
2180,SSG_001225,1
2181,SSG_001229,0
2182,SSG_001422,3
2183,SSG_001626,0
2184,SSG_001626,0
2185,SSG_001628,2
2186,SSG_001628,2
2187,SSG_001934,2
2188,SSG_001943,2
2189,SSG_002807,1
2190,SSG_000319,0
2191,SSG_001375,4
2192,SSG_001377,0
2193,SSG_000064,3
2194,SSG_000063,4
2195,SSG_002882,0
2196,SSG_000281,0
2197,SSG_001092,4
2198,SSG_001094,1
2199,SSG_001096,3
2200,SSG_000212,1
2201,SSG_000213,4
2202,SSG_001370,3
2203,SSG_001372,3
2204,SSG_001483,1
2205,SSG_001484,1
2206,SSG_000693,4
2207,SSG_000318,2
2208,SSG_001234,3
2209,SSG_002880,3
2210,SSG_001821,0
2211,SSG_001909,4
2212,SSG_001371,0
2213,SSG_001373,4
2214,SSG_002389,3
2215,SSG_001233,4
2216,SSG_001219,2
2217,SSG_001227,1
2218,SSG_003411,0
2219,SSG_001216,0
2220,SSG_001217,3
2221,SSG_000267,2
2222,SSG_000284,0
2223,SSG_000284,0
2224,SSG_000285,3
2225,SSG_000282,1
2226,SSG_000282,1
2227,SSG_001191,3
2228,SSG_000283,2
2229,SSG_000283,2
2230,SSG_001093,0
2231,SSG_001095,2
2232,SSG_000538,0
2233,SSG_003137,1
2234,SSG_003136,1
2235,SSG_003351,4
2236,SSG_003353,0
2237,SSG_004020,3
2238,SSG_004019,2
2239,SSG_004019,2
2240,SSG_004038,1
2241,SSG_004038,1
2242,SSG_004038,1
2243,SSG_004050,3
2244,SSG_004050,3
2245,SSG_004021,4
2246,SSG_004021,4
2247,SSG_004021,4
2248,SSG_004021,4
2249,SSG_004021,4
2250,SSG_004021,4
2251,SSG_004021,4
2252,SSG_004022,0
2253,SSG_004021,4
2254,SSG_004021,4
2255,SSG_004021,4
2256,SSG_004021,4
2257,SSG_004021,4
2258,SSG_004021,4
2259,SSG_004021,4
2260,SSG_004021,4
2261,SSG_004021,4
2262,SSG_004021,4
2263,SSG_004021,4
2264,SSG_004021,4
2265,SSG_004021,4
2266,SSG_004021,4
2267,SSG_004040,0
2268,SSG_004040,0
2269,SSG_004040,0
2270,SSG_004040,0
2271,SSG_004040,0
2272,SSG_004040,0
2273,SSG_004040,0
2274,SSG_004040,0
2275,SSG_004040,0
2276,SSG_004040,0
2277,SSG_004040,0
2278,SSG_004040,0
2279,SSG_004041,2
2280,SSG_004040,0
2281,SSG_004040,0
2282,SSG_004040,0
2283,SSG_004040,0
2284,SSG_004040,0
2285,SSG_004040,0
2286,SSG_004032,1
2287,SSG_004032,1
2288,SSG_004032,1
2289,SSG_004031,4
2290,SSG_004025,2
2291,SSG_004025,2
2292,SSG_004044,1
2293,SSG_004047,1
2294,SSG_004047,1
2295,SSG_004047,1
2296,SSG_004023,1
2297,SSG_004028,3
2298,SSG_004023,1
2299,SSG_004023,1
2300,SSG_004042,3
2301,SSG_004042,3
2302,SSG_004026,0
2303,SSG_004026,0
2304,SSG_004026,0
2305,SSG_004026,0
2306,SSG_004026,0
2307,SSG_004026,0
2308,SSG_004026,0
2309,SSG_004026,0
2310,SSG_004026,0
2311,SSG_004027,0
2312,SSG_004045,4
2313,SSG_004045,4
2314,SSG_004046,0
2315,SSG_004045,4
2316,SSG_004045,4
2317,SSG_004046,0
2318,SSG_004029,4
2319,SSG_004029,4
2320,SSG_004029,4
2321,SSG_004029,4
2322,SSG_004029,4
2323,SSG_004029,4
2324,SSG_004029,4
2325,SSG_004029,4
2326,SSG_004048,4
2327,SSG_004048,4
2328,SSG_004048,4
2329,SSG_004048,4
2330,SSG_004048,4
2331,SSG_004029,4
2332,SSG_004029,4
2333,SSG_004030,0
2334,SSG_000188,3
2335,SSG_003743,1
2336,SSG_003742,3
2337,SSG_003742,3
2338,SSG_003735,0
2339,SSG_003735,0
2340,SSG_003735,0
2341,SSG_003541,0
2342,SSG_003544,3
2343,SSG_003544,3
2344,SSG_003544,3
2345,SSG_003544,3
2346,SSG_003544,3
2347,SSG_003628,2
2348,SSG_003628,2
2349,SSG_003628,2
2350,SSG_003628,2
2351,SSG_003672,4
2352,SSG_003673,0
2353,SSG_003672,4
2354,SSG_003672,4
2355,SSG_003653,2
2356,SSG_003653,2
2357,SSG_003065,3
2358,SSG_003065,3
2359,SSG_003078,4
2360,SSG_003078,4
2361,SSG_003078,4
2362,SSG_003078,4
2363,SSG_003078,4
2364,SSG_003017,4
2365,SSG_003017,4
2366,SSG_002898,2
2367,SSG_002898,2
2368,SSG_002898,2
2369,SSG_002898,2
2370,SSG_002898,2
2371,SSG_002898,2
2372,SSG_002898,2
2373,SSG_003027,1
2374,SSG_003027,1
2375,SSG_003027,1
2376,SSG_002931,3
2377,SSG_002931,3
2378,SSG_002931,3
2379,SSG_002931,3
2380,SSG_002931,3
2381,SSG_002966,4
2382,SSG_002989,2
2383,SSG_003028,2
2384,SSG_002933,0
2385,SSG_003562,1
2386,SSG_003562,1
2387,SSG_003562,1
2388,SSG_003563,4
2389,SSG_003562,1
2390,SSG_003562,1
2391,SSG_003562,1
2392,SSG_003563,4
2393,SSG_003562,1
2394,SSG_003562,1
2395,SSG_003562,1
2396,SSG_003562,1
2397,SSG_003562,1
2398,SSG_003562,1
2399,SSG_003562,1
2400,SSG_003637,0
2401,SSG_003637,0
2402,SSG_003636,3
2403,SSG_003636,3
2404,SSG_003636,3
2405,SSG_003636,3
2406,SSG_003636,3
2407,SSG_003637,0
2408,SSG_003637,0
2409,SSG_003637,0
2410,SSG_003636,3
2411,SSG_003636,3
2412,SSG_003636,3
2413,SSG_003636,3
2414,SSG_003636,3
2415,SSG_003699,2
2416,SSG_003704,3
2417,SSG_003705,1
2418,SSG_003705,1
2419,SSG_003705,1
2420,SSG_003705,1
2421,SSG_003744,4
2422,SSG_003744,4
2423,SSG_003746,0
2424,SSG_003746,0
2425,SSG_003746,0
2426,SSG_003713,3
2427,SSG_003693,1
2428,SSG_003692,0
2429,SSG_003691,2
2430,SSG_003691,2
2431,SSG_003656,2
2432,SSG_003657,4
2433,SSG_003655,1
2434,SSG_003655,1
2435,SSG_002967,0
2436,SSG_002941,4
2437,SSG_003400,2
2438,SSG_003066,2
2439,SSG_003720,2
2440,SSG_003720,2
2441,SSG_003720,2
2442,SSG_003720,2
2443,SSG_003720,2
2444,SSG_003720,2
2445,SSG_003720,2
2446,SSG_003720,2
2447,SSG_003726,3
2448,SSG_003726,3
2449,SSG_003726,3
2450,SSG_003726,3
2451,SSG_003726,3
2452,SSG_003726,3
2453,SSG_003696,1
2454,SSG_002903,2
2455,SSG_002903,2
2456,SSG_002903,2
2457,SSG_003947,0
2458,SSG_002942,4
2459,SSG_002942,4
2460,SSG_002942,4
2461,SSG_003030,1
2462,SSG_002990,3
2463,SSG_002903,2
2464,SSG_002990,3
2465,SSG_003067,4
2466,SSG_002904,4
2467,SSG_003019,1
2468,SSG_003942,0
2469,SSG_004043,1
2470,SSG_003307,1
2471,SSG_003307,1
2472,SSG_003307,1
2473,SSG_003308,0
2474,SSG_003313,4
2475,SSG_003271,2
2476,SSG_003271,2
2477,SSG_003272,3
2478,SSG_003271,2
2479,SSG_003287,2
2480,SSG_003287,2
2481,SSG_003287,2
2482,SSG_003281,1
2483,SSG_003281,1
2484,SSG_003281,1
2485,SSG_003281,1
2486,SSG_003298,1
2487,SSG_003283,3
2488,SSG_003288,4
2489,SSG_003288,4
2490,SSG_004049,2
2491,SSG_004049,2
2492,SSG_003312,4
2493,SSG_003290,1
2494,SSG_003301,0
2495,SSG_003285,3
2496,SSG_003274,0
2497,SSG_003274,0
2498,SSG_003274,0
2499,SSG_003284,0
2500,SSG_003284,0
2501,SSG_003296,3
2502,SSG_003296,3
2503,SSG_003309,0
2504,SSG_003277,4
2505,SSG_003277,4
2506,SSG_003277,4
2507,SSG_003286,1
2508,SSG_003286,1
2509,SSG_003314,3
2510,SSG_003299,0
2511,SSG_003299,0
2512,SSG_003277,4
2513,SSG_003310,2
2514,SSG_003278,4
2515,SSG_003297,4
2516,SSG_003311,3
2517,SSG_003300,3
2518,SSG_003342,1
2519,SSG_000183,1
2520,SSG_000315,3
2521,SSG_002891,2
2522,SSG_001302,1
2523,SSG_002892,2
2524,SSG_003061,1
2525,SSG_003014,2
2526,SSG_000198,4
2527,SSG_002906,1
2528,SSG_002907,2
2529,SSG_003020,2
2530,SSG_003021,1
2531,SSG_002971,4
2532,SSG_002972,1
2533,SSG_002961,0
2534,SSG_002962,3
2535,SSG_002897,3
2536,SSG_002897,3
2537,SSG_002744,2
2538,SSG_002749,3
2539,SSG_002743,1
2540,SSG_002895,4
2541,SSG_002930,3
2542,SSG_002930,3
2543,SSG_002748,0
2544,SSG_003758,1
2545,SSG_003762,3
2546,SSG_002945,1
2547,SSG_002908,3
2548,SSG_002908,3
2549,SSG_002908,3
2550,SSG_002925,1
2551,SSG_002925,1
2552,SSG_002925,1
2553,SSG_002926,4
2554,SSG_003003,1
2555,SSG_003003,1
2556,SSG_003005,0
2557,SSG_003025,4
2558,SSG_003025,4
2559,SSG_003026,0
2560,SSG_002958,4
2561,SSG_002959,2
2562,SSG_003077,4
2563,SSG_003068,0
2564,SSG_002955,0
2565,SSG_003015,3
2566,SSG_003015,3
2567,SSG_003079,2
2568,SSG_003079,2
2569,SSG_001293,3
2570,SSG_002912,3
2571,SSG_002912,3
2572,SSG_001291,3
2573,SSG_001291,3
2574,SSG_001287,2
2575,SSG_001287,2
2576,SSG_001287,2
2577,SSG_003032,2
2578,SSG_003033,4
2579,SSG_002948,1
2580,SSG_002776,0
2581,SSG_002940,2
2582,SSG_002935,2
2583,SSG_002775,3
2584,SSG_002775,3
2585,SSG_002994,1
2586,SSG_002994,1
2587,SSG_002994,1
2588,SSG_002994,1
2589,SSG_002992,0
2590,SSG_002983,4
2591,SSG_002983,4
2592,SSG_002983,4
2593,SSG_002988,1
2594,SSG_002988,1
2595,SSG_002988,1
2596,SSG_002988,1
2597,SSG_001292,0
2598,SSG_002914,4
2599,SSG_002914,4
2600,SSG_002914,4
2601,SSG_002914,4
2602,SSG_002914,4
2603,SSG_002950,4
2604,SSG_002950,4
2605,SSG_002950,4
2606,SSG_002950,4
2607,SSG_003515,3
2608,SSG_003606,0
2609,SSG_003581,4
2610,SSG_003641,0
2611,SSG_001307,4
2612,SSG_003022,3
2613,SSG_003070,1
2614,SSG_003038,2
2615,SSG_003038,2
2616,SSG_003038,2
2617,SSG_000185,0
2618,SSG_002199,2
2619,SSG_002198,1
2620,SSG_002053,2
2621,SSG_002053,2
2622,SSG_002054,3
2623,SSG_002053,2
2624,SSG_002053,2
2625,SSG_002053,2
2626,SSG_002053,2
2627,SSG_002054,3
2628,SSG_002053,2
2629,SSG_002053,2
2630,SSG_002053,2
2631,SSG_002053,2
2632,SSG_002053,2
2633,SSG_002053,2
2634,SSG_002157,4
2635,SSG_002157,4
2636,SSG_002157,4
2637,SSG_002157,4
2638,SSG_002157,4
2639,SSG_002157,4
2640,SSG_002471,0
2641,SSG_002484,1
2642,SSG_002469,3
2643,SSG_002469,3
2644,SSG_002469,3
2645,SSG_002469,3
2646,SSG_002482,4
2647,SSG_002482,4
2648,SSG_002482,4
2649,SSG_002482,4
2650,SSG_002568,0
2651,SSG_002581,4
2652,SSG_002581,4
2653,SSG_002581,4
2654,SSG_002112,1
2655,SSG_002901,0
2656,SSG_002160,2
2657,SSG_002260,3
2658,SSG_002260,3
2659,SSG_002271,2
2660,SSG_002271,2
2661,SSG_002569,4
2662,SSG_003631,1
2663,SSG_003558,4
2664,SSG_003559,1
2665,SSG_003558,4
2666,SSG_003559,1
2667,SSG_003561,0
2668,SSG_003738,3
2669,SSG_003731,1
2670,SSG_002096,1
2671,SSG_002188,0
2672,SSG_002188,0
2673,SSG_002188,0
2674,SSG_002582,0
2675,SSG_003883,2
2676,SSG_002345,2
2677,SSG_002745,4
2678,SSG_002486,1
2679,SSG_002570,1
2680,SSG_002057,1
2681,SSG_002057,1
2682,SSG_002057,1
2683,SSG_002057,1
2684,SSG_002057,1
2685,SSG_002057,1
2686,SSG_002161,4
2687,SSG_002161,4
2688,SSG_002162,1
2689,SSG_002472,4
2690,SSG_002485,2
2691,SSG_002316,0
2692,SSG_002312,1
2693,SSG_003638,1
2694,SSG_003572,0
2695,SSG_003506,2
2696,SSG_003580,3
2697,SSG_003660,4
2698,SSG_003661,4
2699,SSG_003669,1
2700,SSG_003670,2
2701,SSG_003665,0
2702,SSG_002099,2
2703,SSG_002099,2
2704,SSG_002099,2
2705,SSG_002474,2
2706,SSG_002487,3
2707,SSG_002487,3
2708,SSG_002190,2
2709,SSG_002190,2
2710,SSG_002190,2
2711,SSG_002099,2
2712,SSG_002474,2
2713,SSG_002896,0
2714,SSG_002929,2
2715,SSG_003697,0
2716,SSG_003727,1
2717,SSG_002905,0
2718,SSG_003509,4
2719,SSG_003635,4
2720,SSG_003603,1
2721,SSG_003603,1
2722,SSG_003640,4
2723,SSG_003617,2
2724,SSG_003616,4
2725,SSG_003690,3
2726,SSG_003648,0
2727,SSG_003648,0
2728,SSG_003685,3
2729,SSG_003685,3
2730,SSG_003934,3
2731,SSG_003934,3
2732,SSG_003935,4
2733,SSG_003934,3
2734,SSG_003934,3
2735,SSG_003934,3
2736,SSG_003934,3
2737,SSG_003934,3
2738,SSG_003934,3
2739,SSG_003935,4
2740,SSG_003935,4
2741,SSG_003934,3
2742,SSG_003934,3
2743,SSG_003934,3
2744,SSG_003934,3
2745,SSG_003928,2
2746,SSG_003928,2
2747,SSG_003931,0
2748,SSG_003930,4
2749,SSG_002102,3
2750,SSG_002475,2
2751,SSG_002571,1
2752,SSG_002939,1
2753,SSG_002937,3
2754,SSG_003723,0
2755,SSG_003723,0
2756,SSG_003723,0
2757,SSG_003723,0
2758,SSG_003725,2
2759,SSG_003725,2
2760,SSG_003718,1
2761,SSG_003718,1
2762,SSG_003718,1
2763,SSG_003718,1
2764,SSG_003719,0
2765,SSG_003719,0
2766,SSG_003719,0
2767,SSG_002902,3
2768,SSG_003181,0
2769,SSG_003181,0
2770,SSG_003181,0
2771,SSG_003181,0
2772,SSG_003169,1
2773,SSG_003169,1
2774,SSG_003169,1
2775,SSG_003169,1
2776,SSG_003169,1
2777,SSG_003169,1
2778,SSG_003169,1
2779,SSG_003169,1
2780,SSG_003169,1
2781,SSG_003175,4
2782,SSG_003175,4
2783,SSG_003175,4
2784,SSG_003175,4
2785,SSG_003175,4
2786,SSG_003195,1
2787,SSG_003195,1
2788,SSG_003195,1
2789,SSG_003183,3
2790,SSG_003183,3
2791,SSG_003183,3
2792,SSG_003197,3
2793,SSG_003186,3
2794,SSG_003176,0
2795,SSG_003294,1
2796,SSG_003182,0
2797,SSG_003184,2
2798,SSG_003192,0
2799,SSG_003189,1
2800,SSG_003185,4
2801,SSG_003185,4
2802,SSG_003194,0
2803,SSG_003194,0
2804,SSG_003194,0
2805,SSG_003194,0
2806,SSG_003282,2
2807,SSG_003263,3
2808,SSG_003279,3
2809,SSG_003173,3
2810,SSG_003173,3
2811,SSG_003178,2
2812,SSG_003178,2
2813,SSG_003196,2
2814,SSG_003196,2
2815,SSG_003196,2
2816,SSG_003191,3
2817,SSG_003190,2
2818,SSG_003201,2
2819,SSG_003187,0
2820,SSG_003173,3
2821,SSG_003153,0
2822,SSG_003266,2
2823,SSG_004033,2
2824,SSG_004033,2
2825,SSG_003174,4
2826,SSG_003179,3
2827,SSG_003276,3
2828,SSG_003295,2
2829,SSG_003339,2
2830,SSG_003341,3
2831,SSG_003338,2
2832,SSG_003340,3
2833,SSG_003345,0
2834,SSG_000186,1
2835,SSG_000710,0
2836,SSG_002889,3
2837,SSG_002920,0
2838,SSG_003010,2
2839,SSG_001204,4
2840,SSG_001204,4
2841,SSG_002741,4
2842,SSG_002052,1
2843,SSG_002052,1
2844,SSG_002567,3
2845,SSG_002468,3
2846,SSG_002259,3
2847,SSG_002478,0
2848,SSG_002564,1
2849,SSG_002466,1
2850,SSG_002014,3
2851,SSG_002924,1
2852,SSG_002764,0
2853,SSG_002917,3
2854,SSG_000456,2
2855,SSG_002125,4
2856,SSG_002578,2
2857,SSG_002154,0
2858,SSG_002579,2
2859,SSG_002750,3
2860,SSG_002751,4
2861,SSG_002911,0
2862,SSG_002911,0
2863,SSG_002947,3
2864,SSG_002947,3
2865,SSG_002947,3
2866,SSG_002932,4
2867,SSG_001277,0
2868,SSG_001274,4
2869,SSG_002296,3
2870,SSG_002297,4
2871,SSG_002296,3
2872,SSG_002949,0
2873,SSG_002949,0
2874,SSG_002949,0
2875,SSG_002949,0
2876,SSG_004017,4
2877,SSG_002913,1
2878,SSG_002109,2
2879,SSG_002110,0
2880,SSG_002109,2
2881,SSG_004036,4
2882,SSG_002467,2
2883,SSG_002467,2
2884,SSG_002479,3
2885,SSG_002980,2
2886,SSG_002028,3
2887,SSG_002016,3
2888,SSG_002017,4
2889,SSG_002016,3
2890,SSG_002361,3
2891,SSG_003457,2
2892,SSG_002111,2
2893,SSG_002129,2
2894,SSG_002129,2
2895,SSG_002343,4
2896,SSG_002343,4
2897,SSG_002344,0
2898,SSG_002943,0
2899,SSG_002251,3
2900,SSG_002252,4
2901,SSG_002566,4
2902,SSG_002098,3
2903,SSG_002098,3
2904,SSG_003023,4
2905,SSG_002481,1
2906,SSG_002480,4
2907,SSG_002326,2
2908,SSG_002212,4
2909,SSG_002116,3
2910,SSG_002115,1
2911,SSG_002572,4
2912,SSG_002476,0
2913,SSG_003782,2
2914,SSG_002115,1
2915,SSG_002572,4
2916,SSG_002489,3
2917,SSG_002490,4
2918,SSG_002029,0
2919,SSG_002293,0
2920,SSG_002956,1
2921,SSG_003035,3
2922,SSG_003007,0
2923,SSG_003041,4
2924,SSG_002894,1
2925,SSG_003016,4
2926,SSG_003062,3
2927,SSG_002213,0
2928,SSG_002213,0
2929,SSG_002213,0
2930,SSG_002213,0
2931,SSG_002213,0
2932,SSG_002118,2
2933,SSG_002118,2
2934,SSG_002118,2
2935,SSG_002118,2
2936,SSG_002585,0
2937,SSG_002585,0
2938,SSG_002585,0
2939,SSG_002574,2
2940,SSG_002477,1
2941,SSG_002315,2
2942,SSG_003783,3
2943,SSG_003784,4
2944,SSG_003793,1
2945,SSG_003884,3
2946,SSG_002915,0
2947,SSG_002614,0
2948,SSG_000184,2
2949,SSG_003557,3
2950,SSG_003555,2
2951,SSG_003557,3
2952,SSG_003556,2
2953,SSG_003557,3
2954,SSG_003555,2
2955,SSG_003557,3
2956,SSG_003557,3
2957,SSG_003557,3
2958,SSG_003557,3
2959,SSG_003557,3
2960,SSG_003555,2
2961,SSG_003557,3
2962,SSG_003557,3
2963,SSG_003555,2
2964,SSG_003557,3
2965,SSG_003557,3
2966,SSG_003557,3
2967,SSG_003557,3
2968,SSG_003630,1
2969,SSG_003630,1
2970,SSG_003519,2
2971,SSG_003519,2
2972,SSG_003519,2
2973,SSG_003519,2
2974,SSG_003519,2
2975,SSG_003519,2
2976,SSG_003519,2
2977,SSG_003703,2
2978,SSG_003702,0
2979,SSG_003552,3
2980,SSG_003732,2
2981,SSG_003698,0
2982,SSG_003785,0
2983,SSG_003004,4
2984,SSG_003002,3
2985,SSG_002890,2
2986,SSG_002921,4
2987,SSG_001286,4
2988,SSG_001286,4
2989,SSG_001289,0
2990,SSG_001691,4
2991,SSG_001691,4
2992,SSG_001692,4
2993,SSG_002044,2
2994,SSG_002044,2
2995,SSG_002356,1
2996,SSG_002356,1
2997,SSG_002732,2
2998,SSG_002733,2
2999,SSG_002730,1
3000,SSG_002731,0
3001,SSG_001860,1
3002,SSG_002780,2
3003,SSG_002362,3
3004,SSG_003737,2
3005,SSG_003577,1
3006,SSG_003533,0
3007,SSG_003503,2
3008,SSG_003596,3
3009,SSG_002993,4
3010,SSG_002533,0
3011,SSG_003504,0
3012,SSG_003534,2
3013,SSG_003578,4
3014,SSG_003615,0
3015,SSG_003663,1
3016,SSG_003667,4
3017,SSG_003668,0
3018,SSG_003602,4
3019,SSG_003925,4
3020,SSG_003932,2
3021,SSG_003933,1
3022,SSG_003927,1
3023,SSG_002101,1
3024,SSG_003570,4
3025,SSG_003571,2
3026,SSG_003565,2
3027,SSG_003564,2
3028,SSG_003510,1
3029,SSG_004034,3
3030,SSG_004051,0
3031,SSG_002575,4
3032,SSG_003633,2
3033,SSG_003634,3
3034,SSG_003505,1
3035,SSG_003535,4
3036,SSG_003579,2
3037,SSG_003700,3
3038,SSG_003700,3
3039,SSG_003639,2
3040,SSG_003706,4
3041,SSG_003658,2
3042,SSG_003683,1
3043,SSG_003684,3
3044,SSG_003658,2
3045,SSG_003654,0
3046,SSG_002938,0
3047,SSG_002936,1
3048,SSG_003674,1
3049,SSG_003775,3
3050,SSG_003772,3
3051,SSG_003772,3
3052,SSG_003769,2
3053,SSG_004052,1
3054,SSG_004052,1
3055,SSG_004052,1
3056,SSG_004052,1
3057,SSG_004052,1
3058,SSG_004052,1
3059,SSG_004052,1
3060,SSG_004052,1
3061,SSG_004052,1
3062,SSG_004052,1
3063,SSG_004061,3
3064,SSG_004060,1
3065,SSG_004059,2
3066,SSG_004056,3
3067,SSG_004056,3
3068,SSG_004053,4
3069,SSG_004053,4
3070,SSG_004053,4
3071,SSG_004053,4
3072,SSG_004057,0
3073,SSG_003709,0
3074,SSG_003709,0
3075,SSG_003709,0
3076,SSG_003709,0
3077,SSG_003711,2
3078,SSG_003711,2
3079,SSG_003711,2
3080,SSG_003711,2
3081,SSG_003711,2
3082,SSG_003711,2
3083,SSG_003722,4
3084,SSG_003722,4
3085,SSG_003722,4
3086,SSG_003717,4
3087,SSG_003717,4
3088,SSG_003717,4
3089,SSG_003717,4
3090,SSG_003695,4
3091,SSG_003707,0
3092,SSG_003708,4
3093,SSG_002987,4
3094,SSG_003507,3
3095,SSG_003601,3
3096,SSG_004018,2
3097,SSG_004037,0
3098,SSG_004058,0
3099,SSG_004058,0
3100,SSG_004062,4
3101,SSG_004062,4
3102,SSG_004062,4
3103,SSG_004062,4
3104,SSG_004062,4
3105,SSG_004024,1
3106,SSG_004068,4
3107,SSG_004068,4
3108,SSG_004069,3
3109,SSG_004068,4
3110,SSG_003265,1
3111,SSG_003262,0
3112,SSG_004074,1
3113,SSG_003957,4
3114,SSG_003264,0
3115,SSG_000259,4
3116,SSG_000068,0
3117,SSG_000681,0
3118,SSG_003275,2
3119,SSG_003547,2
3120,SSG_000446,0
3121,SSG_000247,3
3122,SSG_000247,3
3123,SSG_000248,3
3124,SSG_000379,1
3125,SSG_000381,3
3126,SSG_000381,3
3127,SSG_000260,1
3128,SSG_000694,1
3129,SSG_000341,2
3130,SSG_000528,4
3131,SSG_000528,4
3132,SSG_000528,4
3133,SSG_000521,0
3134,SSG_000521,0
3135,SSG_003929,3
3136,SSG_000776,0
3137,SSG_000442,0
3138,SSG_000441,3
3139,SSG_002146,2
3140,SSG_002150,2
3141,SSG_002140,1
3142,SSG_002050,0
3143,SSG_004039,3
3144,SSG_000404,0
3145,SSG_001273,3
3146,SSG_001275,0
3147,SSG_002295,2
3148,SSG_002295,2
3149,SSG_001447,1
3150,SSG_001033,2
3151,SSG_000533,0
3152,SSG_003525,4
3153,SSG_003609,0
3154,SSG_003671,3
3155,SSG_002495,1
3156,SSG_002341,4
3157,SSG_001474,2
3158,SSG_001473,1
3159,SSG_002584,3
3160,SSG_002584,3
3161,SSG_002211,3
3162,SSG_002211,3
3163,SSG_002117,0
3164,SSG_002573,3
3165,SSG_000522,1
3166,SSG_002483,0
3167,SSG_002055,3
3168,SSG_002159,0
3169,SSG_002763,4
3170,SSG_002742,0
3171,SSG_003649,1
3172,SSG_002380,0
3173,SSG_002033,3
3174,SSG_002136,1
3175,SSG_002155,1
3176,SSG_002156,3
3177,SSG_001742,1
3178,SSG_001742,1
3179,SSG_002723,4
3180,SSG_002012,0
3181,SSG_001670,2
3182,SSG_001671,3
3183,SSG_001669,0
3184,SSG_001669,0
3185,SSG_001669,0
3186,SSG_001669,0
3187,SSG_001669,0
3188,SSG_001669,0
3189,SSG_001669,0
3190,SSG_001669,0
3191,SSG_001669,0
3192,SSG_001669,0
3193,SSG_001669,0
3194,SSG_002725,0
3195,SSG_002726,1
3196,SSG_002726,1
3197,SSG_002726,1
3198,SSG_002355,0
3199,SSG_002355,0
3200,SSG_001655,3
3201,SSG_001655,3
3202,SSG_003955,2
3203,SSG_003756,3
3204,SSG_002888,1
3205,SSG_000444,2
3206,SSG_002152,3
3207,SSG_002134,3
3208,SSG_002142,3
3209,SSG_002036,1
3210,SSG_002051,0
3211,SSG_002181,0
3212,SSG_002181,0
3213,SSG_002181,0
3214,SSG_002181,0
3215,SSG_002182,3
3216,SSG_002182,3
3217,SSG_001548,4
3218,SSG_002335,2
3219,SSG_001730,1
3220,SSG_002091,2
3221,SSG_002095,0
3222,SSG_002327,1
3223,SSG_002094,4
3224,SSG_002187,4
3225,SSG_002762,3
3226,SSG_001720,0
3227,SSG_002048,4
3228,SSG_002247,4
3229,SSG_002018,4
3230,SSG_002189,1
3231,SSG_002119,4
3232,SSG_000187,4
3233,SSG_001301,2
3234,SSG_003517,0
3235,SSG_003518,3
3236,SSG_003517,0
3237,SSG_003518,3
3238,SSG_003518,3
3239,SSG_003517,0
3240,SSG_003517,0
3241,SSG_003518,3
3242,SSG_003518,3
3243,SSG_003518,3
3244,SSG_003517,0
3245,SSG_003517,0
3246,SSG_003518,3
3247,SSG_003518,3
3248,SSG_003518,3
3249,SSG_003517,0
3250,SSG_003608,2
3251,SSG_003607,1
3252,SSG_003608,2
3253,SSG_003607,1
3254,SSG_003607,1
3255,SSG_003607,1
3256,SSG_003514,3
3257,SSG_003514,3
3258,SSG_003514,3
3259,SSG_003514,3
3260,SSG_003514,3
3261,SSG_003514,3
3262,SSG_003514,3
3263,SSG_003514,3
3264,SSG_003605,4
3265,SSG_003522,3
3266,SSG_002351,1
3267,SSG_002342,2
3268,SSG_002009,2
3269,SSG_002124,3
3270,SSG_002173,2
3271,SSG_002173,2
3272,SSG_002173,2
3273,SSG_002173,2
3274,SSG_002173,2
3275,SSG_001587,3
3276,SSG_002081,4
3277,SSG_002080,0
3278,SSG_002081,4
3279,SSG_002081,4
3280,SSG_002353,3
3281,SSG_002043,1
3282,SSG_002043,1
3283,SSG_001699,1
3284,SSG_001690,1
3285,SSG_002333,3
3286,SSG_001862,4
3287,SSG_002358,4
3288,SSG_002357,3
3289,SSG_003740,1
3290,SSG_003741,2
3291,SSG_003537,0
3292,SSG_002951,0
3293,SSG_002777,3
3294,SSG_002778,0
3295,SSG_001285,2
3296,SSG_002767,4
3297,SSG_003526,0
3298,SSG_003662,3
3299,SSG_002910,2
3300,SSG_003031,0
3301,SSG_003031,0
3302,SSG_002909,4
3303,SSG_003069,4
3304,SSG_003006,4
3305,SSG_003080,3
3306,SSG_002946,2
3307,SSG_002976,4
3308,SSG_001306,3
3309,SSG_001305,4
3310,SSG_003508,4
3311,SSG_003701,4
3312,SSG_003611,0
3313,SSG_003612,2
3314,SSG_003612,2
3315,SSG_003527,1
3316,SSG_003528,2
3317,SSG_003632,0
3318,SSG_003632,0
3319,SSG_003622,0
3320,SSG_003623,2
3321,SSG_003539,1
3322,SSG_003540,3
3323,SSG_003540,3
3324,SSG_003629,1
3325,SSG_003688,4
3326,SSG_003650,0
3327,SSG_003652,3
3328,SSG_003681,3
3329,SSG_003689,2
3330,SSG_002214,1
3331,SSG_003569,2
3332,SSG_003724,1
3333,SSG_002473,1
3334,SSG_003920,0
3335,SSG_002796,1
3336,SSG_003034,2
3337,SSG_003223,0
3338,SSG_003223,0
3339,SSG_003223,0
3340,SSG_003223,0
3341,SSG_003223,0
3342,SSG_003227,2
3343,SSG_003234,2
3344,SSG_003236,1
3345,SSG_003232,3
3346,SSG_003228,0
3347,SSG_003240,2
3348,SSG_003774,1
3349,SSG_003770,4
3350,SSG_003771,0
3351,SSG_001284,3
3352,SSG_000257,2
3353,SSG_000254,3
3354,SSG_003710,1
3355,SSG_003224,1
3356,SSG_003225,3
3357,SSG_003224,1
3358,SSG_003224,1
3359,SSG_003233,4
3360,SSG_003230,1
3361,SSG_003235,0
3362,SSG_003168,3
3363,SSG_003168,3
3364,SSG_003165,4
3365,SSG_003165,4
3366,SSG_003165,4
3367,SSG_003170,0
3368,SSG_003170,0
3369,SSG_003162,4
3370,SSG_003229,2
3371,SSG_000375,2
3372,SSG_000523,2
3373,SSG_000524,3
3374,SSG_000810,1
3375,SSG_003172,0
3376,SSG_003177,1
3377,SSG_003172,0
3378,SSG_003171,2
3379,SSG_003226,4
3380,SSG_003260,3
3381,SSG_003919,2
3382,SSG_003924,4
3383,SSG_001446,4
3384,SSG_000525,4
3385,SSG_000683,2
3386,SSG_000530,0
3387,SSG_003166,1
3388,SSG_000251,2
3389,SSG_000532,2
3390,SSG_000532,2
3391,SSG_001156,2
3392,SSG_002304,1
3393,SSG_002698,0
3394,SSG_003437,0
3395,SSG_001461,1
3396,SSG_000429,0
3397,SSG_001448,4
3398,SSG_000428,4
3399,SSG_001617,3
3400,SSG_001739,1
3401,SSG_001922,4
3402,SSG_002470,3
3403,SSG_002147,4
3404,SSG_002153,2
3405,SSG_002131,4
3406,SSG_002135,2
3407,SSG_002144,0
3408,SSG_003733,4
3409,SSG_002032,1
3410,SSG_001159,0
3411,SSG_001158,3
3412,SSG_000377,3
3413,SSG_002108,4
3414,SSG_001867,0
3415,SSG_002381,1
3416,SSG_001870,1
3417,SSG_003751,4
3418,SSG_003750,4
3419,SSG_003753,1
3420,SSG_003749,4
3421,SSG_003752,0
3422,SSG_002183,0
3423,SSG_001802,0
3424,SSG_001729,0
3425,SSG_002714,0
3426,SSG_002013,1
3427,SSG_001674,4
3428,SSG_001501,3
3429,SSG_001719,4
3430,SSG_001719,4
3431,SSG_002459,3
3432,SSG_001741,4
3433,SSG_002015,2
3434,SSG_001497,2
3435,SSG_002092,3
3436,SSG_002201,4
3437,SSG_002461,2
3438,SSG_001923,0
3439,SSG_001813,2
3440,SSG_001815,1
3441,SSG_000207,4
3442,SSG_003970,1
3443,SSG_003970,1
3444,SSG_003970,1
3445,SSG_003970,1
3446,SSG_003970,1
3447,SSG_003970,1
3448,SSG_003971,1
3449,SSG_003976,3
3450,SSG_001567,4
3451,SSG_002107,3
3452,SSG_001975,1
3453,SSG_001974,2
3454,SSG_001974,2
3455,SSG_001663,3
3456,SSG_001663,3
3457,SSG_001662,4
3458,SSG_001663,3
3459,SSG_001663,3
3460,SSG_001663,3
3461,SSG_001662,4
3462,SSG_001663,3
3463,SSG_001663,3
3464,SSG_001662,4
3465,SSG_001662,4
3466,SSG_001663,3
3467,SSG_001663,3
3468,SSG_001672,4
3469,SSG_002727,2
3470,SSG_002195,0
3471,SSG_001576,2
3472,SSG_001689,2
3473,SSG_002103,4
3474,SSG_002352,2
3475,SSG_002724,2
3476,SSG_001585,2
3477,SSG_001861,2
3478,SSG_001566,3
3479,SSG_002089,0
3480,SSG_002090,1
3481,SSG_002090,1
3482,SSG_002084,1
3483,SSG_002085,2
3484,SSG_002085,2
3485,SSG_002180,2
3486,SSG_002180,2
3487,SSG_002175,3
3488,SSG_002176,4
3489,SSG_002038,0
3490,SSG_002037,1
3491,SSG_001774,4
3492,SSG_001631,1
3493,SSG_001675,0
3494,SSG_002022,2
3495,SSG_002023,0
3496,SSG_002354,4
3497,SSG_001724,0
3498,SSG_002020,1
3499,SSG_001632,2
3500,SSG_001716,2
3501,SSG_002042,4
3502,SSG_002373,1
3503,SSG_001892,1
3504,SSG_002372,3
3505,SSG_003978,4
3506,SSG_003972,2
3507,SSG_000443,1
3508,SSG_002151,1
3509,SSG_002130,3
3510,SSG_002133,0
3511,SSG_002141,2
3512,SSG_003973,4
3513,SSG_003973,4
3514,SSG_003973,4
3515,SSG_003975,1
3516,SSG_003975,1
3517,SSG_003975,1
3518,SSG_003973,4
3519,SSG_002210,0
3520,SSG_002366,3
3521,SSG_002588,0
3522,SSG_002588,0
3523,SSG_002701,4
3524,SSG_000046,3
3525,SSG_000046,3
3526,SSG_000046,3
3527,SSG_000046,3
3528,SSG_000026,1
3529,SSG_000026,1
3530,SSG_000026,1
3531,SSG_000026,1
3532,SSG_000032,3
3533,SSG_000032,3
3534,SSG_000032,3
3535,SSG_000038,1
3536,SSG_000038,1
3537,SSG_000038,1
3538,SSG_000034,1
3539,SSG_000037,0
3540,SSG_000037,0
3541,SSG_000037,0
3542,SSG_000042,1
3543,SSG_000042,1
3544,SSG_000042,1
3545,SSG_000041,4
3546,SSG_000041,4
3547,SSG_003512,1
3548,SSG_003513,2
3549,SSG_003513,2
3550,SSG_003513,2
3551,SSG_003513,2
3552,SSG_003513,2
3553,SSG_003513,2
3554,SSG_003490,4
3555,SSG_003490,4
3556,SSG_003521,1
3557,SSG_003521,1
3558,SSG_003492,4
3559,SSG_003491,3
3560,SSG_001779,2
3561,SSG_002079,2
3562,SSG_001853,1
3563,SSG_002229,2
3564,SSG_002229,2
3565,SSG_002242,0
3566,SSG_003974,0
3567,SSG_002492,2
3568,SSG_002960,3
3569,SSG_003036,2
3570,SSG_000372,0
3571,SSG_000372,0
3572,SSG_002769,3
3573,SSG_002739,1
3574,SSG_002005,2
3575,SSG_000053,4
3576,SSG_000027,2
3577,SSG_000033,0
3578,SSG_000055,1
3579,SSG_000039,2
3580,SSG_000040,3
3581,SSG_000040,3
3582,SSG_000028,2
3583,SSG_000028,2
3584,SSG_000028,2
3585,SSG_000028,2
3586,SSG_000028,2
3587,SSG_000047,4
3588,SSG_000047,4
3589,SSG_000047,4
3590,SSG_000050,1
3591,SSG_000051,3
3592,SSG_000043,0
3593,SSG_000043,0
3594,SSG_002583,2
3595,SSG_002114,4
3596,SSG_002305,1
3597,SSG_000048,0
3598,SSG_000048,0
3599,SSG_000048,0
3600,SSG_000052,2
3601,SSG_000052,2
3602,SSG_000052,2
3603,SSG_000029,3
3604,SSG_000029,3
3605,SSG_000035,2
3606,SSG_000035,2
3607,SSG_000035,2
3608,SSG_000029,3
3609,SSG_003736,1
3610,SSG_003576,0
3611,SSG_003595,2
3612,SSG_003619,1
3613,SSG_003529,3
3614,SSG_003566,0
3615,SSG_002120,0
3616,SSG_002230,1
3617,SSG_000527,0
3618,SSG_000036,4
3619,SSG_000030,4
3620,SSG_002986,0
3621,SSG_004055,2
3622,SSG_004055,2
3623,SSG_003501,4
3624,SSG_002246,2
3625,SSG_001946,4
3626,SSG_002493,1
3627,SSG_003180,1
3628,SSG_003678,1
3629,SSG_002900,1
3630,SSG_000258,2
3631,SSG_000252,3
3632,SSG_003659,3
3633,SSG_003773,3
3634,SSG_001835,3
3635,SSG_003076,0
3636,SSG_003076,0
3637,SSG_000439,2
3638,SSG_000437,0
3639,SSG_001155,0
3640,SSG_002149,0
3641,SSG_000499,4
3642,SSG_000498,3
3643,SSG_000820,3
3644,SSG_000445,4
3645,SSG_003926,0
3646,SSG_003944,2
3647,SSG_001381,2
3648,SSG_001157,4
3649,SSG_001920,2
3650,SSG_001117,1
3651,SSG_003956,3
3652,SSG_003923,3
3653,SSG_003918,3
3654,SSG_003273,1
3655,SSG_003306,4
3656,SSG_002719,2
3657,SSG_002717,3
3658,SSG_001597,1
3659,SSG_002011,4
3660,SSG_003436,4
3661,SSG_001635,0
3662,SSG_003431,0
3663,SSG_003599,1
3664,SSG_003599,1
3665,SSG_001543,2
3666,SSG_002359,2
3667,SSG_001732,2
3668,SSG_003495,4
3669,SSG_003495,4
3670,SSG_003591,3
3671,SSG_003591,3
3672,SSG_003343,3
3673,SSG_003344,2
3674,SSG_003543,2
3675,SSG_000352,1
3676,SSG_000352,1
3677,SSG_002985,3
3678,SSG_000376,2
3679,SSG_000526,3
3680,SSG_003582,2
3681,SSG_003755,4
3682,SSG_002713,4
3683,SSG_002713,4
3684,SSG_002713,4
3685,SSG_001682,3
3686,SSG_001629,3
3687,SSG_001629,3
3688,SSG_002715,1
3689,SSG_001977,2
3690,SSG_001978,0
3691,SSG_001801,3
3692,SSG_001803,1
3693,SSG_002360,4
3694,SSG_001686,0
3695,SSG_002178,0
3696,SSG_002178,0
3697,SSG_001811,3
3698,SSG_001650,1
3699,SSG_001819,3
3700,SSG_002716,4
3701,SSG_001863,0
3702,SSG_001851,3
3703,SSG_001547,3
3704,SSG_001630,0
3705,SSG_002577,1
3706,SSG_001794,0
3707,SSG_001743,0
3708,SSG_001919,1
3709,SSG_001921,3
3710,SSG_002325,0
3711,SSG_002334,4
3712,SSG_001542,0
3713,SSG_002046,3
3714,SSG_001814,0
3715,SSG_003592,4
3716,SSG_003496,0
3717,SSG_003954,1
3718,SSG_003953,0
3719,SSG_001947,4
3720,SSG_002587,1
3721,SSG_002587,1
3722,SSG_002208,0
3723,SSG_002204,0
3724,SSG_002365,1
3725,SSG_002700,3
3726,SSG_003664,3
3727,SSG_003498,2
3728,SSG_003593,0
3729,SSG_003531,1
3730,SSG_003574,3
3731,SSG_003666,2
3732,SSG_002928,4
3733,SSG_001973,4
3734,SSG_001973,4
3735,SSG_001972,3
3736,SSG_001751,3
3737,SSG_002191,3
3738,SSG_002191,3
3739,SSG_002170,4
3740,SSG_002170,4
3741,SSG_002075,1
3742,SSG_002075,1
3743,SSG_001652,1
3744,SSG_001651,2
3745,SSG_001667,2
3746,SSG_001575,4
3747,SSG_001664,0
3748,SSG_001970,1
3749,SSG_001657,2
3750,SSG_002121,1
3751,SSG_001586,2
3752,SSG_001577,1
3753,SSG_001688,1
3754,SSG_002076,2
3755,SSG_002078,3
3756,SSG_002077,2
3757,SSG_001644,4
3758,SSG_002165,1
3759,SSG_002164,0
3760,SSG_002021,3
3761,SSG_002021,3
3762,SSG_002083,0
3763,SSG_002174,2
3764,SSG_001772,3
3765,SSG_001891,1
3766,SSG_001722,4
3767,SSG_001717,3
3768,SSG_001859,0
3769,SSG_001782,0
3770,SSG_002041,4
3771,SSG_002030,2
3772,SSG_002237,1
3773,SSG_002241,4
3774,SSG_002218,4
3775,SSG_002218,4
3776,SSG_002223,2
3777,SSG_002398,4
3778,SSG_002225,3
3779,SSG_002148,4
3780,SSG_002394,2
3781,SSG_002145,1
3782,SSG_000360,4
3783,SSG_000360,4
3784,SSG_000370,3
3785,SSG_000366,4
3786,SSG_000366,4
3787,SSG_000344,0
3788,SSG_000345,1
3789,SSG_003560,3
3790,SSG_003560,3
3791,SSG_003594,1
3792,SSG_003594,1
3793,SSG_003499,0
3794,SSG_003613,3
3795,SSG_003532,3
3796,SSG_003575,4
3797,SSG_003682,4
3798,SSG_003483,0
3799,SSG_003484,1
3800,SSG_003716,2
3801,SSG_003716,2
3802,SSG_003716,2
3803,SSG_003716,2
3804,SSG_003716,2
3805,SSG_003721,3
3806,SSG_003721,3
3807,SSG_003721,3
3808,SSG_003694,3
3809,SSG_003694,3
3810,SSG_000016,3
3811,SSG_003730,0
3812,SSG_002062,4
3813,SSG_002001,4
3814,SSG_002403,0
3815,SSG_002407,1
3816,SSG_002203,4
3817,SSG_003292,3
3818,SSG_003280,0
3819,SSG_000031,3
3820,SSG_000031,3
3821,SSG_002220,3
3822,SSG_000363,1
3823,SSG_000363,1
3824,SSG_000371,4
3825,SSG_000371,4
3826,SSG_000367,0
3827,SSG_000367,0
3828,SSG_000733,0
3829,SSG_001900,1
3830,SSG_001290,1
3831,SSG_002258,4
3832,SSG_000457,4
3833,SSG_000746,4
3834,SSG_003568,3
3835,SSG_003502,1
3836,SSG_001904,1
3837,SSG_000731,3
3838,SSG_000438,1
3839,SSG_000436,4
3840,SSG_003679,0
3841,SSG_003680,2
3842,SSG_002056,0
3843,SSG_000476,0
3844,SSG_000073,1
3845,SSG_002019,0
3846,SSG_000066,4
3847,SSG_001911,0
3848,SSG_002127,1
3849,SSG_002127,1
3850,SSG_000447,2
3851,SSG_000666,3
3852,SSG_000666,3
3853,SSG_000632,0
3854,SSG_000632,0
3855,SSG_000633,1
3856,SSG_000670,4
3857,SSG_003329,1
3858,SSG_000486,3
3859,SSG_000486,3
3860,SSG_000480,2
3861,SSG_000182,2
3862,SSG_001550,1
3863,SSG_001733,3
3864,SSG_001545,0
3865,SSG_001459,4
3866,SSG_001449,0
3867,SSG_001445,4
3868,SSG_000434,3
3869,SSG_001706,3
3870,SSG_002257,2
3871,SSG_001789,0
3872,SSG_003921,2
3873,SSG_002615,3
3874,SSG_002294,1
3875,SSG_001785,3
3876,SSG_001769,2
3877,SSG_003542,1
3878,SSG_000256,1
3879,SSG_000253,4
3880,SSG_000206,2
3881,SSG_002718,4
3882,SSG_003434,1
3883,SSG_001957,4
3884,SSG_001421,2
3885,SSG_001421,2
3886,SSG_001820,4
3887,SSG_001820,4
3888,SSG_001551,4
3889,SSG_002196,2
3890,SSG_002122,2
3891,SSG_001992,3
3892,SSG_001991,0
3893,SSG_001990,0
3894,SSG_001552,2
3895,SSG_002254,2
3896,SSG_001705,2
3897,SSG_002097,2
3898,SSG_001948,0
3899,SSG_001710,4
3900,SSG_001949,1
3901,SSG_002200,4
3902,SSG_001711,0
3903,SSG_001541,1
3904,SSG_002065,2
3905,SSG_002066,3
3906,SSG_001118,2
3907,SSG_003739,0
3908,SSG_003729,3
3909,SSG_003729,3
3910,SSG_003728,4
3911,SSG_003728,4
3912,SSG_002793,3
3913,SSG_004035,2
3914,SSG_004016,0
3915,SSG_003614,3
3916,SSG_003614,3
3917,SSG_000378,4
3918,SSG_001404,2
3919,SSG_003714,0
3920,SSG_003536,4
3921,SSG_001661,3
3922,SSG_002712,3
3923,SSG_001810,4
3924,SSG_001810,4
3925,SSG_001668,1
3926,SSG_002711,2
3927,SSG_001660,1
3928,SSG_001683,4
3929,SSG_001753,1
3930,SSG_002348,3
3931,SSG_001641,0
3932,SSG_001653,0
3933,SSG_001584,1
3934,SSG_001746,4
3935,SSG_001800,2
3936,SSG_001685,0
3937,SSG_001795,1
3938,SSG_002324,4
3939,SSG_001499,2
3940,SSG_002082,1
3941,SSG_001723,4
3942,SSG_002024,4
3943,SSG_001482,0
3944,SSG_001773,4
3945,SSG_001718,2
3946,SSG_001770,1
3947,SSG_002166,2
3948,SSG_001687,3
3949,SSG_001787,2
3950,SSG_003996,3
3951,SSG_002215,3
3952,SSG_001918,0
3953,SSG_001283,1
3954,SSG_001283,1
3955,SSG_001288,4
3956,SSG_002768,4
3957,SSG_002766,2
3958,SSG_001297,1
3959,SSG_001955,2
3960,SSG_003997,0
3961,SSG_002209,2
3962,SSG_002207,1
3963,SSG_002206,3
3964,SSG_002202,2
3965,SSG_002488,0
3966,SSG_002367,2
3967,SSG_001304,2
3968,SSG_001573,4
3969,SSG_001969,0
3970,SSG_001574,1
3971,SSG_001582,4
3972,SSG_001647,2
3973,SSG_001855,3
3974,SSG_001858,3
3975,SSG_001578,0
3976,SSG_002491,1
3977,SSG_002222,4
3978,SSG_002222,4
3979,SSG_002227,1
3980,SSG_002227,1
3981,SSG_002228,3
3982,SSG_002228,3
3983,SSG_002224,0
3984,SSG_002234,0
3985,SSG_002234,0
3986,SSG_003567,1
3987,SSG_003500,3
3988,SSG_001899,0
3989,SSG_001903,4
3990,SSG_001902,3
3991,SSG_002773,1
3992,SSG_002205,1
3993,SSG_000723,4
3994,SSG_000722,3
3995,SSG_000723,4
3996,SSG_000736,2
3997,SSG_000134,0
3998,SSG_001898,0
3999,SSG_000734,0
4000,SSG_002378,2
4001,SSG_001203,1
4002,SSG_002238,2
4003,SSG_002219,1
4004,SSG_002226,4
4005,SSG_002752,2
4006,SSG_000362,0
4007,SSG_000362,0
4008,SSG_000347,2
4009,SSG_000347,2
4010,SSG_002752,2
4011,SSG_003687,0
4012,SSG_000626,4
4013,SSG_000737,3
4014,SSG_000631,3
4015,SSG_000621,0
4016,SSG_000620,4
4017,SSG_000597,2
4018,SSG_000729,2
4019,SSG_000676,0
4020,SSG_000735,1
4021,SSG_000540,0
4022,SSG_000730,0
4023,SSG_000673,3
4024,SSG_001450,2
4025,SSG_003188,4
4026,SSG_003188,4
4027,SSG_002979,1
4028,SSG_003824,0
4029,SSG_000426,3
4030,SSG_002035,4
4031,SSG_002071,4
4032,SSG_002139,4
4033,SSG_000759,4
4034,SSG_000235,3
4035,SSG_000235,3
4036,SSG_000675,1
4037,SSG_000639,2
4038,SSG_000739,0
4039,SSG_001119,0
4040,SSG_000741,0
4041,SSG_003610,1
4042,SSG_004054,4
4043,SSG_000197,3
4044,SSG_000193,3
4045,SSG_000190,1
4046,SSG_000189,0
4047,SSG_003675,3
4048,SSG_001544,2
4049,SSG_001428,2
4050,SSG_001457,3
4051,SSG_002563,0
4052,SSG_001553,3
4053,SSG_001985,3
4054,SSG_000548,3
4055,SSG_000548,3
4056,SSG_003734,4
4057,SSG_000483,0
4058,SSG_002104,0
4059,SSG_002193,1
4060,SSG_002105,3
4061,SSG_001142,4
4062,SSG_001393,4
4063,SSG_001394,4
4064,SSG_002232,3
4065,SSG_002232,3
4066,SSG_002982,1
4067,SSG_002991,4
4068,SSG_003433,3
4069,SSG_003435,1
4070,SSG_001539,3
4071,SSG_003258,2
4072,SSG_003259,1
4073,SSG_001665,4
4074,SSG_001784,4
4075,SSG_001956,0
4076,SSG_002177,4
4077,SSG_001654,0
4078,SSG_002350,0
4079,SSG_002349,4
4080,SSG_002006,3
4081,SSG_001708,3
4082,SSG_002087,4
4083,SSG_002463,4
4084,SSG_002465,0
4085,SSG_001989,2
4086,SSG_002025,1
4087,SSG_001490,2
4088,SSG_001500,0
4089,SSG_001495,1
4090,SSG_002143,3
4091,SSG_002047,0
4092,SSG_002040,3
4093,SSG_003686,2
4094,SSG_000529,2
4095,SSG_000357,3
4096,SSG_002774,2
4097,SSG_001282,3
4098,SSG_001276,4
4099,SSG_000202,0
4100,SSG_003946,4
4101,SSG_001809,2
4102,SSG_001703,1
4103,SSG_001999,2
4104,SSG_001761,4
4105,SSG_001581,2
4106,SSG_001572,3
4107,SSG_001776,3
4108,SSG_001776,3
4109,SSG_001790,1
4110,SSG_001790,1
4111,SSG_002169,0
4112,SSG_001780,3
4113,SSG_001175,1
4114,SSG_000364,2
4115,SSG_000368,1
4116,SSG_001395,0
4117,SSG_000351,1
4118,SSG_000351,1
4119,SSG_001308,0
4120,SSG_002240,3
4121,SSG_000747,0
4122,SSG_003618,0
4123,SSG_001309,1
4124,SSG_003316,0
4125,SSG_000775,0
4126,SSG_000092,4
4127,SSG_001825,2
4128,SSG_001826,3
4129,SSG_000727,1
4130,SSG_000132,4
4131,SSG_001901,2
4132,SSG_003977,2
4133,SSG_000403,3
4134,SSG_004070,2
4135,SSG_002934,1
4136,SSG_003763,1
4137,SSG_000721,2
4138,SSG_000725,1
4139,SSG_000732,2
4140,SSG_000551,4
4141,SSG_000552,0
4142,SSG_000750,2
4143,SSG_001679,1
4144,SSG_002068,1
4145,SSG_002376,4
4146,SSG_002377,1
4147,SSG_001677,2
4148,SSG_001840,4
4149,SSG_001841,2
4150,SSG_001840,4
4151,SSG_000598,0
4152,SSG_002010,3
4153,SSG_001846,3
4154,SSG_001847,0
4155,SSG_002370,1
4156,SSG_003589,2
4157,SSG_003493,3
4158,SSG_000369,2
4159,SSG_000356,3
4160,SSG_000356,3
4161,SSG_001278,1
4162,SSG_001735,1
4163,SSG_003255,0
4164,SSG_001365,4
4165,SSG_000424,0
4166,SSG_000617,3
4167,SSG_000618,1
4168,SSG_000617,3
4169,SSG_000617,3
4170,SSG_000618,1
4171,SSG_000618,1
4172,SSG_000655,0
4173,SSG_000615,3
4174,SSG_000622,3
4175,SSG_000634,2
4176,SSG_000634,2
4177,SSG_000634,2
4178,SSG_000634,2
4179,SSG_000544,2
4180,SSG_000752,0
4181,SSG_000216,4
4182,SSG_002126,0
4183,SSG_002126,0
4184,SSG_000755,4
4185,SSG_000742,1
4186,SSG_000082,0
4187,SSG_000076,4
4188,SSG_000124,4
4189,SSG_000612,4
4190,SSG_000738,4
4191,SSG_000749,4
4192,SSG_000740,2
4193,SSG_003321,2
4194,SSG_003322,1
4195,SSG_001681,2
4196,SSG_000243,0
4197,SSG_000241,2
4198,SSG_002039,2
4199,SSG_002074,0
4200,SSG_002074,0
4201,SSG_001849,2
4202,SSG_001850,2
4203,SSG_001595,4
4204,SSG_001775,4
4205,SSG_001788,0
4206,SSG_002158,3
4207,SSG_003917,4
4208,SSG_002100,0
4209,SSG_000373,1
4210,SSG_002464,4
4211,SSG_001429,4
4212,SSG_001982,0
4213,SSG_002031,0
4214,SSG_000751,3
4215,SSG_000686,0
4216,SSG_003554,0
4217,SSG_003553,1
4218,SSG_003676,2
4219,SSG_002194,3
4220,SSG_002565,2
4221,SSG_001391,1
4222,SSG_001399,1
4223,SSG_001402,3
4224,SSG_000380,1
4225,SSG_000374,4
4226,SSG_000349,3
4227,SSG_001498,4
4228,SSG_001725,0
4229,SSG_001512,3
4230,SSG_002253,0
4231,SSG_001715,1
4232,SSG_001728,3
4233,SSG_002576,0
4234,SSG_001487,4
4235,SSG_000547,0
4236,SSG_003366,1
4237,SSG_000049,1
4238,SSG_003218,1
4239,SSG_003222,3
4240,SSG_002026,2
4241,SSG_000474,2
4242,SSG_000485,2
4243,SSG_001702,0
4244,SSG_001659,2
4245,SSG_001857,4
4246,SSG_001748,4
4247,SSG_001646,1
4248,SSG_001799,4
4249,SSG_001494,0
4250,SSG_001488,0
4251,SSG_001781,3
4252,SSG_001797,2
4253,SSG_001451,1
4254,SSG_000475,3
4255,SSG_001150,3
4256,SSG_003987,1
4257,SSG_000191,2
4258,SSG_000205,1
4259,SSG_000204,0
4260,SSG_000201,3
4261,SSG_000194,0
4262,SSG_003256,4
4263,SSG_001856,2
4264,SSG_000599,4
4265,SSG_002708,1
4266,SSG_003093,2
4267,SSG_003090,4
4268,SSG_003089,3
4269,SSG_003088,2
4270,SSG_001310,2
4271,SSG_000431,1
4272,SSG_001247,1
4273,SSG_001400,0
4274,SSG_001398,3
4275,SSG_001403,4
4276,SSG_003766,2
4277,SSG_001540,4
4278,SSG_003524,2
4279,SSG_003524,2
4280,SSG_001980,4
4281,SSG_000726,2
4282,SSG_000131,3
4283,SSG_000728,4
4284,SSG_001458,0
4285,SSG_003768,1
4286,SSG_001734,4
4287,SSG_002004,1
4288,SSG_001070,2
4289,SSG_001071,3
4290,SSG_003651,2
4291,SSG_002756,1
4292,SSG_003231,2
4293,SSG_001361,3
4294,SSG_001356,2
4295,SSG_001354,1
4296,SSG_000250,1
4297,SSG_001839,2
4298,SSG_001088,1
4299,SSG_002008,1
4300,SSG_000724,0
4301,SSG_001673,4
4302,SSG_001666,1
4303,SSG_002067,0
4304,SSG_002086,3
4305,SSG_001848,1
4306,SSG_001678,3
4307,SSG_001565,0
4308,SSG_000602,3
4309,SSG_000601,1
4310,SSG_001563,2
4311,SSG_001967,2
4312,SSG_001639,3
4313,SSG_001639,3
4314,SSG_001571,0
4315,SSG_001971,2
4316,SSG_002172,3
4317,SSG_001602,1
4318,SSG_000126,4
4319,SSG_001837,0
4320,SSG_000748,1
4321,SSG_001807,4
4322,SSG_000125,0
4323,SSG_001580,4
4324,SSG_001583,0
4325,SSG_001812,3
4326,SSG_001173,2
4327,SSG_001173,2
4328,SSG_001174,0
4329,SSG_001174,0
4330,SSG_002404,2
4331,SSG_001116,3
4332,SSG_000255,0
4333,SSG_003075,1
4334,SSG_000421,2
4335,SSG_000422,1
4336,SSG_001777,0
4337,SSG_000359,1
4338,SSG_000654,2
4339,SSG_000616,0
4340,SSG_000600,0
4341,SSG_000619,2
4342,SSG_000619,2
4343,SSG_000619,2
4344,SSG_000625,4
4345,SSG_000630,3
4346,SSG_000596,1
4347,SSG_000671,0
4348,SSG_000077,0
4349,SSG_001556,4
4350,SSG_001680,0
4351,SSG_001778,1
4352,SSG_002163,2
4353,SSG_000233,2
4354,SSG_002060,1
4355,SSG_000116,0
4356,SSG_000118,4
4357,SSG_000361,0
4358,SSG_001358,3
4359,SSG_003627,0
4360,SSG_003627,0
4361,SSG_003627,0
4362,SSG_000687,0
4363,SSG_003164,4
4364,SSG_001369,2
4365,SSG_001368,1
4366,SSG_000543,1
4367,SSG_000542,3
4368,SSG_000549,1
4369,SSG_000546,4
4370,SSG_000196,2
4371,SSG_002137,4
4372,SSG_001426,4
4373,SSG_002007,0
4374,SSG_001568,3
4375,SSG_001994,3
4376,SSG_002382,2
4377,SSG_000484,1
4378,SSG_001808,1
4379,SSG_001791,2
4380,SSG_003546,1
4381,SSG_003551,4
4382,SSG_003063,0
4383,SSG_003538,2
4384,SSG_000203,4
4385,SSG_002363,1
4386,SSG_000340,0
4387,SSG_003158,0
4388,SSG_003604,3
4389,SSG_002375,0
4390,SSG_002235,0
4391,SSG_003257,2
4392,SSG_001396,1
4393,SSG_002826,1
4394,SSG_002364,0
4395,SSG_002123,4
4396,SSG_001514,2
4397,SSG_001172,3
4398,SSG_002236,1
4399,SSG_002217,3
4400,SSG_002217,3
4401,SSG_000358,0
4402,SSG_000358,0
4403,SSG_000365,3
4404,SSG_000343,4
4405,SSG_000354,4
4406,SSG_003092,0
4407,SSG_001106,3
4408,SSG_003523,0
4409,SSG_001979,3
4410,SSG_000719,4
4411,SSG_001695,2
4412,SSG_002722,3
4413,SSG_001700,3
4414,SSG_000133,2
4415,SSG_003645,4
4416,SSG_003644,3
4417,SSG_001731,0
4418,SSG_002069,2
4419,SSG_002069,2
4420,SSG_000130,2
4421,SSG_000127,1
4422,SSG_001707,0
4423,SSG_002231,2
4424,SSG_002231,2
4425,SSG_001058,3
4426,SSG_001058,3
4427,SSG_001059,4
4428,SSG_001059,4
4429,SSG_001618,4
4430,SSG_001618,4
4431,SSG_001359,4
4432,SSG_001362,1
4433,SSG_001364,4
4434,SSG_001109,3
4435,SSG_001108,0
4436,SSG_001111,2
4437,SSG_003054,2
4438,SSG_002788,0
4439,SSG_000236,0
4440,SSG_001560,4
4441,SSG_001564,3
4442,SSG_001824,1
4443,SSG_001633,3
4444,SSG_001634,4
4445,SSG_002138,0
4446,SSG_001966,1
4447,SSG_001966,1
4448,SSG_000603,2
4449,SSG_001579,3
4450,SSG_000119,0
4451,SSG_001806,0
4452,SSG_001698,2
4453,SSG_001684,3
4454,SSG_001836,3
4455,SSG_001818,2
4456,SSG_001697,0
4457,SSG_001693,0
4458,SSG_002061,0
4459,SSG_000232,1
4460,SSG_002168,4
4461,SSG_001771,2
4462,SSG_002064,3
4463,SSG_001745,3
4464,SSG_001620,1
4465,SSG_001620,1
4466,SSG_003024,1
4467,SSG_002957,1
4468,SSG_002923,3
4469,SSG_003024,1
4470,SSG_002923,3
4471,SSG_001397,2
4472,SSG_003677,4
4473,SSG_002221,0
4474,SSG_000078,1
4475,SSG_001749,1
4476,SSG_001121,4
4477,SSG_001120,1
4478,SSG_001513,4
4479,SSG_001869,4
4480,SSG_001834,3
4481,SSG_001916,4
4482,SSG_000777,2
4483,SSG_003254,4
4484,SSG_000355,2
4485,SSG_000355,2
4486,SSG_000435,4
4487,SSG_001452,3
4488,SSG_001876,4
4489,SSG_002106,1
4490,SSG_001357,3
4491,SSG_001427,1
4492,SSG_001721,3
4493,SSG_001983,1
4494,SSG_001726,1
4495,SSG_001727,2
4496,SSG_002720,0
4497,SSG_002721,1
4498,SSG_002710,1
4499,SSG_002709,0
4500,SSG_000674,4
4501,SSG_003600,2
4502,SSG_003600,2
4503,SSG_001401,2
4504,SSG_002034,2
4505,SSG_002432,1
4506,SSG_003757,0
4507,SSG_001792,4
4508,SSG_001477,0
4509,SSG_001476,3
4510,SSG_000067,1
4511,SSG_003494,0
4512,SSG_003590,1
4513,SSG_002852,4
4514,SSG_002851,3
4515,SSG_003516,1
4516,SSG_003520,4
4517,SSG_003549,0
4518,SSG_003548,3
4519,SSG_003550,1
4520,SSG_002899,3
4521,SSG_002824,3
4522,SSG_003715,1
4523,SSG_000496,1
4524,SSG_000717,1
4525,SSG_000410,1
4526,SSG_001603,4
4527,SSG_003621,4
4528,SSG_003745,2
4529,SSG_003712,3
4530,SSG_001057,4
4531,SSG_000461,2
4532,SSG_000200,2
4533,SSG_002754,4
4534,SSG_002802,3
4535,SSG_001752,0
4536,SSG_000409,0
4537,SSG_000129,0
4538,SSG_001988,0
4539,SSG_003620,3
4540,SSG_000821,0
4541,SSG_000821,0
4542,SSG_000822,1
4543,SSG_000822,1
4544,SSG_001392,3
4545,SSG_003091,1
4546,SSG_001636,4
4547,SSG_002179,1
4548,SSG_001546,1
4549,SSG_000237,4
4550,SSG_001645,0
4551,SSG_001976,1
4552,SSG_002171,1
4553,SSG_001783,1
4554,SSG_000610,4
4555,SSG_002243,4
4556,SSG_003945,3
4557,SSG_001113,4
4558,SSG_002747,1
4559,SSG_002916,2
4560,SSG_000701,3
4561,SSG_001201,3
4562,SSG_001200,2
4563,SSG_002944,0
4564,SSG_001759,2
4565,SSG_001569,1
4566,SSG_001750,2
4567,SSG_003405,4
4568,SSG_002070,3
4569,SSG_002049,3
4570,SSG_001865,3
4571,SSG_002250,2
4572,SSG_002128,0
4573,SSG_002772,0
4574,SSG_000714,4
4575,SSG_000715,1
4576,SSG_001637,1
4577,SSG_001638,2
4578,SSG_000091,1
4579,SSG_000720,3
4580,SSG_003825,1
4581,SSG_001917,1
4582,SSG_001363,2
4583,SSG_001360,0
4584,SSG_000504,4
4585,SSG_001110,1
4586,SSG_001112,3
4587,SSG_001115,2
4588,SSG_003074,4
4589,SSG_003071,2
4590,SSG_001762,2
4591,SSG_001444,2
4592,SSG_000614,2
4593,SSG_000663,4
4594,SSG_000645,4
4595,SSG_000090,3
4596,SSG_000640,4
4597,SSG_002405,3
4598,SSG_000342,3
4599,SSG_003475,3
4600,SSG_002853,1
4601,SSG_002893,3
4602,SSG_002849,1
4603,SSG_003626,1
4604,SSG_003626,1
4605,SSG_003573,1
4606,SSG_003530,4
4607,SSG_003497,1
4608,SSG_000199,1
4609,SSG_000192,4
4610,SSG_003754,2
4611,SSG_000195,1
4612,SSG_000662,3
4613,SSG_000662,3
4614,SSG_000662,3
4615,SSG_000608,2
4616,SSG_000569,2
4617,SSG_000570,4
4618,SSG_000571,1
4619,SSG_000629,2
4620,SSG_000085,0
4621,SSG_000085,0
4622,SSG_000669,2
4623,SSG_000561,1
4624,SSG_000648,2
4625,SSG_000594,2
4626,SSG_002059,4
4627,SSG_001786,2
4628,SSG_001516,1
4629,SSG_002580,3
4630,SSG_002216,2
4631,SSG_002887,0
4632,SSG_000665,4
4633,SSG_000665,4
4634,SSG_000665,4
4635,SSG_000628,1
4636,SSG_000628,1
4637,SSG_000234,2
4638,SSG_000242,3
4639,SSG_000181,3
4640,SSG_000672,2
4641,SSG_000638,1
4642,SSG_000819,4
4643,SSG_002850,2
4644,SSG_001838,1
4645,SSG_002310,0
4646,SSG_000684,3
4647,SSG_000684,3
4648,SSG_000685,4
4649,SSG_000685,4
4650,SSG_000128,1
4651,SSG_001986,1
4652,SSG_001987,1
4653,SSG_002072,3
4654,SSG_001353,3
4655,SSG_002825,0
4656,SSG_002803,4
4657,SSG_001481,4
4658,SSG_001701,4
4659,SSG_001083,3
4660,SSG_002249,1
4661,SSG_001875,3
4662,SSG_002244,3
4663,SSG_002827,2
4664,SSG_003241,0
4665,SSG_003243,1
4666,SSG_003243,1
4667,SSG_001534,0
4668,SSG_002346,1
4669,SSG_001596,0
4670,SSG_001768,0
4671,SSG_001833,1
4672,SSG_001828,4
4673,SSG_003073,2
4674,SSG_002954,3
4675,SSG_003072,3
4676,SSG_001202,0
4677,SSG_002918,1
4678,SSG_003245,1
4679,SSG_000541,2
4680,SSG_001945,2
4681,SSG_000646,0
4682,SSG_000643,2
4683,SSG_000656,3
4684,SSG_000679,4
4685,SSG_001676,1
4686,SSG_001804,2
4687,SSG_001559,4
4688,SSG_002003,4
4689,SSG_000086,2
4690,SSG_000086,2
4691,SSG_002374,4
4692,SSG_003456,1
4693,SSG_000651,4
4694,SSG_000659,3
4695,SSG_000096,2
4696,SSG_000566,0
4697,SSG_000568,2
4698,SSG_000566,0
4699,SSG_000567,1
4700,SSG_000104,4
4701,SSG_000605,0
4702,SSG_000605,0
4703,SSG_000604,4
4704,SSG_000560,3
4705,SSG_000579,0
4706,SSG_000123,0
4707,SSG_000559,0
4708,SSG_000559,0
4709,SSG_000245,2
4710,SSG_000678,3
4711,SSG_000572,0
4712,SSG_000227,1
4713,SSG_000228,2
4714,SSG_000227,1
4715,SSG_000661,1
4716,SSG_000587,3
4717,SSG_000582,1
4718,SSG_000539,1
4719,SSG_000115,4
4720,SSG_000754,2
4721,SSG_000593,3
4722,SSG_000079,2
4723,SSG_000114,3
4724,SSG_000178,4
4725,SSG_000583,4
4726,SSG_000758,1
4727,SSG_000595,0
4728,SSG_000667,0
4729,SSG_000558,4
4730,SSG_000230,4
4731,SSG_003327,1
4732,SSG_003326,3
4733,SSG_003474,2
4734,SSG_003480,4
4735,SSG_001097,4
4736,SSG_000469,4
4737,SSG_002844,2
4738,SSG_002847,0
4739,SSG_002545,4
4740,SSG_001704,3
4741,SSG_000238,0
4742,SSG_000713,3
4743,SSG_000712,4
4744,SSG_000231,0
4745,SSG_001496,3
4746,SSG_000214,0
4747,SSG_001492,4
4748,SSG_001493,3
4749,SSG_001845,4
4750,SSG_000635,4
4751,SSG_001502,1
4752,SSG_001460,0
4753,SSG_001868,2
4754,SSG_001366,2
4755,SSG_001345,4
4756,SSG_002113,3
4757,SSG_002804,3
4758,SSG_002801,3
4759,SSG_001091,3
4760,SSG_001714,3
4761,SSG_001740,3
4762,SSG_001355,0
4763,SSG_002239,2
4764,SSG_001658,0
4765,SSG_001656,4
4766,SSG_000093,0
4767,SSG_001963,4
4768,SSG_001830,0
4769,SSG_001823,0
4770,SSG_001951,4
4771,SSG_000641,0
4772,SSG_000642,1
4773,SSG_000613,0
4774,SSG_000644,3
4775,SSG_000592,4
4776,SSG_000647,1
4777,SSG_000537,4
4778,SSG_000682,1
4779,SSG_001965,0
4780,SSG_000105,0
4781,SSG_001558,3
4782,SSG_001558,3
4783,SSG_000097,1
4784,SSG_000101,3
4785,SSG_002073,4
4786,SSG_001696,3
4787,SSG_001997,1
4788,SSG_001537,2
4789,SSG_001593,3
4790,SSG_001968,4
4791,SSG_001600,2
4792,SSG_000229,3
4793,SSG_001793,1
4794,SSG_001467,0
4795,SSG_001470,4
4796,SSG_001961,2
4797,SSG_000239,4
4798,SSG_003995,1
4799,SSG_002699,1
4800,SSG_000420,1
4801,SSG_000217,1
4802,SSG_000425,2
4803,SSG_000095,2
4804,SSG_000652,1
4805,SSG_000102,1
4806,SSG_000657,4
4807,SSG_000658,0
4808,SSG_000650,3
4809,SSG_000606,1
4810,SSG_000607,1
4811,SSG_000607,1
4812,SSG_000564,4
4813,SSG_000565,3
4814,SSG_000565,3
4815,SSG_000564,4
4816,SSG_000564,4
4817,SSG_000574,4
4818,SSG_000573,3
4819,SSG_000623,1
4820,SSG_000220,0
4821,SSG_000219,3
4822,SSG_000220,0
4823,SSG_000219,3
4824,SSG_000219,3
4825,SSG_000219,3
4826,SSG_000578,0
4827,SSG_000578,0
4828,SSG_000562,3
4829,SSG_000121,2
4830,SSG_000577,2
4831,SSG_000577,2
4832,SSG_000577,2
4833,SSG_000586,1
4834,SSG_000240,1
4835,SSG_000177,2
4836,SSG_000653,1
4837,SSG_000624,2
4838,SSG_000095,2
4839,SSG_000102,1
4840,SSG_000223,3
4841,SSG_000627,0
4842,SSG_001555,0
4843,SSG_001555,0
4844,SSG_001555,0
4845,SSG_001555,0
4846,SSG_001598,2
4847,SSG_001798,3
4848,SSG_002058,2
4849,SSG_003086,4
4850,SSG_001352,3
4851,SSG_002842,0
4852,SSG_002845,3
4853,SSG_002952,2
4854,SSG_003479,3
4855,SSG_003064,1
4856,SSG_003464,4
4857,SSG_003464,4
4858,SSG_003462,1
4859,SSG_000108,2
4860,SSG_000108,2
4861,SSG_000080,3
4862,SSG_000753,1
4863,SSG_000609,3
4864,SSG_002848,2
4865,SSG_002841,2
4866,SSG_001981,4
4867,SSG_002192,4
4868,SSG_002192,4
4869,SSG_000468,2
4870,SSG_002746,3
4871,SSG_002840,1
4872,SSG_001350,1
4873,SSG_001347,0
4874,SSG_000325,1
4875,SSG_001503,2
4876,SSG_003469,4
4877,SSG_001843,1
4878,SSG_001608,2
4879,SSG_002823,4
4880,SSG_001114,0
4881,SSG_002782,2
4882,SSG_001712,1
4883,SSG_003087,0
4884,SSG_001962,3
4885,SSG_001648,3
4886,SSG_003643,1
4887,SSG_003642,2
4888,SSG_001958,1
4889,SSG_001959,0
4890,SSG_002002,0
4891,SSG_000215,4
4892,SSG_000103,3
4893,SSG_001805,4
4894,SSG_001960,1
4895,SSG_000581,3
4896,SSG_000098,3
4897,SSG_000098,3
4898,SSG_000098,3
4899,SSG_001592,2
4900,SSG_001594,0
4901,SSG_001536,1
4902,SSG_001756,4
4903,SSG_000222,2
4904,SSG_000221,3
4905,SSG_000222,2
4906,SSG_000221,3
4907,SSG_000221,3
4908,SSG_000098,3
4909,SSG_001964,3
4910,SSG_001996,2
4911,SSG_000120,1
4912,SSG_001642,1
4913,SSG_001642,1
4914,SSG_000225,4
4915,SSG_001831,2
4916,SSG_000218,2
4917,SSG_000224,1
4918,SSG_001817,1
4919,SSG_002379,3
4920,SSG_002833,2
4921,SSG_000718,2
4922,SSG_000113,2
4923,SSG_002460,0
4924,SSG_002185,1
4925,SSG_002185,1
4926,SSG_000081,4
4927,SSG_001601,4
4928,SSG_002093,4
4929,SSG_003473,1
4930,SSG_002233,4
4931,SSG_002737,0
4932,SSG_003029,3
4933,SSG_003018,0
4934,SSG_003461,3
4935,SSG_003463,2
4936,SSG_000106,4
4937,SSG_000106,4
4938,SSG_000553,3
4939,SSG_000323,3
4940,SSG_000545,1
4941,SSG_000321,0
4942,SSG_000322,1
4943,SSG_000554,0
4944,SSG_000555,1
4945,SSG_001599,3
4946,SSG_001619,0
4947,SSG_002838,4
4948,SSG_001107,4
4949,SSG_001351,2
4950,SSG_001341,0
4951,SSG_001431,0
4952,SSG_001162,3
4953,SSG_001160,3
4954,SSG_001161,1
4955,SSG_002839,0
4956,SSG_000353,2
4957,SSG_000611,1
4958,SSG_001343,2
4959,SSG_000487,4
4960,SSG_001736,2
4961,SSG_002167,3
4962,SSG_002186,2
4963,SSG_000099,2
4964,SSG_000099,2
4965,SSG_001995,0
4966,SSG_000100,0
4967,SSG_001643,3
4968,SSG_001561,0
4969,SSG_001557,1
4970,SSG_002088,4
4971,SSG_003325,2
4972,SSG_001754,2
4973,SSG_001570,2
4974,SSG_001764,0
4975,SSG_001763,4
4976,SSG_000176,4
4977,SSG_000044,2
4978,SSG_000044,2
4979,SSG_000044,2
4980,SSG_003211,0
4981,SSG_003212,3
4982,SSG_002846,4
4983,SSG_000419,0
4984,SSG_000110,2
4985,SSG_000107,1
4986,SSG_000110,2
4987,SSG_001554,2
4988,SSG_000111,3
4989,SSG_002000,3
4990,SSG_001469,3
4991,SSG_001998,0
4992,SSG_001758,0
4993,SSG_000109,0
4994,SSG_001468,1
4995,SSG_002832,1
4996,SSG_001342,1
4997,SSG_003478,1
4998,SSG_001844,2
4999,SSG_001139,2
5000,SSG_002406,4
5001,SSG_000664,2
5002,SSG_000557,3
5003,SSG_002843,1
5004,SSG_001607,4
5005,SSG_000244,1
5006,SSG_000244,1
5007,SSG_003511,0
5008,SSG_001738,2
5009,SSG_001737,0
5010,SSG_001984,2
5011,SSG_001993,4
5012,SSG_001348,0
5013,SSG_000423,0
5014,SSG_002197,3
5015,SSG_001713,2
5016,SSG_003476,4
5017,SSG_003472,0
5018,SSG_001480,3
5019,SSG_003545,4
5020,SSG_001755,3
5021,SSG_001755,3
5022,SSG_001760,3
5023,SSG_003477,0
5024,SSG_000112,3
5025,SSG_002184,3
5026,SSG_001709,4
5027,SSG_001709,4
5028,SSG_002368,2
5029,SSG_002063,1
5030,SSG_002045,4
5031,SSG_001766,1
5032,SSG_001832,4
5033,SSG_001827,4
5034,SSG_000636,0
5035,SSG_000637,3
5036,SSG_000122,3
5037,SSG_000117,1
5038,SSG_000226,0
5039,SSG_000660,2
5040,SSG_000556,2
5041,SSG_001866,4
5042,SSG_001489,1
5043,SSG_000324,4
5044,SSG_002837,1
5045,SSG_002828,3
5046,SSG_001744,2
5047,SSG_001486,3
5048,SSG_002922,2
5049,SSG_001562,1
5050,SSG_001491,3
5051,SSG_002245,1
5052,SSG_003244,4
5053,SSG_003244,4
5054,SSG_003244,4
5055,SSG_003244,4
5056,SSG_003244,4
5057,SSG_003244,4
5058,SSG_001367,0
5059,SSG_002612,4
5060,SSG_002613,1
5061,SSG_001765,3
5062,SSG_001767,4
5063,SSG_001757,1
5064,SSG_003242,3
5065,SSG_003246,0
5066,SSG_003246,0
5067,SSG_002027,4
5068,SSG_002132,1
5069,SSG_001910,0
5070,SSG_001910,0
5071,SSG_001829,3
5072,SSG_001822,1
5073,SSG_000649,3
5074,SSG_000668,1
5075,SSG_000589,0
5076,SSG_001303,3
5077,SSG_000094,2
5078,SSG_000094,2
5079,SSG_000094,2
5080,SSG_000576,2
5081,SSG_000575,4
5082,SSG_000575,4
5083,SSG_000580,1
5084,SSG_000588,4
5085,SSG_000590,3
5086,SSG_000591,1
5087,SSG_000585,2
5088,SSG_000563,2
5089,SSG_000089,4
5090,SSG_001842,0
5091,SSG_001346,4
5092,SSG_001349,1
5093,SSG_003404,3
5094,SSG_001485,2
5095,SSG_001747,0
5096,SSG_001344,4
5097,SSG_002831,0
5098,SSG_003811,0
5099,SSG_003810,1
5100,SSG_003811,0
5101,SSG_003811,0
5102,SSG_003808,3
5103,SSG_003814,4
5104,SSG_003050,4
5105,SSG_003432,2
5106,SSG_000208,3
5107,SSG_001132,0
5108,SSG_003802,4
5109,SSG_003813,3
5110,SSG_001133,0
5111,SSG_001380,4
5112,SSG_000210,2
5113,SSG_001134,1
5114,SSG_001135,2
5115,SSG_003801,3
5116,SSG_003409,2
5117,SSG_003800,2
5118,SSG_001249,3
5119,SSG_001251,1
5120,SSG_003407,0
5121,SSG_003406,4
5122,SSG_003809,4
5123,SSG_003821,1
5124,SSG_003822,2
5125,SSG_003817,0
5126,SSG_003408,1
5127,SSG_003812,2
5128,SSG_003410,3
5129,SSG_003807,2
5130,SSG_003117,1
5131,SSG_003389,0
5132,SSG_003397,4
5133,SSG_000948,1
5134,SSG_003818,0
5135,SSG_001296,4
5136,SSG_003747,1
5137,SSG_003816,4
5138,SSG_003806,1
5139,SSG_003815,2
5140,SSG_000329,4
5141,SSG_003804,3
5142,SSG_003051,0
5143,SSG_003598,0
5144,SSG_003210,2
5145,SSG_003985,0
5146,SSG_003986,1
5147,SSG_000899,2
5148,SSG_001281,0
5149,SSG_001261,4
5150,SSG_001270,2
5151,SSG_003896,2
5152,SSG_003913,2
5153,SSG_003890,1
5154,SSG_003907,2
5155,SSG_003820,4
5156,SSG_003819,1
5157,SSG_000516,0
5158,SSG_003805,0
5159,SSG_003803,2
5160,SSG_003823,3
5161,SSG_003328,4
5162,SSG_001138,0
5163,SSG_001136,3
5164,SSG_001137,4
5165,SSG_002665,3
5166,SSG_002546,1
5167,SSG_002369,0
5168,SSG_002395,2
5169,SSG_001950,3
5170,SSG_002661,3
5171,SSG_002664,2
5172,SSG_002662,0
5173,SSG_002663,1
5174,SSG_001199,3
5175,SSG_001187,2
5176,SSG_000804,0
5177,SSG_003586,3
5178,SSG_003624,3
5179,SSG_002919,4
5180,SSG_003597,4
5181,SSG_001145,1
5182,SSG_002670,2
5183,SSG_001188,3
5184,SSG_000805,3
5185,SSG_003587,4
5186,SSG_003625,4
5187,SSG_002927,0
5188,SSG_001146,1
5189,SSG_002659,1
5190,SSG_003237,2
5191,SSG_003261,4
5192,SSG_003267,4
5193,SSG_003213,1
5194,SSG_003220,2
5195,SSG_003268,4
5196,SSG_000045,0
5197,SSG_001926,3
5198,SSG_003269,0
5199,SSG_003126,4
5200,SSG_000296,1
5201,SSG_001509,0
5202,SSG_001406,3
5203,SSG_003358,0
