col_index,feature_name,feature_family
0,ECFP_0,ECFP6_2048
1,ECFP_1,ECFP6_2048
2,ECFP_2,ECFP6_2048
3,ECFP_3,ECFP6_2048
4,ECFP_4,ECFP6_2048
5,ECFP_5,ECFP6_2048
6,ECFP_6,ECFP6_2048
7,ECFP_7,ECFP6_2048
8,ECFP_8,ECFP6_2048
9,ECFP_9,ECFP6_2048
10,ECFP_10,ECFP6_2048
11,ECFP_11,ECFP6_2048
12,ECFP_12,ECFP6_2048
13,ECFP_13,ECFP6_2048
14,ECFP_14,ECFP6_2048
15,ECFP_15,ECFP6_2048
16,ECFP_16,ECFP6_2048
17,ECFP_17,ECFP6_2048
18,ECFP_18,ECFP6_2048
19,ECFP_19,ECFP6_2048
20,ECFP_20,ECFP6_2048
21,ECFP_21,ECFP6_2048
22,ECFP_22,ECFP6_2048
23,ECFP_23,ECFP6_2048
24,ECFP_24,ECFP6_2048
25,ECFP_25,ECFP6_2048
26,ECFP_26,ECFP6_2048
27,ECFP_27,ECFP6_2048
28,ECFP_28,ECFP6_2048
29,ECFP_29,ECFP6_2048
30,ECFP_30,ECFP6_2048
31,ECFP_31,ECFP6_2048
32,ECFP_32,ECFP6_2048
33,ECFP_33,ECFP6_2048
34,ECFP_34,ECFP6_2048
35,ECFP_35,ECFP6_2048
36,ECFP_36,ECFP6_2048
37,ECFP_37,ECFP6_2048
38,ECFP_38,ECFP6_2048
39,ECFP_39,ECFP6_2048
40,ECFP_40,ECFP6_2048
41,ECFP_41,ECFP6_2048
42,ECFP_42,ECFP6_2048
43,ECFP_43,ECFP6_2048
44,ECFP_44,ECFP6_2048
45,ECFP_45,ECFP6_2048
46,ECFP_46,ECFP6_2048
47,ECFP_47,ECFP6_2048
48,ECFP_48,ECFP6_2048
49,ECFP_49,ECFP6_2048
50,ECFP_50,ECFP6_2048
51,ECFP_51,ECFP6_2048
52,ECFP_52,ECFP6_2048
53,ECFP_53,ECFP6_2048
54,ECFP_54,ECFP6_2048
55,ECFP_55,ECFP6_2048
56,ECFP_56,ECFP6_2048
57,ECFP_57,ECFP6_2048
58,ECFP_58,ECFP6_2048
59,ECFP_59,ECFP6_2048
60,ECFP_60,ECFP6_2048
61,ECFP_61,ECFP6_2048
62,ECFP_62,ECFP6_2048
63,ECFP_63,ECFP6_2048
64,ECFP_64,ECFP6_2048
65,ECFP_65,ECFP6_2048
66,ECFP_66,ECFP6_2048
67,ECFP_67,ECFP6_2048
68,ECFP_68,ECFP6_2048
69,ECFP_69,ECFP6_2048
70,ECFP_70,ECFP6_2048
71,ECFP_71,ECFP6_2048
72,ECFP_72,ECFP6_2048
73,ECFP_73,ECFP6_2048
74,ECFP_74,ECFP6_2048
75,ECFP_75,ECFP6_2048
76,ECFP_76,ECFP6_2048
77,ECFP_77,ECFP6_2048
78,ECFP_78,ECFP6_2048
79,ECFP_79,ECFP6_2048
80,ECFP_80,ECFP6_2048
81,ECFP_81,ECFP6_2048
82,ECFP_82,ECFP6_2048
83,ECFP_83,ECFP6_2048
84,ECFP_84,ECFP6_2048
85,ECFP_85,ECFP6_2048
86,ECFP_86,ECFP6_2048
87,ECFP_87,ECFP6_2048
88,ECFP_88,ECFP6_2048
89,ECFP_89,ECFP6_2048
90,ECFP_90,ECFP6_2048
91,ECFP_91,ECFP6_2048
92,ECFP_92,ECFP6_2048
93,ECFP_93,ECFP6_2048
94,ECFP_94,ECFP6_2048
95,ECFP_95,ECFP6_2048
96,ECFP_96,ECFP6_2048
97,ECFP_97,ECFP6_2048
98,ECFP_98,ECFP6_2048
99,ECFP_99,ECFP6_2048
100,ECFP_100,ECFP6_2048
101,ECFP_101,ECFP6_2048
102,ECFP_102,ECFP6_2048
103,ECFP_103,ECFP6_2048
104,ECFP_104,ECFP6_2048
105,ECFP_105,ECFP6_2048
106,ECFP_106,ECFP6_2048
107,ECFP_107,ECFP6_2048
108,ECFP_108,ECFP6_2048
109,ECFP_109,ECFP6_2048
110,ECFP_110,ECFP6_2048
111,ECFP_111,ECFP6_2048
112,ECFP_112,ECFP6_2048
113,ECFP_113,ECFP6_2048
114,ECFP_114,ECFP6_2048
115,ECFP_115,ECFP6_2048
116,ECFP_116,ECFP6_2048
117,ECFP_117,ECFP6_2048
118,ECFP_118,ECFP6_2048
119,ECFP_119,ECFP6_2048
120,ECFP_120,ECFP6_2048
121,ECFP_121,ECFP6_2048
122,ECFP_122,ECFP6_2048
123,ECFP_123,ECFP6_2048
124,ECFP_124,ECFP6_2048
125,ECFP_125,ECFP6_2048
126,ECFP_126,ECFP6_2048
127,ECFP_127,ECFP6_2048
128,ECFP_128,ECFP6_2048
129,ECFP_129,ECFP6_2048
130,ECFP_130,ECFP6_2048
131,ECFP_131,ECFP6_2048
132,ECFP_132,ECFP6_2048
133,ECFP_133,ECFP6_2048
134,ECFP_134,ECFP6_2048
135,ECFP_135,ECFP6_2048
136,ECFP_136,ECFP6_2048
137,ECFP_137,ECFP6_2048
138,ECFP_138,ECFP6_2048
139,ECFP_139,ECFP6_2048
140,ECFP_140,ECFP6_2048
141,ECFP_141,ECFP6_2048
142,ECFP_142,ECFP6_2048
143,ECFP_143,ECFP6_2048
144,ECFP_144,ECFP6_2048
145,ECFP_145,ECFP6_2048
146,ECFP_146,ECFP6_2048
147,ECFP_147,ECFP6_2048
148,ECFP_148,ECFP6_2048
149,ECFP_149,ECFP6_2048
150,ECFP_150,ECFP6_2048
151,ECFP_151,ECFP6_2048
152,ECFP_152,ECFP6_2048
153,ECFP_153,ECFP6_2048
154,ECFP_154,ECFP6_2048
155,ECFP_155,ECFP6_2048
156,ECFP_156,ECFP6_2048
157,ECFP_157,ECFP6_2048
158,ECFP_158,ECFP6_2048
159,ECFP_159,ECFP6_2048
160,ECFP_160,ECFP6_2048
161,ECFP_161,ECFP6_2048
162,ECFP_162,ECFP6_2048
163,ECFP_163,ECFP6_2048
164,ECFP_164,ECFP6_2048
165,ECFP_165,ECFP6_2048
166,ECFP_166,ECFP6_2048
167,ECFP_167,ECFP6_2048
168,ECFP_168,ECFP6_2048
169,ECFP_169,ECFP6_2048
170,ECFP_170,ECFP6_2048
171,ECFP_171,ECFP6_2048
172,ECFP_172,ECFP6_2048
173,ECFP_173,ECFP6_2048
174,ECFP_174,ECFP6_2048
175,ECFP_175,ECFP6_2048
176,ECFP_176,ECFP6_2048
177,ECFP_177,ECFP6_2048
178,ECFP_178,ECFP6_2048
179,ECFP_179,ECFP6_2048
180,ECFP_180,ECFP6_2048
181,ECFP_181,ECFP6_2048
182,ECFP_182,ECFP6_2048
183,ECFP_183,ECFP6_2048
184,ECFP_184,ECFP6_2048
185,ECFP_185,ECFP6_2048
186,ECFP_186,ECFP6_2048
187,ECFP_187,ECFP6_2048
188,ECFP_188,ECFP6_2048
189,ECFP_189,ECFP6_2048
190,ECFP_190,ECFP6_2048
191,ECFP_191,ECFP6_2048
192,ECFP_192,ECFP6_2048
193,ECFP_193,ECFP6_2048
194,ECFP_194,ECFP6_2048
195,ECFP_195,ECFP6_2048
196,ECFP_196,ECFP6_2048
197,ECFP_197,ECFP6_2048
198,ECFP_198,ECFP6_2048
199,ECFP_199,ECFP6_2048
200,ECFP_200,ECFP6_2048
201,ECFP_201,ECFP6_2048
202,ECFP_202,ECFP6_2048
203,ECFP_203,ECFP6_2048
204,ECFP_204,ECFP6_2048
205,ECFP_205,ECFP6_2048
206,ECFP_206,ECFP6_2048
207,ECFP_207,ECFP6_2048
208,ECFP_208,ECFP6_2048
209,ECFP_209,ECFP6_2048
210,ECFP_210,ECFP6_2048
211,ECFP_211,ECFP6_2048
212,ECFP_212,ECFP6_2048
213,ECFP_213,ECFP6_2048
214,ECFP_214,ECFP6_2048
215,ECFP_215,ECFP6_2048
216,ECFP_216,ECFP6_2048
217,ECFP_217,ECFP6_2048
218,ECFP_218,ECFP6_2048
219,ECFP_219,ECFP6_2048
220,ECFP_220,ECFP6_2048
221,ECFP_221,ECFP6_2048
222,ECFP_222,ECFP6_2048
223,ECFP_223,ECFP6_2048
224,ECFP_224,ECFP6_2048
225,ECFP_225,ECFP6_2048
226,ECFP_226,ECFP6_2048
227,ECFP_227,ECFP6_2048
228,ECFP_228,ECFP6_2048
229,ECFP_229,ECFP6_2048
230,ECFP_230,ECFP6_2048
231,ECFP_231,ECFP6_2048
232,ECFP_232,ECFP6_2048
233,ECFP_233,ECFP6_2048
234,ECFP_234,ECFP6_2048
235,ECFP_235,ECFP6_2048
236,ECFP_236,ECFP6_2048
237,ECFP_237,ECFP6_2048
238,ECFP_238,ECFP6_2048
239,ECFP_239,ECFP6_2048
240,ECFP_240,ECFP6_2048
241,ECFP_241,ECFP6_2048
242,ECFP_242,ECFP6_2048
243,ECFP_243,ECFP6_2048
244,ECFP_244,ECFP6_2048
245,ECFP_245,ECFP6_2048
246,ECFP_246,ECFP6_2048
247,ECFP_247,ECFP6_2048
248,ECFP_248,ECFP6_2048
249,ECFP_249,ECFP6_2048
250,ECFP_250,ECFP6_2048
251,ECFP_251,ECFP6_2048
252,ECFP_252,ECFP6_2048
253,ECFP_253,ECFP6_2048
254,ECFP_254,ECFP6_2048
255,ECFP_255,ECFP6_2048
256,ECFP_256,ECFP6_2048
257,ECFP_257,ECFP6_2048
258,ECFP_258,ECFP6_2048
259,ECFP_259,ECFP6_2048
260,ECFP_260,ECFP6_2048
261,ECFP_261,ECFP6_2048
262,ECFP_262,ECFP6_2048
263,ECFP_263,ECFP6_2048
264,ECFP_264,ECFP6_2048
265,ECFP_265,ECFP6_2048
266,ECFP_266,ECFP6_2048
267,ECFP_267,ECFP6_2048
268,ECFP_268,ECFP6_2048
269,ECFP_269,ECFP6_2048
270,ECFP_270,ECFP6_2048
271,ECFP_271,ECFP6_2048
272,ECFP_272,ECFP6_2048
273,ECFP_273,ECFP6_2048
274,ECFP_274,ECFP6_2048
275,ECFP_275,ECFP6_2048
276,ECFP_276,ECFP6_2048
277,ECFP_277,ECFP6_2048
278,ECFP_278,ECFP6_2048
279,ECFP_279,ECFP6_2048
280,ECFP_280,ECFP6_2048
281,ECFP_281,ECFP6_2048
282,ECFP_282,ECFP6_2048
283,ECFP_283,ECFP6_2048
284,ECFP_284,ECFP6_2048
285,ECFP_285,ECFP6_2048
286,ECFP_286,ECFP6_2048
287,ECFP_287,ECFP6_2048
288,ECFP_288,ECFP6_2048
289,ECFP_289,ECFP6_2048
290,ECFP_290,ECFP6_2048
291,ECFP_291,ECFP6_2048
292,ECFP_292,ECFP6_2048
293,ECFP_293,ECFP6_2048
294,ECFP_294,ECFP6_2048
295,ECFP_295,ECFP6_2048
296,ECFP_296,ECFP6_2048
297,ECFP_297,ECFP6_2048
298,ECFP_298,ECFP6_2048
299,ECFP_299,ECFP6_2048
300,ECFP_300,ECFP6_2048
301,ECFP_301,ECFP6_2048
302,ECFP_302,ECFP6_2048
303,ECFP_303,ECFP6_2048
304,ECFP_304,ECFP6_2048
305,ECFP_305,ECFP6_2048
306,ECFP_306,ECFP6_2048
307,ECFP_307,ECFP6_2048
308,ECFP_308,ECFP6_2048
309,ECFP_309,ECFP6_2048
310,ECFP_310,ECFP6_2048
311,ECFP_311,ECFP6_2048
312,ECFP_312,ECFP6_2048
313,ECFP_313,ECFP6_2048
314,ECFP_314,ECFP6_2048
315,ECFP_315,ECFP6_2048
316,ECFP_316,ECFP6_2048
317,ECFP_317,ECFP6_2048
318,ECFP_318,ECFP6_2048
319,ECFP_319,ECFP6_2048
320,ECFP_320,ECFP6_2048
321,ECFP_321,ECFP6_2048
322,ECFP_322,ECFP6_2048
323,ECFP_323,ECFP6_2048
324,ECFP_324,ECFP6_2048
325,ECFP_325,ECFP6_2048
326,ECFP_326,ECFP6_2048
327,ECFP_327,ECFP6_2048
328,ECFP_328,ECFP6_2048
329,ECFP_329,ECFP6_2048
330,ECFP_330,ECFP6_2048
331,ECFP_331,ECFP6_2048
332,ECFP_332,ECFP6_2048
333,ECFP_333,ECFP6_2048
334,ECFP_334,ECFP6_2048
335,ECFP_335,ECFP6_2048
336,ECFP_336,ECFP6_2048
337,ECFP_337,ECFP6_2048
338,ECFP_338,ECFP6_2048
339,ECFP_339,ECFP6_2048
340,ECFP_340,ECFP6_2048
341,ECFP_341,ECFP6_2048
342,ECFP_342,ECFP6_2048
343,ECFP_343,ECFP6_2048
344,ECFP_344,ECFP6_2048
345,ECFP_345,ECFP6_2048
346,ECFP_346,ECFP6_2048
347,ECFP_347,ECFP6_2048
348,ECFP_348,ECFP6_2048
349,ECFP_349,ECFP6_2048
350,ECFP_350,ECFP6_2048
351,ECFP_351,ECFP6_2048
352,ECFP_352,ECFP6_2048
353,ECFP_353,ECFP6_2048
354,ECFP_354,ECFP6_2048
355,ECFP_355,ECFP6_2048
356,ECFP_356,ECFP6_2048
357,ECFP_357,ECFP6_2048
358,ECFP_358,ECFP6_2048
359,ECFP_359,ECFP6_2048
360,ECFP_360,ECFP6_2048
361,ECFP_361,ECFP6_2048
362,ECFP_362,ECFP6_2048
363,ECFP_363,ECFP6_2048
364,ECFP_364,ECFP6_2048
365,ECFP_365,ECFP6_2048
366,ECFP_366,ECFP6_2048
367,ECFP_367,ECFP6_2048
368,ECFP_368,ECFP6_2048
369,ECFP_369,ECFP6_2048
370,ECFP_370,ECFP6_2048
371,ECFP_371,ECFP6_2048
372,ECFP_372,ECFP6_2048
373,ECFP_373,ECFP6_2048
374,ECFP_374,ECFP6_2048
375,ECFP_375,ECFP6_2048
376,ECFP_376,ECFP6_2048
377,ECFP_377,ECFP6_2048
378,ECFP_378,ECFP6_2048
379,ECFP_379,ECFP6_2048
380,ECFP_380,ECFP6_2048
381,ECFP_381,ECFP6_2048
382,ECFP_382,ECFP6_2048
383,ECFP_383,ECFP6_2048
384,ECFP_384,ECFP6_2048
385,ECFP_385,ECFP6_2048
386,ECFP_386,ECFP6_2048
387,ECFP_387,ECFP6_2048
388,ECFP_388,ECFP6_2048
389,ECFP_389,ECFP6_2048
390,ECFP_390,ECFP6_2048
391,ECFP_391,ECFP6_2048
392,ECFP_392,ECFP6_2048
393,ECFP_393,ECFP6_2048
394,ECFP_394,ECFP6_2048
395,ECFP_395,ECFP6_2048
396,ECFP_396,ECFP6_2048
397,ECFP_397,ECFP6_2048
398,ECFP_398,ECFP6_2048
399,ECFP_399,ECFP6_2048
400,ECFP_400,ECFP6_2048
401,ECFP_401,ECFP6_2048
402,ECFP_402,ECFP6_2048
403,ECFP_403,ECFP6_2048
404,ECFP_404,ECFP6_2048
405,ECFP_405,ECFP6_2048
406,ECFP_406,ECFP6_2048
407,ECFP_407,ECFP6_2048
408,ECFP_408,ECFP6_2048
409,ECFP_409,ECFP6_2048
410,ECFP_410,ECFP6_2048
411,ECFP_411,ECFP6_2048
412,ECFP_412,ECFP6_2048
413,ECFP_413,ECFP6_2048
414,ECFP_414,ECFP6_2048
415,ECFP_415,ECFP6_2048
416,ECFP_416,ECFP6_2048
417,ECFP_417,ECFP6_2048
418,ECFP_418,ECFP6_2048
419,ECFP_419,ECFP6_2048
420,ECFP_420,ECFP6_2048
421,ECFP_421,ECFP6_2048
422,ECFP_422,ECFP6_2048
423,ECFP_423,ECFP6_2048
424,ECFP_424,ECFP6_2048
425,ECFP_425,ECFP6_2048
426,ECFP_426,ECFP6_2048
427,ECFP_427,ECFP6_2048
428,ECFP_428,ECFP6_2048
429,ECFP_429,ECFP6_2048
430,ECFP_430,ECFP6_2048
431,ECFP_431,ECFP6_2048
432,ECFP_432,ECFP6_2048
433,ECFP_433,ECFP6_2048
434,ECFP_434,ECFP6_2048
435,ECFP_435,ECFP6_2048
436,ECFP_436,ECFP6_2048
437,ECFP_437,ECFP6_2048
438,ECFP_438,ECFP6_2048
439,ECFP_439,ECFP6_2048
440,ECFP_440,ECFP6_2048
441,ECFP_441,ECFP6_2048
442,ECFP_442,ECFP6_2048
443,ECFP_443,ECFP6_2048
444,ECFP_444,ECFP6_2048
445,ECFP_445,ECFP6_2048
446,ECFP_446,ECFP6_2048
447,ECFP_447,ECFP6_2048
448,ECFP_448,ECFP6_2048
449,ECFP_449,ECFP6_2048
450,ECFP_450,ECFP6_2048
451,ECFP_451,ECFP6_2048
452,ECFP_452,ECFP6_2048
453,ECFP_453,ECFP6_2048
454,ECFP_454,ECFP6_2048
455,ECFP_455,ECFP6_2048
456,ECFP_456,ECFP6_2048
457,ECFP_457,ECFP6_2048
458,ECFP_458,ECFP6_2048
459,ECFP_459,ECFP6_2048
460,ECFP_460,ECFP6_2048
461,ECFP_461,ECFP6_2048
462,ECFP_462,ECFP6_2048
463,ECFP_463,ECFP6_2048
464,ECFP_464,ECFP6_2048
465,ECFP_465,ECFP6_2048
466,ECFP_466,ECFP6_2048
467,ECFP_467,ECFP6_2048
468,ECFP_468,ECFP6_2048
469,ECFP_469,ECFP6_2048
470,ECFP_470,ECFP6_2048
471,ECFP_471,ECFP6_2048
472,ECFP_472,ECFP6_2048
473,ECFP_473,ECFP6_2048
474,ECFP_474,ECFP6_2048
475,ECFP_475,ECFP6_2048
476,ECFP_476,ECFP6_2048
477,ECFP_477,ECFP6_2048
478,ECFP_478,ECFP6_2048
479,ECFP_479,ECFP6_2048
480,ECFP_480,ECFP6_2048
481,ECFP_481,ECFP6_2048
482,ECFP_482,ECFP6_2048
483,ECFP_483,ECFP6_2048
484,ECFP_484,ECFP6_2048
485,ECFP_485,ECFP6_2048
486,ECFP_486,ECFP6_2048
487,ECFP_487,ECFP6_2048
488,ECFP_488,ECFP6_2048
489,ECFP_489,ECFP6_2048
490,ECFP_490,ECFP6_2048
491,ECFP_491,ECFP6_2048
492,ECFP_492,ECFP6_2048
493,ECFP_493,ECFP6_2048
494,ECFP_494,ECFP6_2048
495,ECFP_495,ECFP6_2048
496,ECFP_496,ECFP6_2048
497,ECFP_497,ECFP6_2048
498,ECFP_498,ECFP6_2048
499,ECFP_499,ECFP6_2048
500,ECFP_500,ECFP6_2048
501,ECFP_501,ECFP6_2048
502,ECFP_502,ECFP6_2048
503,ECFP_503,ECFP6_2048
504,ECFP_504,ECFP6_2048
505,ECFP_505,ECFP6_2048
506,ECFP_506,ECFP6_2048
507,ECFP_507,ECFP6_2048
508,ECFP_508,ECFP6_2048
509,ECFP_509,ECFP6_2048
510,ECFP_510,ECFP6_2048
511,ECFP_511,ECFP6_2048
512,ECFP_512,ECFP6_2048
513,ECFP_513,ECFP6_2048
514,ECFP_514,ECFP6_2048
515,ECFP_515,ECFP6_2048
516,ECFP_516,ECFP6_2048
517,ECFP_517,ECFP6_2048
518,ECFP_518,ECFP6_2048
519,ECFP_519,ECFP6_2048
520,ECFP_520,ECFP6_2048
521,ECFP_521,ECFP6_2048
522,ECFP_522,ECFP6_2048
523,ECFP_523,ECFP6_2048
524,ECFP_524,ECFP6_2048
525,ECFP_525,ECFP6_2048
526,ECFP_526,ECFP6_2048
527,ECFP_527,ECFP6_2048
528,ECFP_528,ECFP6_2048
529,ECFP_529,ECFP6_2048
530,ECFP_530,ECFP6_2048
531,ECFP_531,ECFP6_2048
532,ECFP_532,ECFP6_2048
533,ECFP_533,ECFP6_2048
534,ECFP_534,ECFP6_2048
535,ECFP_535,ECFP6_2048
536,ECFP_536,ECFP6_2048
537,ECFP_537,ECFP6_2048
538,ECFP_538,ECFP6_2048
539,ECFP_539,ECFP6_2048
540,ECFP_540,ECFP6_2048
541,ECFP_541,ECFP6_2048
542,ECFP_542,ECFP6_2048
543,ECFP_543,ECFP6_2048
544,ECFP_544,ECFP6_2048
545,ECFP_545,ECFP6_2048
546,ECFP_546,ECFP6_2048
547,ECFP_547,ECFP6_2048
548,ECFP_548,ECFP6_2048
549,ECFP_549,ECFP6_2048
550,ECFP_550,ECFP6_2048
551,ECFP_551,ECFP6_2048
552,ECFP_552,ECFP6_2048
553,ECFP_553,ECFP6_2048
554,ECFP_554,ECFP6_2048
555,ECFP_555,ECFP6_2048
556,ECFP_556,ECFP6_2048
557,ECFP_557,ECFP6_2048
558,ECFP_558,ECFP6_2048
559,ECFP_559,ECFP6_2048
560,ECFP_560,ECFP6_2048
561,ECFP_561,ECFP6_2048
562,ECFP_562,ECFP6_2048
563,ECFP_563,ECFP6_2048
564,ECFP_564,ECFP6_2048
565,ECFP_565,ECFP6_2048
566,ECFP_566,ECFP6_2048
567,ECFP_567,ECFP6_2048
568,ECFP_568,ECFP6_2048
569,ECFP_569,ECFP6_2048
570,ECFP_570,ECFP6_2048
571,ECFP_571,ECFP6_2048
572,ECFP_572,ECFP6_2048
573,ECFP_573,ECFP6_2048
574,ECFP_574,ECFP6_2048
575,ECFP_575,ECFP6_2048
576,ECFP_576,ECFP6_2048
577,ECFP_577,ECFP6_2048
578,ECFP_578,ECFP6_2048
579,ECFP_579,ECFP6_2048
580,ECFP_580,ECFP6_2048
581,ECFP_581,ECFP6_2048
582,ECFP_582,ECFP6_2048
583,ECFP_583,ECFP6_2048
584,ECFP_584,ECFP6_2048
585,ECFP_585,ECFP6_2048
586,ECFP_586,ECFP6_2048
587,ECFP_587,ECFP6_2048
588,ECFP_588,ECFP6_2048
589,ECFP_589,ECFP6_2048
590,ECFP_590,ECFP6_2048
591,ECFP_591,ECFP6_2048
592,ECFP_592,ECFP6_2048
593,ECFP_593,ECFP6_2048
594,ECFP_594,ECFP6_2048
595,ECFP_595,ECFP6_2048
596,ECFP_596,ECFP6_2048
597,ECFP_597,ECFP6_2048
598,ECFP_598,ECFP6_2048
599,ECFP_599,ECFP6_2048
600,ECFP_600,ECFP6_2048
601,ECFP_601,ECFP6_2048
602,ECFP_602,ECFP6_2048
603,ECFP_603,ECFP6_2048
604,ECFP_604,ECFP6_2048
605,ECFP_605,ECFP6_2048
606,ECFP_606,ECFP6_2048
607,ECFP_607,ECFP6_2048
608,ECFP_608,ECFP6_2048
609,ECFP_609,ECFP6_2048
610,ECFP_610,ECFP6_2048
611,ECFP_611,ECFP6_2048
612,ECFP_612,ECFP6_2048
613,ECFP_613,ECFP6_2048
614,ECFP_614,ECFP6_2048
615,ECFP_615,ECFP6_2048
616,ECFP_616,ECFP6_2048
617,ECFP_617,ECFP6_2048
618,ECFP_618,ECFP6_2048
619,ECFP_619,ECFP6_2048
620,ECFP_620,ECFP6_2048
621,ECFP_621,ECFP6_2048
622,ECFP_622,ECFP6_2048
623,ECFP_623,ECFP6_2048
624,ECFP_624,ECFP6_2048
625,ECFP_625,ECFP6_2048
626,ECFP_626,ECFP6_2048
627,ECFP_627,ECFP6_2048
628,ECFP_628,ECFP6_2048
629,ECFP_629,ECFP6_2048
630,ECFP_630,ECFP6_2048
631,ECFP_631,ECFP6_2048
632,ECFP_632,ECFP6_2048
633,ECFP_633,ECFP6_2048
634,ECFP_634,ECFP6_2048
635,ECFP_635,ECFP6_2048
636,ECFP_636,ECFP6_2048
637,ECFP_637,ECFP6_2048
638,ECFP_638,ECFP6_2048
639,ECFP_639,ECFP6_2048
640,ECFP_640,ECFP6_2048
641,ECFP_641,ECFP6_2048
642,ECFP_642,ECFP6_2048
643,ECFP_643,ECFP6_2048
644,ECFP_644,ECFP6_2048
645,ECFP_645,ECFP6_2048
646,ECFP_646,ECFP6_2048
647,ECFP_647,ECFP6_2048
648,ECFP_648,ECFP6_2048
649,ECFP_649,ECFP6_2048
650,ECFP_650,ECFP6_2048
651,ECFP_651,ECFP6_2048
652,ECFP_652,ECFP6_2048
653,ECFP_653,ECFP6_2048
654,ECFP_654,ECFP6_2048
655,ECFP_655,ECFP6_2048
656,ECFP_656,ECFP6_2048
657,ECFP_657,ECFP6_2048
658,ECFP_658,ECFP6_2048
659,ECFP_659,ECFP6_2048
660,ECFP_660,ECFP6_2048
661,ECFP_661,ECFP6_2048
662,ECFP_662,ECFP6_2048
663,ECFP_663,ECFP6_2048
664,ECFP_664,ECFP6_2048
665,ECFP_665,ECFP6_2048
666,ECFP_666,ECFP6_2048
667,ECFP_667,ECFP6_2048
668,ECFP_668,ECFP6_2048
669,ECFP_669,ECFP6_2048
670,ECFP_670,ECFP6_2048
671,ECFP_671,ECFP6_2048
672,ECFP_672,ECFP6_2048
673,ECFP_673,ECFP6_2048
674,ECFP_674,ECFP6_2048
675,ECFP_675,ECFP6_2048
676,ECFP_676,ECFP6_2048
677,ECFP_677,ECFP6_2048
678,ECFP_678,ECFP6_2048
679,ECFP_679,ECFP6_2048
680,ECFP_680,ECFP6_2048
681,ECFP_681,ECFP6_2048
682,ECFP_682,ECFP6_2048
683,ECFP_683,ECFP6_2048
684,ECFP_684,ECFP6_2048
685,ECFP_685,ECFP6_2048
686,ECFP_686,ECFP6_2048
687,ECFP_687,ECFP6_2048
688,ECFP_688,ECFP6_2048
689,ECFP_689,ECFP6_2048
690,ECFP_690,ECFP6_2048
691,ECFP_691,ECFP6_2048
692,ECFP_692,ECFP6_2048
693,ECFP_693,ECFP6_2048
694,ECFP_694,ECFP6_2048
695,ECFP_695,ECFP6_2048
696,ECFP_696,ECFP6_2048
697,ECFP_697,ECFP6_2048
698,ECFP_698,ECFP6_2048
699,ECFP_699,ECFP6_2048
700,ECFP_700,ECFP6_2048
701,ECFP_701,ECFP6_2048
702,ECFP_702,ECFP6_2048
703,ECFP_703,ECFP6_2048
704,ECFP_704,ECFP6_2048
705,ECFP_705,ECFP6_2048
706,ECFP_706,ECFP6_2048
707,ECFP_707,ECFP6_2048
708,ECFP_708,ECFP6_2048
709,ECFP_709,ECFP6_2048
710,ECFP_710,ECFP6_2048
711,ECFP_711,ECFP6_2048
712,ECFP_712,ECFP6_2048
713,ECFP_713,ECFP6_2048
714,ECFP_714,ECFP6_2048
715,ECFP_715,ECFP6_2048
716,ECFP_716,ECFP6_2048
717,ECFP_717,ECFP6_2048
718,ECFP_718,ECFP6_2048
719,ECFP_719,ECFP6_2048
720,ECFP_720,ECFP6_2048
721,ECFP_721,ECFP6_2048
722,ECFP_722,ECFP6_2048
723,ECFP_723,ECFP6_2048
724,ECFP_724,ECFP6_2048
725,ECFP_725,ECFP6_2048
726,ECFP_726,ECFP6_2048
727,ECFP_727,ECFP6_2048
728,ECFP_728,ECFP6_2048
729,ECFP_729,ECFP6_2048
730,ECFP_730,ECFP6_2048
731,ECFP_731,ECFP6_2048
732,ECFP_732,ECFP6_2048
733,ECFP_733,ECFP6_2048
734,ECFP_734,ECFP6_2048
735,ECFP_735,ECFP6_2048
736,ECFP_736,ECFP6_2048
737,ECFP_737,ECFP6_2048
738,ECFP_738,ECFP6_2048
739,ECFP_739,ECFP6_2048
740,ECFP_740,ECFP6_2048
741,ECFP_741,ECFP6_2048
742,ECFP_742,ECFP6_2048
743,ECFP_743,ECFP6_2048
744,ECFP_744,ECFP6_2048
745,ECFP_745,ECFP6_2048
746,ECFP_746,ECFP6_2048
747,ECFP_747,ECFP6_2048
748,ECFP_748,ECFP6_2048
749,ECFP_749,ECFP6_2048
750,ECFP_750,ECFP6_2048
751,ECFP_751,ECFP6_2048
752,ECFP_752,ECFP6_2048
753,ECFP_753,ECFP6_2048
754,ECFP_754,ECFP6_2048
755,ECFP_755,ECFP6_2048
756,ECFP_756,ECFP6_2048
757,ECFP_757,ECFP6_2048
758,ECFP_758,ECFP6_2048
759,ECFP_759,ECFP6_2048
760,ECFP_760,ECFP6_2048
761,ECFP_761,ECFP6_2048
762,ECFP_762,ECFP6_2048
763,ECFP_763,ECFP6_2048
764,ECFP_764,ECFP6_2048
765,ECFP_765,ECFP6_2048
766,ECFP_766,ECFP6_2048
767,ECFP_767,ECFP6_2048
768,ECFP_768,ECFP6_2048
769,ECFP_769,ECFP6_2048
770,ECFP_770,ECFP6_2048
771,ECFP_771,ECFP6_2048
772,ECFP_772,ECFP6_2048
773,ECFP_773,ECFP6_2048
774,ECFP_774,ECFP6_2048
775,ECFP_775,ECFP6_2048
776,ECFP_776,ECFP6_2048
777,ECFP_777,ECFP6_2048
778,ECFP_778,ECFP6_2048
779,ECFP_779,ECFP6_2048
780,ECFP_780,ECFP6_2048
781,ECFP_781,ECFP6_2048
782,ECFP_782,ECFP6_2048
783,ECFP_783,ECFP6_2048
784,ECFP_784,ECFP6_2048
785,ECFP_785,ECFP6_2048
786,ECFP_786,ECFP6_2048
787,ECFP_787,ECFP6_2048
788,ECFP_788,ECFP6_2048
789,ECFP_789,ECFP6_2048
790,ECFP_790,ECFP6_2048
791,ECFP_791,ECFP6_2048
792,ECFP_792,ECFP6_2048
793,ECFP_793,ECFP6_2048
794,ECFP_794,ECFP6_2048
795,ECFP_795,ECFP6_2048
796,ECFP_796,ECFP6_2048
797,ECFP_797,ECFP6_2048
798,ECFP_798,ECFP6_2048
799,ECFP_799,ECFP6_2048
800,ECFP_800,ECFP6_2048
801,ECFP_801,ECFP6_2048
802,ECFP_802,ECFP6_2048
803,ECFP_803,ECFP6_2048
804,ECFP_804,ECFP6_2048
805,ECFP_805,ECFP6_2048
806,ECFP_806,ECFP6_2048
807,ECFP_807,ECFP6_2048
808,ECFP_808,ECFP6_2048
809,ECFP_809,ECFP6_2048
810,ECFP_810,ECFP6_2048
811,ECFP_811,ECFP6_2048
812,ECFP_812,ECFP6_2048
813,ECFP_813,ECFP6_2048
814,ECFP_814,ECFP6_2048
815,ECFP_815,ECFP6_2048
816,ECFP_816,ECFP6_2048
817,ECFP_817,ECFP6_2048
818,ECFP_818,ECFP6_2048
819,ECFP_819,ECFP6_2048
820,ECFP_820,ECFP6_2048
821,ECFP_821,ECFP6_2048
822,ECFP_822,ECFP6_2048
823,ECFP_823,ECFP6_2048
824,ECFP_824,ECFP6_2048
825,ECFP_825,ECFP6_2048
826,ECFP_826,ECFP6_2048
827,ECFP_827,ECFP6_2048
828,ECFP_828,ECFP6_2048
829,ECFP_829,ECFP6_2048
830,ECFP_830,ECFP6_2048
831,ECFP_831,ECFP6_2048
832,ECFP_832,ECFP6_2048
833,ECFP_833,ECFP6_2048
834,ECFP_834,ECFP6_2048
835,ECFP_835,ECFP6_2048
836,ECFP_836,ECFP6_2048
837,ECFP_837,ECFP6_2048
838,ECFP_838,ECFP6_2048
839,ECFP_839,ECFP6_2048
840,ECFP_840,ECFP6_2048
841,ECFP_841,ECFP6_2048
842,ECFP_842,ECFP6_2048
843,ECFP_843,ECFP6_2048
844,ECFP_844,ECFP6_2048
845,ECFP_845,ECFP6_2048
846,ECFP_846,ECFP6_2048
847,ECFP_847,ECFP6_2048
848,ECFP_848,ECFP6_2048
849,ECFP_849,ECFP6_2048
850,ECFP_850,ECFP6_2048
851,ECFP_851,ECFP6_2048
852,ECFP_852,ECFP6_2048
853,ECFP_853,ECFP6_2048
854,ECFP_854,ECFP6_2048
855,ECFP_855,ECFP6_2048
856,ECFP_856,ECFP6_2048
857,ECFP_857,ECFP6_2048
858,ECFP_858,ECFP6_2048
859,ECFP_859,ECFP6_2048
860,ECFP_860,ECFP6_2048
861,ECFP_861,ECFP6_2048
862,ECFP_862,ECFP6_2048
863,ECFP_863,ECFP6_2048
864,ECFP_864,ECFP6_2048
865,ECFP_865,ECFP6_2048
866,ECFP_866,ECFP6_2048
867,ECFP_867,ECFP6_2048
868,ECFP_868,ECFP6_2048
869,ECFP_869,ECFP6_2048
870,ECFP_870,ECFP6_2048
871,ECFP_871,ECFP6_2048
872,ECFP_872,ECFP6_2048
873,ECFP_873,ECFP6_2048
874,ECFP_874,ECFP6_2048
875,ECFP_875,ECFP6_2048
876,ECFP_876,ECFP6_2048
877,ECFP_877,ECFP6_2048
878,ECFP_878,ECFP6_2048
879,ECFP_879,ECFP6_2048
880,ECFP_880,ECFP6_2048
881,ECFP_881,ECFP6_2048
882,ECFP_882,ECFP6_2048
883,ECFP_883,ECFP6_2048
884,ECFP_884,ECFP6_2048
885,ECFP_885,ECFP6_2048
886,ECFP_886,ECFP6_2048
887,ECFP_887,ECFP6_2048
888,ECFP_888,ECFP6_2048
889,ECFP_889,ECFP6_2048
890,ECFP_890,ECFP6_2048
891,ECFP_891,ECFP6_2048
892,ECFP_892,ECFP6_2048
893,ECFP_893,ECFP6_2048
894,ECFP_894,ECFP6_2048
895,ECFP_895,ECFP6_2048
896,ECFP_896,ECFP6_2048
897,ECFP_897,ECFP6_2048
898,ECFP_898,ECFP6_2048
899,ECFP_899,ECFP6_2048
900,ECFP_900,ECFP6_2048
901,ECFP_901,ECFP6_2048
902,ECFP_902,ECFP6_2048
903,ECFP_903,ECFP6_2048
904,ECFP_904,ECFP6_2048
905,ECFP_905,ECFP6_2048
906,ECFP_906,ECFP6_2048
907,ECFP_907,ECFP6_2048
908,ECFP_908,ECFP6_2048
909,ECFP_909,ECFP6_2048
910,ECFP_910,ECFP6_2048
911,ECFP_911,ECFP6_2048
912,ECFP_912,ECFP6_2048
913,ECFP_913,ECFP6_2048
914,ECFP_914,ECFP6_2048
915,ECFP_915,ECFP6_2048
916,ECFP_916,ECFP6_2048
917,ECFP_917,ECFP6_2048
918,ECFP_918,ECFP6_2048
919,ECFP_919,ECFP6_2048
920,ECFP_920,ECFP6_2048
921,ECFP_921,ECFP6_2048
922,ECFP_922,ECFP6_2048
923,ECFP_923,ECFP6_2048
924,ECFP_924,ECFP6_2048
925,ECFP_925,ECFP6_2048
926,ECFP_926,ECFP6_2048
927,ECFP_927,ECFP6_2048
928,ECFP_928,ECFP6_2048
929,ECFP_929,ECFP6_2048
930,ECFP_930,ECFP6_2048
931,ECFP_931,ECFP6_2048
932,ECFP_932,ECFP6_2048
933,ECFP_933,ECFP6_2048
934,ECFP_934,ECFP6_2048
935,ECFP_935,ECFP6_2048
936,ECFP_936,ECFP6_2048
937,ECFP_937,ECFP6_2048
938,ECFP_938,ECFP6_2048
939,ECFP_939,ECFP6_2048
940,ECFP_940,ECFP6_2048
941,ECFP_941,ECFP6_2048
942,ECFP_942,ECFP6_2048
943,ECFP_943,ECFP6_2048
944,ECFP_944,ECFP6_2048
945,ECFP_945,ECFP6_2048
946,ECFP_946,ECFP6_2048
947,ECFP_947,ECFP6_2048
948,ECFP_948,ECFP6_2048
949,ECFP_949,ECFP6_2048
950,ECFP_950,ECFP6_2048
951,ECFP_951,ECFP6_2048
952,ECFP_952,ECFP6_2048
953,ECFP_953,ECFP6_2048
954,ECFP_954,ECFP6_2048
955,ECFP_955,ECFP6_2048
956,ECFP_956,ECFP6_2048
957,ECFP_957,ECFP6_2048
958,ECFP_958,ECFP6_2048
959,ECFP_959,ECFP6_2048
960,ECFP_960,ECFP6_2048
961,ECFP_961,ECFP6_2048
962,ECFP_962,ECFP6_2048
963,ECFP_963,ECFP6_2048
964,ECFP_964,ECFP6_2048
965,ECFP_965,ECFP6_2048
966,ECFP_966,ECFP6_2048
967,ECFP_967,ECFP6_2048
968,ECFP_968,ECFP6_2048
969,ECFP_969,ECFP6_2048
970,ECFP_970,ECFP6_2048
971,ECFP_971,ECFP6_2048
972,ECFP_972,ECFP6_2048
973,ECFP_973,ECFP6_2048
974,ECFP_974,ECFP6_2048
975,ECFP_975,ECFP6_2048
976,ECFP_976,ECFP6_2048
977,ECFP_977,ECFP6_2048
978,ECFP_978,ECFP6_2048
979,ECFP_979,ECFP6_2048
980,ECFP_980,ECFP6_2048
981,ECFP_981,ECFP6_2048
982,ECFP_982,ECFP6_2048
983,ECFP_983,ECFP6_2048
984,ECFP_984,ECFP6_2048
985,ECFP_985,ECFP6_2048
986,ECFP_986,ECFP6_2048
987,ECFP_987,ECFP6_2048
988,ECFP_988,ECFP6_2048
989,ECFP_989,ECFP6_2048
990,ECFP_990,ECFP6_2048
991,ECFP_991,ECFP6_2048
992,ECFP_992,ECFP6_2048
993,ECFP_993,ECFP6_2048
994,ECFP_994,ECFP6_2048
995,ECFP_995,ECFP6_2048
996,ECFP_996,ECFP6_2048
997,ECFP_997,ECFP6_2048
998,ECFP_998,ECFP6_2048
999,ECFP_999,ECFP6_2048
1000,ECFP_1000,ECFP6_2048
1001,ECFP_1001,ECFP6_2048
1002,ECFP_1002,ECFP6_2048
1003,ECFP_1003,ECFP6_2048
1004,ECFP_1004,ECFP6_2048
1005,ECFP_1005,ECFP6_2048
1006,ECFP_1006,ECFP6_2048
1007,ECFP_1007,ECFP6_2048
1008,ECFP_1008,ECFP6_2048
1009,ECFP_1009,ECFP6_2048
1010,ECFP_1010,ECFP6_2048
1011,ECFP_1011,ECFP6_2048
1012,ECFP_1012,ECFP6_2048
1013,ECFP_1013,ECFP6_2048
1014,ECFP_1014,ECFP6_2048
1015,ECFP_1015,ECFP6_2048
1016,ECFP_1016,ECFP6_2048
1017,ECFP_1017,ECFP6_2048
1018,ECFP_1018,ECFP6_2048
1019,ECFP_1019,ECFP6_2048
1020,ECFP_1020,ECFP6_2048
1021,ECFP_1021,ECFP6_2048
1022,ECFP_1022,ECFP6_2048
1023,ECFP_1023,ECFP6_2048
1024,ECFP_1024,ECFP6_2048
1025,ECFP_1025,ECFP6_2048
1026,ECFP_1026,ECFP6_2048
1027,ECFP_1027,ECFP6_2048
1028,ECFP_1028,ECFP6_2048
1029,ECFP_1029,ECFP6_2048
1030,ECFP_1030,ECFP6_2048
1031,ECFP_1031,ECFP6_2048
1032,ECFP_1032,ECFP6_2048
1033,ECFP_1033,ECFP6_2048
1034,ECFP_1034,ECFP6_2048
1035,ECFP_1035,ECFP6_2048
1036,ECFP_1036,ECFP6_2048
1037,ECFP_1037,ECFP6_2048
1038,ECFP_1038,ECFP6_2048
1039,ECFP_1039,ECFP6_2048
1040,ECFP_1040,ECFP6_2048
1041,ECFP_1041,ECFP6_2048
1042,ECFP_1042,ECFP6_2048
1043,ECFP_1043,ECFP6_2048
1044,ECFP_1044,ECFP6_2048
1045,ECFP_1045,ECFP6_2048
1046,ECFP_1046,ECFP6_2048
1047,ECFP_1047,ECFP6_2048
1048,ECFP_1048,ECFP6_2048
1049,ECFP_1049,ECFP6_2048
1050,ECFP_1050,ECFP6_2048
1051,ECFP_1051,ECFP6_2048
1052,ECFP_1052,ECFP6_2048
1053,ECFP_1053,ECFP6_2048
1054,ECFP_1054,ECFP6_2048
1055,ECFP_1055,ECFP6_2048
1056,ECFP_1056,ECFP6_2048
1057,ECFP_1057,ECFP6_2048
1058,ECFP_1058,ECFP6_2048
1059,ECFP_1059,ECFP6_2048
1060,ECFP_1060,ECFP6_2048
1061,ECFP_1061,ECFP6_2048
1062,ECFP_1062,ECFP6_2048
1063,ECFP_1063,ECFP6_2048
1064,ECFP_1064,ECFP6_2048
1065,ECFP_1065,ECFP6_2048
1066,ECFP_1066,ECFP6_2048
1067,ECFP_1067,ECFP6_2048
1068,ECFP_1068,ECFP6_2048
1069,ECFP_1069,ECFP6_2048
1070,ECFP_1070,ECFP6_2048
1071,ECFP_1071,ECFP6_2048
1072,ECFP_1072,ECFP6_2048
1073,ECFP_1073,ECFP6_2048
1074,ECFP_1074,ECFP6_2048
1075,ECFP_1075,ECFP6_2048
1076,ECFP_1076,ECFP6_2048
1077,ECFP_1077,ECFP6_2048
1078,ECFP_1078,ECFP6_2048
1079,ECFP_1079,ECFP6_2048
1080,ECFP_1080,ECFP6_2048
1081,ECFP_1081,ECFP6_2048
1082,ECFP_1082,ECFP6_2048
1083,ECFP_1083,ECFP6_2048
1084,ECFP_1084,ECFP6_2048
1085,ECFP_1085,ECFP6_2048
1086,ECFP_1086,ECFP6_2048
1087,ECFP_1087,ECFP6_2048
1088,ECFP_1088,ECFP6_2048
1089,ECFP_1089,ECFP6_2048
1090,ECFP_1090,ECFP6_2048
1091,ECFP_1091,ECFP6_2048
1092,ECFP_1092,ECFP6_2048
1093,ECFP_1093,ECFP6_2048
1094,ECFP_1094,ECFP6_2048
1095,ECFP_1095,ECFP6_2048
1096,ECFP_1096,ECFP6_2048
1097,ECFP_1097,ECFP6_2048
1098,ECFP_1098,ECFP6_2048
1099,ECFP_1099,ECFP6_2048
1100,ECFP_1100,ECFP6_2048
1101,ECFP_1101,ECFP6_2048
1102,ECFP_1102,ECFP6_2048
1103,ECFP_1103,ECFP6_2048
1104,ECFP_1104,ECFP6_2048
1105,ECFP_1105,ECFP6_2048
1106,ECFP_1106,ECFP6_2048
1107,ECFP_1107,ECFP6_2048
1108,ECFP_1108,ECFP6_2048
1109,ECFP_1109,ECFP6_2048
1110,ECFP_1110,ECFP6_2048
1111,ECFP_1111,ECFP6_2048
1112,ECFP_1112,ECFP6_2048
1113,ECFP_1113,ECFP6_2048
1114,ECFP_1114,ECFP6_2048
1115,ECFP_1115,ECFP6_2048
1116,ECFP_1116,ECFP6_2048
1117,ECFP_1117,ECFP6_2048
1118,ECFP_1118,ECFP6_2048
1119,ECFP_1119,ECFP6_2048
1120,ECFP_1120,ECFP6_2048
1121,ECFP_1121,ECFP6_2048
1122,ECFP_1122,ECFP6_2048
1123,ECFP_1123,ECFP6_2048
1124,ECFP_1124,ECFP6_2048
1125,ECFP_1125,ECFP6_2048
1126,ECFP_1126,ECFP6_2048
1127,ECFP_1127,ECFP6_2048
1128,ECFP_1128,ECFP6_2048
1129,ECFP_1129,ECFP6_2048
1130,ECFP_1130,ECFP6_2048
1131,ECFP_1131,ECFP6_2048
1132,ECFP_1132,ECFP6_2048
1133,ECFP_1133,ECFP6_2048
1134,ECFP_1134,ECFP6_2048
1135,ECFP_1135,ECFP6_2048
1136,ECFP_1136,ECFP6_2048
1137,ECFP_1137,ECFP6_2048
1138,ECFP_1138,ECFP6_2048
1139,ECFP_1139,ECFP6_2048
1140,ECFP_1140,ECFP6_2048
1141,ECFP_1141,ECFP6_2048
1142,ECFP_1142,ECFP6_2048
1143,ECFP_1143,ECFP6_2048
1144,ECFP_1144,ECFP6_2048
1145,ECFP_1145,ECFP6_2048
1146,ECFP_1146,ECFP6_2048
1147,ECFP_1147,ECFP6_2048
1148,ECFP_1148,ECFP6_2048
1149,ECFP_1149,ECFP6_2048
1150,ECFP_1150,ECFP6_2048
1151,ECFP_1151,ECFP6_2048
1152,ECFP_1152,ECFP6_2048
1153,ECFP_1153,ECFP6_2048
1154,ECFP_1154,ECFP6_2048
1155,ECFP_1155,ECFP6_2048
1156,ECFP_1156,ECFP6_2048
1157,ECFP_1157,ECFP6_2048
1158,ECFP_1158,ECFP6_2048
1159,ECFP_1159,ECFP6_2048
1160,ECFP_1160,ECFP6_2048
1161,ECFP_1161,ECFP6_2048
1162,ECFP_1162,ECFP6_2048
1163,ECFP_1163,ECFP6_2048
1164,ECFP_1164,ECFP6_2048
1165,ECFP_1165,ECFP6_2048
1166,ECFP_1166,ECFP6_2048
1167,ECFP_1167,ECFP6_2048
1168,ECFP_1168,ECFP6_2048
1169,ECFP_1169,ECFP6_2048
1170,ECFP_1170,ECFP6_2048
1171,ECFP_1171,ECFP6_2048
1172,ECFP_1172,ECFP6_2048
1173,ECFP_1173,ECFP6_2048
1174,ECFP_1174,ECFP6_2048
1175,ECFP_1175,ECFP6_2048
1176,ECFP_1176,ECFP6_2048
1177,ECFP_1177,ECFP6_2048
1178,ECFP_1178,ECFP6_2048
1179,ECFP_1179,ECFP6_2048
1180,ECFP_1180,ECFP6_2048
1181,ECFP_1181,ECFP6_2048
1182,ECFP_1182,ECFP6_2048
1183,ECFP_1183,ECFP6_2048
1184,ECFP_1184,ECFP6_2048
1185,ECFP_1185,ECFP6_2048
1186,ECFP_1186,ECFP6_2048
1187,ECFP_1187,ECFP6_2048
1188,ECFP_1188,ECFP6_2048
1189,ECFP_1189,ECFP6_2048
1190,ECFP_1190,ECFP6_2048
1191,ECFP_1191,ECFP6_2048
1192,ECFP_1192,ECFP6_2048
1193,ECFP_1193,ECFP6_2048
1194,ECFP_1194,ECFP6_2048
1195,ECFP_1195,ECFP6_2048
1196,ECFP_1196,ECFP6_2048
1197,ECFP_1197,ECFP6_2048
1198,ECFP_1198,ECFP6_2048
1199,ECFP_1199,ECFP6_2048
1200,ECFP_1200,ECFP6_2048
1201,ECFP_1201,ECFP6_2048
1202,ECFP_1202,ECFP6_2048
1203,ECFP_1203,ECFP6_2048
1204,ECFP_1204,ECFP6_2048
1205,ECFP_1205,ECFP6_2048
1206,ECFP_1206,ECFP6_2048
1207,ECFP_1207,ECFP6_2048
1208,ECFP_1208,ECFP6_2048
1209,ECFP_1209,ECFP6_2048
1210,ECFP_1210,ECFP6_2048
1211,ECFP_1211,ECFP6_2048
1212,ECFP_1212,ECFP6_2048
1213,ECFP_1213,ECFP6_2048
1214,ECFP_1214,ECFP6_2048
1215,ECFP_1215,ECFP6_2048
1216,ECFP_1216,ECFP6_2048
1217,ECFP_1217,ECFP6_2048
1218,ECFP_1218,ECFP6_2048
1219,ECFP_1219,ECFP6_2048
1220,ECFP_1220,ECFP6_2048
1221,ECFP_1221,ECFP6_2048
1222,ECFP_1222,ECFP6_2048
1223,ECFP_1223,ECFP6_2048
1224,ECFP_1224,ECFP6_2048
1225,ECFP_1225,ECFP6_2048
1226,ECFP_1226,ECFP6_2048
1227,ECFP_1227,ECFP6_2048
1228,ECFP_1228,ECFP6_2048
1229,ECFP_1229,ECFP6_2048
1230,ECFP_1230,ECFP6_2048
1231,ECFP_1231,ECFP6_2048
1232,ECFP_1232,ECFP6_2048
1233,ECFP_1233,ECFP6_2048
1234,ECFP_1234,ECFP6_2048
1235,ECFP_1235,ECFP6_2048
1236,ECFP_1236,ECFP6_2048
1237,ECFP_1237,ECFP6_2048
1238,ECFP_1238,ECFP6_2048
1239,ECFP_1239,ECFP6_2048
1240,ECFP_1240,ECFP6_2048
1241,ECFP_1241,ECFP6_2048
1242,ECFP_1242,ECFP6_2048
1243,ECFP_1243,ECFP6_2048
1244,ECFP_1244,ECFP6_2048
1245,ECFP_1245,ECFP6_2048
1246,ECFP_1246,ECFP6_2048
1247,ECFP_1247,ECFP6_2048
1248,ECFP_1248,ECFP6_2048
1249,ECFP_1249,ECFP6_2048
1250,ECFP_1250,ECFP6_2048
1251,ECFP_1251,ECFP6_2048
1252,ECFP_1252,ECFP6_2048
1253,ECFP_1253,ECFP6_2048
1254,ECFP_1254,ECFP6_2048
1255,ECFP_1255,ECFP6_2048
1256,ECFP_1256,ECFP6_2048
1257,ECFP_1257,ECFP6_2048
1258,ECFP_1258,ECFP6_2048
1259,ECFP_1259,ECFP6_2048
1260,ECFP_1260,ECFP6_2048
1261,ECFP_1261,ECFP6_2048
1262,ECFP_1262,ECFP6_2048
1263,ECFP_1263,ECFP6_2048
1264,ECFP_1264,ECFP6_2048
1265,ECFP_1265,ECFP6_2048
1266,ECFP_1266,ECFP6_2048
1267,ECFP_1267,ECFP6_2048
1268,ECFP_1268,ECFP6_2048
1269,ECFP_1269,ECFP6_2048
1270,ECFP_1270,ECFP6_2048
1271,ECFP_1271,ECFP6_2048
1272,ECFP_1272,ECFP6_2048
1273,ECFP_1273,ECFP6_2048
1274,ECFP_1274,ECFP6_2048
1275,ECFP_1275,ECFP6_2048
1276,ECFP_1276,ECFP6_2048
1277,ECFP_1277,ECFP6_2048
1278,ECFP_1278,ECFP6_2048
1279,ECFP_1279,ECFP6_2048
1280,ECFP_1280,ECFP6_2048
1281,ECFP_1281,ECFP6_2048
1282,ECFP_1282,ECFP6_2048
1283,ECFP_1283,ECFP6_2048
1284,ECFP_1284,ECFP6_2048
1285,ECFP_1285,ECFP6_2048
1286,ECFP_1286,ECFP6_2048
1287,ECFP_1287,ECFP6_2048
1288,ECFP_1288,ECFP6_2048
1289,ECFP_1289,ECFP6_2048
1290,ECFP_1290,ECFP6_2048
1291,ECFP_1291,ECFP6_2048
1292,ECFP_1292,ECFP6_2048
1293,ECFP_1293,ECFP6_2048
1294,ECFP_1294,ECFP6_2048
1295,ECFP_1295,ECFP6_2048
1296,ECFP_1296,ECFP6_2048
1297,ECFP_1297,ECFP6_2048
1298,ECFP_1298,ECFP6_2048
1299,ECFP_1299,ECFP6_2048
1300,ECFP_1300,ECFP6_2048
1301,ECFP_1301,ECFP6_2048
1302,ECFP_1302,ECFP6_2048
1303,ECFP_1303,ECFP6_2048
1304,ECFP_1304,ECFP6_2048
1305,ECFP_1305,ECFP6_2048
1306,ECFP_1306,ECFP6_2048
1307,ECFP_1307,ECFP6_2048
1308,ECFP_1308,ECFP6_2048
1309,ECFP_1309,ECFP6_2048
1310,ECFP_1310,ECFP6_2048
1311,ECFP_1311,ECFP6_2048
1312,ECFP_1312,ECFP6_2048
1313,ECFP_1313,ECFP6_2048
1314,ECFP_1314,ECFP6_2048
1315,ECFP_1315,ECFP6_2048
1316,ECFP_1316,ECFP6_2048
1317,ECFP_1317,ECFP6_2048
1318,ECFP_1318,ECFP6_2048
1319,ECFP_1319,ECFP6_2048
1320,ECFP_1320,ECFP6_2048
1321,ECFP_1321,ECFP6_2048
1322,ECFP_1322,ECFP6_2048
1323,ECFP_1323,ECFP6_2048
1324,ECFP_1324,ECFP6_2048
1325,ECFP_1325,ECFP6_2048
1326,ECFP_1326,ECFP6_2048
1327,ECFP_1327,ECFP6_2048
1328,ECFP_1328,ECFP6_2048
1329,ECFP_1329,ECFP6_2048
1330,ECFP_1330,ECFP6_2048
1331,ECFP_1331,ECFP6_2048
1332,ECFP_1332,ECFP6_2048
1333,ECFP_1333,ECFP6_2048
1334,ECFP_1334,ECFP6_2048
1335,ECFP_1335,ECFP6_2048
1336,ECFP_1336,ECFP6_2048
1337,ECFP_1337,ECFP6_2048
1338,ECFP_1338,ECFP6_2048
1339,ECFP_1339,ECFP6_2048
1340,ECFP_1340,ECFP6_2048
1341,ECFP_1341,ECFP6_2048
1342,ECFP_1342,ECFP6_2048
1343,ECFP_1343,ECFP6_2048
1344,ECFP_1344,ECFP6_2048
1345,ECFP_1345,ECFP6_2048
1346,ECFP_1346,ECFP6_2048
1347,ECFP_1347,ECFP6_2048
1348,ECFP_1348,ECFP6_2048
1349,ECFP_1349,ECFP6_2048
1350,ECFP_1350,ECFP6_2048
1351,ECFP_1351,ECFP6_2048
1352,ECFP_1352,ECFP6_2048
1353,ECFP_1353,ECFP6_2048
1354,ECFP_1354,ECFP6_2048
1355,ECFP_1355,ECFP6_2048
1356,ECFP_1356,ECFP6_2048
1357,ECFP_1357,ECFP6_2048
1358,ECFP_1358,ECFP6_2048
1359,ECFP_1359,ECFP6_2048
1360,ECFP_1360,ECFP6_2048
1361,ECFP_1361,ECFP6_2048
1362,ECFP_1362,ECFP6_2048
1363,ECFP_1363,ECFP6_2048
1364,ECFP_1364,ECFP6_2048
1365,ECFP_1365,ECFP6_2048
1366,ECFP_1366,ECFP6_2048
1367,ECFP_1367,ECFP6_2048
1368,ECFP_1368,ECFP6_2048
1369,ECFP_1369,ECFP6_2048
1370,ECFP_1370,ECFP6_2048
1371,ECFP_1371,ECFP6_2048
1372,ECFP_1372,ECFP6_2048
1373,ECFP_1373,ECFP6_2048
1374,ECFP_1374,ECFP6_2048
1375,ECFP_1375,ECFP6_2048
1376,ECFP_1376,ECFP6_2048
1377,ECFP_1377,ECFP6_2048
1378,ECFP_1378,ECFP6_2048
1379,ECFP_1379,ECFP6_2048
1380,ECFP_1380,ECFP6_2048
1381,ECFP_1381,ECFP6_2048
1382,ECFP_1382,ECFP6_2048
1383,ECFP_1383,ECFP6_2048
1384,ECFP_1384,ECFP6_2048
1385,ECFP_1385,ECFP6_2048
1386,ECFP_1386,ECFP6_2048
1387,ECFP_1387,ECFP6_2048
1388,ECFP_1388,ECFP6_2048
1389,ECFP_1389,ECFP6_2048
1390,ECFP_1390,ECFP6_2048
1391,ECFP_1391,ECFP6_2048
1392,ECFP_1392,ECFP6_2048
1393,ECFP_1393,ECFP6_2048
1394,ECFP_1394,ECFP6_2048
1395,ECFP_1395,ECFP6_2048
1396,ECFP_1396,ECFP6_2048
1397,ECFP_1397,ECFP6_2048
1398,ECFP_1398,ECFP6_2048
1399,ECFP_1399,ECFP6_2048
1400,ECFP_1400,ECFP6_2048
1401,ECFP_1401,ECFP6_2048
1402,ECFP_1402,ECFP6_2048
1403,ECFP_1403,ECFP6_2048
1404,ECFP_1404,ECFP6_2048
1405,ECFP_1405,ECFP6_2048
1406,ECFP_1406,ECFP6_2048
1407,ECFP_1407,ECFP6_2048
1408,ECFP_1408,ECFP6_2048
1409,ECFP_1409,ECFP6_2048
1410,ECFP_1410,ECFP6_2048
1411,ECFP_1411,ECFP6_2048
1412,ECFP_1412,ECFP6_2048
1413,ECFP_1413,ECFP6_2048
1414,ECFP_1414,ECFP6_2048
1415,ECFP_1415,ECFP6_2048
1416,ECFP_1416,ECFP6_2048
1417,ECFP_1417,ECFP6_2048
1418,ECFP_1418,ECFP6_2048
1419,ECFP_1419,ECFP6_2048
1420,ECFP_1420,ECFP6_2048
1421,ECFP_1421,ECFP6_2048
1422,ECFP_1422,ECFP6_2048
1423,ECFP_1423,ECFP6_2048
1424,ECFP_1424,ECFP6_2048
1425,ECFP_1425,ECFP6_2048
1426,ECFP_1426,ECFP6_2048
1427,ECFP_1427,ECFP6_2048
1428,ECFP_1428,ECFP6_2048
1429,ECFP_1429,ECFP6_2048
1430,ECFP_1430,ECFP6_2048
1431,ECFP_1431,ECFP6_2048
1432,ECFP_1432,ECFP6_2048
1433,ECFP_1433,ECFP6_2048
1434,ECFP_1434,ECFP6_2048
1435,ECFP_1435,ECFP6_2048
1436,ECFP_1436,ECFP6_2048
1437,ECFP_1437,ECFP6_2048
1438,ECFP_1438,ECFP6_2048
1439,ECFP_1439,ECFP6_2048
1440,ECFP_1440,ECFP6_2048
1441,ECFP_1441,ECFP6_2048
1442,ECFP_1442,ECFP6_2048
1443,ECFP_1443,ECFP6_2048
1444,ECFP_1444,ECFP6_2048
1445,ECFP_1445,ECFP6_2048
1446,ECFP_1446,ECFP6_2048
1447,ECFP_1447,ECFP6_2048
1448,ECFP_1448,ECFP6_2048
1449,ECFP_1449,ECFP6_2048
1450,ECFP_1450,ECFP6_2048
1451,ECFP_1451,ECFP6_2048
1452,ECFP_1452,ECFP6_2048
1453,ECFP_1453,ECFP6_2048
1454,ECFP_1454,ECFP6_2048
1455,ECFP_1455,ECFP6_2048
1456,ECFP_1456,ECFP6_2048
1457,ECFP_1457,ECFP6_2048
1458,ECFP_1458,ECFP6_2048
1459,ECFP_1459,ECFP6_2048
1460,ECFP_1460,ECFP6_2048
1461,ECFP_1461,ECFP6_2048
1462,ECFP_1462,ECFP6_2048
1463,ECFP_1463,ECFP6_2048
1464,ECFP_1464,ECFP6_2048
1465,ECFP_1465,ECFP6_2048
1466,ECFP_1466,ECFP6_2048
1467,ECFP_1467,ECFP6_2048
1468,ECFP_1468,ECFP6_2048
1469,ECFP_1469,ECFP6_2048
1470,ECFP_1470,ECFP6_2048
1471,ECFP_1471,ECFP6_2048
1472,ECFP_1472,ECFP6_2048
1473,ECFP_1473,ECFP6_2048
1474,ECFP_1474,ECFP6_2048
1475,ECFP_1475,ECFP6_2048
1476,ECFP_1476,ECFP6_2048
1477,ECFP_1477,ECFP6_2048
1478,ECFP_1478,ECFP6_2048
1479,ECFP_1479,ECFP6_2048
1480,ECFP_1480,ECFP6_2048
1481,ECFP_1481,ECFP6_2048
1482,ECFP_1482,ECFP6_2048
1483,ECFP_1483,ECFP6_2048
1484,ECFP_1484,ECFP6_2048
1485,ECFP_1485,ECFP6_2048
1486,ECFP_1486,ECFP6_2048
1487,ECFP_1487,ECFP6_2048
1488,ECFP_1488,ECFP6_2048
1489,ECFP_1489,ECFP6_2048
1490,ECFP_1490,ECFP6_2048
1491,ECFP_1491,ECFP6_2048
1492,ECFP_1492,ECFP6_2048
1493,ECFP_1493,ECFP6_2048
1494,ECFP_1494,ECFP6_2048
1495,ECFP_1495,ECFP6_2048
1496,ECFP_1496,ECFP6_2048
1497,ECFP_1497,ECFP6_2048
1498,ECFP_1498,ECFP6_2048
1499,ECFP_1499,ECFP6_2048
1500,ECFP_1500,ECFP6_2048
1501,ECFP_1501,ECFP6_2048
1502,ECFP_1502,ECFP6_2048
1503,ECFP_1503,ECFP6_2048
1504,ECFP_1504,ECFP6_2048
1505,ECFP_1505,ECFP6_2048
1506,ECFP_1506,ECFP6_2048
1507,ECFP_1507,ECFP6_2048
1508,ECFP_1508,ECFP6_2048
1509,ECFP_1509,ECFP6_2048
1510,ECFP_1510,ECFP6_2048
1511,ECFP_1511,ECFP6_2048
1512,ECFP_1512,ECFP6_2048
1513,ECFP_1513,ECFP6_2048
1514,ECFP_1514,ECFP6_2048
1515,ECFP_1515,ECFP6_2048
1516,ECFP_1516,ECFP6_2048
1517,ECFP_1517,ECFP6_2048
1518,ECFP_1518,ECFP6_2048
1519,ECFP_1519,ECFP6_2048
1520,ECFP_1520,ECFP6_2048
1521,ECFP_1521,ECFP6_2048
1522,ECFP_1522,ECFP6_2048
1523,ECFP_1523,ECFP6_2048
1524,ECFP_1524,ECFP6_2048
1525,ECFP_1525,ECFP6_2048
1526,ECFP_1526,ECFP6_2048
1527,ECFP_1527,ECFP6_2048
1528,ECFP_1528,ECFP6_2048
1529,ECFP_1529,ECFP6_2048
1530,ECFP_1530,ECFP6_2048
1531,ECFP_1531,ECFP6_2048
1532,ECFP_1532,ECFP6_2048
1533,ECFP_1533,ECFP6_2048
1534,ECFP_1534,ECFP6_2048
1535,ECFP_1535,ECFP6_2048
1536,ECFP_1536,ECFP6_2048
1537,ECFP_1537,ECFP6_2048
1538,ECFP_1538,ECFP6_2048
1539,ECFP_1539,ECFP6_2048
1540,ECFP_1540,ECFP6_2048
1541,ECFP_1541,ECFP6_2048
1542,ECFP_1542,ECFP6_2048
1543,ECFP_1543,ECFP6_2048
1544,ECFP_1544,ECFP6_2048
1545,ECFP_1545,ECFP6_2048
1546,ECFP_1546,ECFP6_2048
1547,ECFP_1547,ECFP6_2048
1548,ECFP_1548,ECFP6_2048
1549,ECFP_1549,ECFP6_2048
1550,ECFP_1550,ECFP6_2048
1551,ECFP_1551,ECFP6_2048
1552,ECFP_1552,ECFP6_2048
1553,ECFP_1553,ECFP6_2048
1554,ECFP_1554,ECFP6_2048
1555,ECFP_1555,ECFP6_2048
1556,ECFP_1556,ECFP6_2048
1557,ECFP_1557,ECFP6_2048
1558,ECFP_1558,ECFP6_2048
1559,ECFP_1559,ECFP6_2048
1560,ECFP_1560,ECFP6_2048
1561,ECFP_1561,ECFP6_2048
1562,ECFP_1562,ECFP6_2048
1563,ECFP_1563,ECFP6_2048
1564,ECFP_1564,ECFP6_2048
1565,ECFP_1565,ECFP6_2048
1566,ECFP_1566,ECFP6_2048
1567,ECFP_1567,ECFP6_2048
1568,ECFP_1568,ECFP6_2048
1569,ECFP_1569,ECFP6_2048
1570,ECFP_1570,ECFP6_2048
1571,ECFP_1571,ECFP6_2048
1572,ECFP_1572,ECFP6_2048
1573,ECFP_1573,ECFP6_2048
1574,ECFP_1574,ECFP6_2048
1575,ECFP_1575,ECFP6_2048
1576,ECFP_1576,ECFP6_2048
1577,ECFP_1577,ECFP6_2048
1578,ECFP_1578,ECFP6_2048
1579,ECFP_1579,ECFP6_2048
1580,ECFP_1580,ECFP6_2048
1581,ECFP_1581,ECFP6_2048
1582,ECFP_1582,ECFP6_2048
1583,ECFP_1583,ECFP6_2048
1584,ECFP_1584,ECFP6_2048
1585,ECFP_1585,ECFP6_2048
1586,ECFP_1586,ECFP6_2048
1587,ECFP_1587,ECFP6_2048
1588,ECFP_1588,ECFP6_2048
1589,ECFP_1589,ECFP6_2048
1590,ECFP_1590,ECFP6_2048
1591,ECFP_1591,ECFP6_2048
1592,ECFP_1592,ECFP6_2048
1593,ECFP_1593,ECFP6_2048
1594,ECFP_1594,ECFP6_2048
1595,ECFP_1595,ECFP6_2048
1596,ECFP_1596,ECFP6_2048
1597,ECFP_1597,ECFP6_2048
1598,ECFP_1598,ECFP6_2048
1599,ECFP_1599,ECFP6_2048
1600,ECFP_1600,ECFP6_2048
1601,ECFP_1601,ECFP6_2048
1602,ECFP_1602,ECFP6_2048
1603,ECFP_1603,ECFP6_2048
1604,ECFP_1604,ECFP6_2048
1605,ECFP_1605,ECFP6_2048
1606,ECFP_1606,ECFP6_2048
1607,ECFP_1607,ECFP6_2048
1608,ECFP_1608,ECFP6_2048
1609,ECFP_1609,ECFP6_2048
1610,ECFP_1610,ECFP6_2048
1611,ECFP_1611,ECFP6_2048
1612,ECFP_1612,ECFP6_2048
1613,ECFP_1613,ECFP6_2048
1614,ECFP_1614,ECFP6_2048
1615,ECFP_1615,ECFP6_2048
1616,ECFP_1616,ECFP6_2048
1617,ECFP_1617,ECFP6_2048
1618,ECFP_1618,ECFP6_2048
1619,ECFP_1619,ECFP6_2048
1620,ECFP_1620,ECFP6_2048
1621,ECFP_1621,ECFP6_2048
1622,ECFP_1622,ECFP6_2048
1623,ECFP_1623,ECFP6_2048
1624,ECFP_1624,ECFP6_2048
1625,ECFP_1625,ECFP6_2048
1626,ECFP_1626,ECFP6_2048
1627,ECFP_1627,ECFP6_2048
1628,ECFP_1628,ECFP6_2048
1629,ECFP_1629,ECFP6_2048
1630,ECFP_1630,ECFP6_2048
1631,ECFP_1631,ECFP6_2048
1632,ECFP_1632,ECFP6_2048
1633,ECFP_1633,ECFP6_2048
1634,ECFP_1634,ECFP6_2048
1635,ECFP_1635,ECFP6_2048
1636,ECFP_1636,ECFP6_2048
1637,ECFP_1637,ECFP6_2048
1638,ECFP_1638,ECFP6_2048
1639,ECFP_1639,ECFP6_2048
1640,ECFP_1640,ECFP6_2048
1641,ECFP_1641,ECFP6_2048
1642,ECFP_1642,ECFP6_2048
1643,ECFP_1643,ECFP6_2048
1644,ECFP_1644,ECFP6_2048
1645,ECFP_1645,ECFP6_2048
1646,ECFP_1646,ECFP6_2048
1647,ECFP_1647,ECFP6_2048
1648,ECFP_1648,ECFP6_2048
1649,ECFP_1649,ECFP6_2048
1650,ECFP_1650,ECFP6_2048
1651,ECFP_1651,ECFP6_2048
1652,ECFP_1652,ECFP6_2048
1653,ECFP_1653,ECFP6_2048
1654,ECFP_1654,ECFP6_2048
1655,ECFP_1655,ECFP6_2048
1656,ECFP_1656,ECFP6_2048
1657,ECFP_1657,ECFP6_2048
1658,ECFP_1658,ECFP6_2048
1659,ECFP_1659,ECFP6_2048
1660,ECFP_1660,ECFP6_2048
1661,ECFP_1661,ECFP6_2048
1662,ECFP_1662,ECFP6_2048
1663,ECFP_1663,ECFP6_2048
1664,ECFP_1664,ECFP6_2048
1665,ECFP_1665,ECFP6_2048
1666,ECFP_1666,ECFP6_2048
1667,ECFP_1667,ECFP6_2048
1668,ECFP_1668,ECFP6_2048
1669,ECFP_1669,ECFP6_2048
1670,ECFP_1670,ECFP6_2048
1671,ECFP_1671,ECFP6_2048
1672,ECFP_1672,ECFP6_2048
1673,ECFP_1673,ECFP6_2048
1674,ECFP_1674,ECFP6_2048
1675,ECFP_1675,ECFP6_2048
1676,ECFP_1676,ECFP6_2048
1677,ECFP_1677,ECFP6_2048
1678,ECFP_1678,ECFP6_2048
1679,ECFP_1679,ECFP6_2048
1680,ECFP_1680,ECFP6_2048
1681,ECFP_1681,ECFP6_2048
1682,ECFP_1682,ECFP6_2048
1683,ECFP_1683,ECFP6_2048
1684,ECFP_1684,ECFP6_2048
1685,ECFP_1685,ECFP6_2048
1686,ECFP_1686,ECFP6_2048
1687,ECFP_1687,ECFP6_2048
1688,ECFP_1688,ECFP6_2048
1689,ECFP_1689,ECFP6_2048
1690,ECFP_1690,ECFP6_2048
1691,ECFP_1691,ECFP6_2048
1692,ECFP_1692,ECFP6_2048
1693,ECFP_1693,ECFP6_2048
1694,ECFP_1694,ECFP6_2048
1695,ECFP_1695,ECFP6_2048
1696,ECFP_1696,ECFP6_2048
1697,ECFP_1697,ECFP6_2048
1698,ECFP_1698,ECFP6_2048
1699,ECFP_1699,ECFP6_2048
1700,ECFP_1700,ECFP6_2048
1701,ECFP_1701,ECFP6_2048
1702,ECFP_1702,ECFP6_2048
1703,ECFP_1703,ECFP6_2048
1704,ECFP_1704,ECFP6_2048
1705,ECFP_1705,ECFP6_2048
1706,ECFP_1706,ECFP6_2048
1707,ECFP_1707,ECFP6_2048
1708,ECFP_1708,ECFP6_2048
1709,ECFP_1709,ECFP6_2048
1710,ECFP_1710,ECFP6_2048
1711,ECFP_1711,ECFP6_2048
1712,ECFP_1712,ECFP6_2048
1713,ECFP_1713,ECFP6_2048
1714,ECFP_1714,ECFP6_2048
1715,ECFP_1715,ECFP6_2048
1716,ECFP_1716,ECFP6_2048
1717,ECFP_1717,ECFP6_2048
1718,ECFP_1718,ECFP6_2048
1719,ECFP_1719,ECFP6_2048
1720,ECFP_1720,ECFP6_2048
1721,ECFP_1721,ECFP6_2048
1722,ECFP_1722,ECFP6_2048
1723,ECFP_1723,ECFP6_2048
1724,ECFP_1724,ECFP6_2048
1725,ECFP_1725,ECFP6_2048
1726,ECFP_1726,ECFP6_2048
1727,ECFP_1727,ECFP6_2048
1728,ECFP_1728,ECFP6_2048
1729,ECFP_1729,ECFP6_2048
1730,ECFP_1730,ECFP6_2048
1731,ECFP_1731,ECFP6_2048
1732,ECFP_1732,ECFP6_2048
1733,ECFP_1733,ECFP6_2048
1734,ECFP_1734,ECFP6_2048
1735,ECFP_1735,ECFP6_2048
1736,ECFP_1736,ECFP6_2048
1737,ECFP_1737,ECFP6_2048
1738,ECFP_1738,ECFP6_2048
1739,ECFP_1739,ECFP6_2048
1740,ECFP_1740,ECFP6_2048
1741,ECFP_1741,ECFP6_2048
1742,ECFP_1742,ECFP6_2048
1743,ECFP_1743,ECFP6_2048
1744,ECFP_1744,ECFP6_2048
1745,ECFP_1745,ECFP6_2048
1746,ECFP_1746,ECFP6_2048
1747,ECFP_1747,ECFP6_2048
1748,ECFP_1748,ECFP6_2048
1749,ECFP_1749,ECFP6_2048
1750,ECFP_1750,ECFP6_2048
1751,ECFP_1751,ECFP6_2048
1752,ECFP_1752,ECFP6_2048
1753,ECFP_1753,ECFP6_2048
1754,ECFP_1754,ECFP6_2048
1755,ECFP_1755,ECFP6_2048
1756,ECFP_1756,ECFP6_2048
1757,ECFP_1757,ECFP6_2048
1758,ECFP_1758,ECFP6_2048
1759,ECFP_1759,ECFP6_2048
1760,ECFP_1760,ECFP6_2048
1761,ECFP_1761,ECFP6_2048
1762,ECFP_1762,ECFP6_2048
1763,ECFP_1763,ECFP6_2048
1764,ECFP_1764,ECFP6_2048
1765,ECFP_1765,ECFP6_2048
1766,ECFP_1766,ECFP6_2048
1767,ECFP_1767,ECFP6_2048
1768,ECFP_1768,ECFP6_2048
1769,ECFP_1769,ECFP6_2048
1770,ECFP_1770,ECFP6_2048
1771,ECFP_1771,ECFP6_2048
1772,ECFP_1772,ECFP6_2048
1773,ECFP_1773,ECFP6_2048
1774,ECFP_1774,ECFP6_2048
1775,ECFP_1775,ECFP6_2048
1776,ECFP_1776,ECFP6_2048
1777,ECFP_1777,ECFP6_2048
1778,ECFP_1778,ECFP6_2048
1779,ECFP_1779,ECFP6_2048
1780,ECFP_1780,ECFP6_2048
1781,ECFP_1781,ECFP6_2048
1782,ECFP_1782,ECFP6_2048
1783,ECFP_1783,ECFP6_2048
1784,ECFP_1784,ECFP6_2048
1785,ECFP_1785,ECFP6_2048
1786,ECFP_1786,ECFP6_2048
1787,ECFP_1787,ECFP6_2048
1788,ECFP_1788,ECFP6_2048
1789,ECFP_1789,ECFP6_2048
1790,ECFP_1790,ECFP6_2048
1791,ECFP_1791,ECFP6_2048
1792,ECFP_1792,ECFP6_2048
1793,ECFP_1793,ECFP6_2048
1794,ECFP_1794,ECFP6_2048
1795,ECFP_1795,ECFP6_2048
1796,ECFP_1796,ECFP6_2048
1797,ECFP_1797,ECFP6_2048
1798,ECFP_1798,ECFP6_2048
1799,ECFP_1799,ECFP6_2048
1800,ECFP_1800,ECFP6_2048
1801,ECFP_1801,ECFP6_2048
1802,ECFP_1802,ECFP6_2048
1803,ECFP_1803,ECFP6_2048
1804,ECFP_1804,ECFP6_2048
1805,ECFP_1805,ECFP6_2048
1806,ECFP_1806,ECFP6_2048
1807,ECFP_1807,ECFP6_2048
1808,ECFP_1808,ECFP6_2048
1809,ECFP_1809,ECFP6_2048
1810,ECFP_1810,ECFP6_2048
1811,ECFP_1811,ECFP6_2048
1812,ECFP_1812,ECFP6_2048
1813,ECFP_1813,ECFP6_2048
1814,ECFP_1814,ECFP6_2048
1815,ECFP_1815,ECFP6_2048
1816,ECFP_1816,ECFP6_2048
1817,ECFP_1817,ECFP6_2048
1818,ECFP_1818,ECFP6_2048
1819,ECFP_1819,ECFP6_2048
1820,ECFP_1820,ECFP6_2048
1821,ECFP_1821,ECFP6_2048
1822,ECFP_1822,ECFP6_2048
1823,ECFP_1823,ECFP6_2048
1824,ECFP_1824,ECFP6_2048
1825,ECFP_1825,ECFP6_2048
1826,ECFP_1826,ECFP6_2048
1827,ECFP_1827,ECFP6_2048
1828,ECFP_1828,ECFP6_2048
1829,ECFP_1829,ECFP6_2048
1830,ECFP_1830,ECFP6_2048
1831,ECFP_1831,ECFP6_2048
1832,ECFP_1832,ECFP6_2048
1833,ECFP_1833,ECFP6_2048
1834,ECFP_1834,ECFP6_2048
1835,ECFP_1835,ECFP6_2048
1836,ECFP_1836,ECFP6_2048
1837,ECFP_1837,ECFP6_2048
1838,ECFP_1838,ECFP6_2048
1839,ECFP_1839,ECFP6_2048
1840,ECFP_1840,ECFP6_2048
1841,ECFP_1841,ECFP6_2048
1842,ECFP_1842,ECFP6_2048
1843,ECFP_1843,ECFP6_2048
1844,ECFP_1844,ECFP6_2048
1845,ECFP_1845,ECFP6_2048
1846,ECFP_1846,ECFP6_2048
1847,ECFP_1847,ECFP6_2048
1848,ECFP_1848,ECFP6_2048
1849,ECFP_1849,ECFP6_2048
1850,ECFP_1850,ECFP6_2048
1851,ECFP_1851,ECFP6_2048
1852,ECFP_1852,ECFP6_2048
1853,ECFP_1853,ECFP6_2048
1854,ECFP_1854,ECFP6_2048
1855,ECFP_1855,ECFP6_2048
1856,ECFP_1856,ECFP6_2048
1857,ECFP_1857,ECFP6_2048
1858,ECFP_1858,ECFP6_2048
1859,ECFP_1859,ECFP6_2048
1860,ECFP_1860,ECFP6_2048
1861,ECFP_1861,ECFP6_2048
1862,ECFP_1862,ECFP6_2048
1863,ECFP_1863,ECFP6_2048
1864,ECFP_1864,ECFP6_2048
1865,ECFP_1865,ECFP6_2048
1866,ECFP_1866,ECFP6_2048
1867,ECFP_1867,ECFP6_2048
1868,ECFP_1868,ECFP6_2048
1869,ECFP_1869,ECFP6_2048
1870,ECFP_1870,ECFP6_2048
1871,ECFP_1871,ECFP6_2048
1872,ECFP_1872,ECFP6_2048
1873,ECFP_1873,ECFP6_2048
1874,ECFP_1874,ECFP6_2048
1875,ECFP_1875,ECFP6_2048
1876,ECFP_1876,ECFP6_2048
1877,ECFP_1877,ECFP6_2048
1878,ECFP_1878,ECFP6_2048
1879,ECFP_1879,ECFP6_2048
1880,ECFP_1880,ECFP6_2048
1881,ECFP_1881,ECFP6_2048
1882,ECFP_1882,ECFP6_2048
1883,ECFP_1883,ECFP6_2048
1884,ECFP_1884,ECFP6_2048
1885,ECFP_1885,ECFP6_2048
1886,ECFP_1886,ECFP6_2048
1887,ECFP_1887,ECFP6_2048
1888,ECFP_1888,ECFP6_2048
1889,ECFP_1889,ECFP6_2048
1890,ECFP_1890,ECFP6_2048
1891,ECFP_1891,ECFP6_2048
1892,ECFP_1892,ECFP6_2048
1893,ECFP_1893,ECFP6_2048
1894,ECFP_1894,ECFP6_2048
1895,ECFP_1895,ECFP6_2048
1896,ECFP_1896,ECFP6_2048
1897,ECFP_1897,ECFP6_2048
1898,ECFP_1898,ECFP6_2048
1899,ECFP_1899,ECFP6_2048
1900,ECFP_1900,ECFP6_2048
1901,ECFP_1901,ECFP6_2048
1902,ECFP_1902,ECFP6_2048
1903,ECFP_1903,ECFP6_2048
1904,ECFP_1904,ECFP6_2048
1905,ECFP_1905,ECFP6_2048
1906,ECFP_1906,ECFP6_2048
1907,ECFP_1907,ECFP6_2048
1908,ECFP_1908,ECFP6_2048
1909,ECFP_1909,ECFP6_2048
1910,ECFP_1910,ECFP6_2048
1911,ECFP_1911,ECFP6_2048
1912,ECFP_1912,ECFP6_2048
1913,ECFP_1913,ECFP6_2048
1914,ECFP_1914,ECFP6_2048
1915,ECFP_1915,ECFP6_2048
1916,ECFP_1916,ECFP6_2048
1917,ECFP_1917,ECFP6_2048
1918,ECFP_1918,ECFP6_2048
1919,ECFP_1919,ECFP6_2048
1920,ECFP_1920,ECFP6_2048
1921,ECFP_1921,ECFP6_2048
1922,ECFP_1922,ECFP6_2048
1923,ECFP_1923,ECFP6_2048
1924,ECFP_1924,ECFP6_2048
1925,ECFP_1925,ECFP6_2048
1926,ECFP_1926,ECFP6_2048
1927,ECFP_1927,ECFP6_2048
1928,ECFP_1928,ECFP6_2048
1929,ECFP_1929,ECFP6_2048
1930,ECFP_1930,ECFP6_2048
1931,ECFP_1931,ECFP6_2048
1932,ECFP_1932,ECFP6_2048
1933,ECFP_1933,ECFP6_2048
1934,ECFP_1934,ECFP6_2048
1935,ECFP_1935,ECFP6_2048
1936,ECFP_1936,ECFP6_2048
1937,ECFP_1937,ECFP6_2048
1938,ECFP_1938,ECFP6_2048
1939,ECFP_1939,ECFP6_2048
1940,ECFP_1940,ECFP6_2048
1941,ECFP_1941,ECFP6_2048
1942,ECFP_1942,ECFP6_2048
1943,ECFP_1943,ECFP6_2048
1944,ECFP_1944,ECFP6_2048
1945,ECFP_1945,ECFP6_2048
1946,ECFP_1946,ECFP6_2048
1947,ECFP_1947,ECFP6_2048
1948,ECFP_1948,ECFP6_2048
1949,ECFP_1949,ECFP6_2048
1950,ECFP_1950,ECFP6_2048
1951,ECFP_1951,ECFP6_2048
1952,ECFP_1952,ECFP6_2048
1953,ECFP_1953,ECFP6_2048
1954,ECFP_1954,ECFP6_2048
1955,ECFP_1955,ECFP6_2048
1956,ECFP_1956,ECFP6_2048
1957,ECFP_1957,ECFP6_2048
1958,ECFP_1958,ECFP6_2048
1959,ECFP_1959,ECFP6_2048
1960,ECFP_1960,ECFP6_2048
1961,ECFP_1961,ECFP6_2048
1962,ECFP_1962,ECFP6_2048
1963,ECFP_1963,ECFP6_2048
1964,ECFP_1964,ECFP6_2048
1965,ECFP_1965,ECFP6_2048
1966,ECFP_1966,ECFP6_2048
1967,ECFP_1967,ECFP6_2048
1968,ECFP_1968,ECFP6_2048
1969,ECFP_1969,ECFP6_2048
1970,ECFP_1970,ECFP6_2048
1971,ECFP_1971,ECFP6_2048
1972,ECFP_1972,ECFP6_2048
1973,ECFP_1973,ECFP6_2048
1974,ECFP_1974,ECFP6_2048
1975,ECFP_1975,ECFP6_2048
1976,ECFP_1976,ECFP6_2048
1977,ECFP_1977,ECFP6_2048
1978,ECFP_1978,ECFP6_2048
1979,ECFP_1979,ECFP6_2048
1980,ECFP_1980,ECFP6_2048
1981,ECFP_1981,ECFP6_2048
1982,ECFP_1982,ECFP6_2048
1983,ECFP_1983,ECFP6_2048
1984,ECFP_1984,ECFP6_2048
1985,ECFP_1985,ECFP6_2048
1986,ECFP_1986,ECFP6_2048
1987,ECFP_1987,ECFP6_2048
1988,ECFP_1988,ECFP6_2048
1989,ECFP_1989,ECFP6_2048
1990,ECFP_1990,ECFP6_2048
1991,ECFP_1991,ECFP6_2048
1992,ECFP_1992,ECFP6_2048
1993,ECFP_1993,ECFP6_2048
1994,ECFP_1994,ECFP6_2048
1995,ECFP_1995,ECFP6_2048
1996,ECFP_1996,ECFP6_2048
1997,ECFP_1997,ECFP6_2048
1998,ECFP_1998,ECFP6_2048
1999,ECFP_1999,ECFP6_2048
2000,ECFP_2000,ECFP6_2048
2001,ECFP_2001,ECFP6_2048
2002,ECFP_2002,ECFP6_2048
2003,ECFP_2003,ECFP6_2048
2004,ECFP_2004,ECFP6_2048
2005,ECFP_2005,ECFP6_2048
2006,ECFP_2006,ECFP6_2048
2007,ECFP_2007,ECFP6_2048
2008,ECFP_2008,ECFP6_2048
2009,ECFP_2009,ECFP6_2048
2010,ECFP_2010,ECFP6_2048
2011,ECFP_2011,ECFP6_2048
2012,ECFP_2012,ECFP6_2048
2013,ECFP_2013,ECFP6_2048
2014,ECFP_2014,ECFP6_2048
2015,ECFP_2015,ECFP6_2048
2016,ECFP_2016,ECFP6_2048
2017,ECFP_2017,ECFP6_2048
2018,ECFP_2018,ECFP6_2048
2019,ECFP_2019,ECFP6_2048
2020,ECFP_2020,ECFP6_2048
2021,ECFP_2021,ECFP6_2048
2022,ECFP_2022,ECFP6_2048
2023,ECFP_2023,ECFP6_2048
2024,ECFP_2024,ECFP6_2048
2025,ECFP_2025,ECFP6_2048
2026,ECFP_2026,ECFP6_2048
2027,ECFP_2027,ECFP6_2048
2028,ECFP_2028,ECFP6_2048
2029,ECFP_2029,ECFP6_2048
2030,ECFP_2030,ECFP6_2048
2031,ECFP_2031,ECFP6_2048
2032,ECFP_2032,ECFP6_2048
2033,ECFP_2033,ECFP6_2048
2034,ECFP_2034,ECFP6_2048
2035,ECFP_2035,ECFP6_2048
2036,ECFP_2036,ECFP6_2048
2037,ECFP_2037,ECFP6_2048
2038,ECFP_2038,ECFP6_2048
2039,ECFP_2039,ECFP6_2048
2040,ECFP_2040,ECFP6_2048
2041,ECFP_2041,ECFP6_2048
2042,ECFP_2042,ECFP6_2048
2043,ECFP_2043,ECFP6_2048
2044,ECFP_2044,ECFP6_2048
2045,ECFP_2045,ECFP6_2048
2046,ECFP_2046,ECFP6_2048
2047,ECFP_2047,ECFP6_2048
2048,MACCS_0,MACCS_167
2049,MACCS_1,MACCS_167
2050,MACCS_2,MACCS_167
2051,MACCS_3,MACCS_167
2052,MACCS_4,MACCS_167
2053,MACCS_5,MACCS_167
2054,MACCS_6,MACCS_167
2055,MACCS_7,MACCS_167
2056,MACCS_8,MACCS_167
2057,MACCS_9,MACCS_167
2058,MACCS_10,MACCS_167
2059,MACCS_11,MACCS_167
2060,MACCS_12,MACCS_167
2061,MACCS_13,MACCS_167
2062,MACCS_14,MACCS_167
2063,MACCS_15,MACCS_167
2064,MACCS_16,MACCS_167
2065,MACCS_17,MACCS_167
2066,MACCS_18,MACCS_167
2067,MACCS_19,MACCS_167
2068,MACCS_20,MACCS_167
2069,MACCS_21,MACCS_167
2070,MACCS_22,MACCS_167
2071,MACCS_23,MACCS_167
2072,MACCS_24,MACCS_167
2073,MACCS_25,MACCS_167
2074,MACCS_26,MACCS_167
2075,MACCS_27,MACCS_167
2076,MACCS_28,MACCS_167
2077,MACCS_29,MACCS_167
2078,MACCS_30,MACCS_167
2079,MACCS_31,MACCS_167
2080,MACCS_32,MACCS_167
2081,MACCS_33,MACCS_167
2082,MACCS_34,MACCS_167
2083,MACCS_35,MACCS_167
2084,MACCS_36,MACCS_167
2085,MACCS_37,MACCS_167
2086,MACCS_38,MACCS_167
2087,MACCS_39,MACCS_167
2088,MACCS_40,MACCS_167
2089,MACCS_41,MACCS_167
2090,MACCS_42,MACCS_167
2091,MACCS_43,MACCS_167
2092,MACCS_44,MACCS_167
2093,MACCS_45,MACCS_167
2094,MACCS_46,MACCS_167
2095,MACCS_47,MACCS_167
2096,MACCS_48,MACCS_167
2097,MACCS_49,MACCS_167
2098,MACCS_50,MACCS_167
2099,MACCS_51,MACCS_167
2100,MACCS_52,MACCS_167
2101,MACCS_53,MACCS_167
2102,MACCS_54,MACCS_167
2103,MACCS_55,MACCS_167
2104,MACCS_56,MACCS_167
2105,MACCS_57,MACCS_167
2106,MACCS_58,MACCS_167
2107,MACCS_59,MACCS_167
2108,MACCS_60,MACCS_167
2109,MACCS_61,MACCS_167
2110,MACCS_62,MACCS_167
2111,MACCS_63,MACCS_167
2112,MACCS_64,MACCS_167
2113,MACCS_65,MACCS_167
2114,MACCS_66,MACCS_167
2115,MACCS_67,MACCS_167
2116,MACCS_68,MACCS_167
2117,MACCS_69,MACCS_167
2118,MACCS_70,MACCS_167
2119,MACCS_71,MACCS_167
2120,MACCS_72,MACCS_167
2121,MACCS_73,MACCS_167
2122,MACCS_74,MACCS_167
2123,MACCS_75,MACCS_167
2124,MACCS_76,MACCS_167
2125,MACCS_77,MACCS_167
2126,MACCS_78,MACCS_167
2127,MACCS_79,MACCS_167
2128,MACCS_80,MACCS_167
2129,MACCS_81,MACCS_167
2130,MACCS_82,MACCS_167
2131,MACCS_83,MACCS_167
2132,MACCS_84,MACCS_167
2133,MACCS_85,MACCS_167
2134,MACCS_86,MACCS_167
2135,MACCS_87,MACCS_167
2136,MACCS_88,MACCS_167
2137,MACCS_89,MACCS_167
2138,MACCS_90,MACCS_167
2139,MACCS_91,MACCS_167
2140,MACCS_92,MACCS_167
2141,MACCS_93,MACCS_167
2142,MACCS_94,MACCS_167
2143,MACCS_95,MACCS_167
2144,MACCS_96,MACCS_167
2145,MACCS_97,MACCS_167
2146,MACCS_98,MACCS_167
2147,MACCS_99,MACCS_167
2148,MACCS_100,MACCS_167
2149,MACCS_101,MACCS_167
2150,MACCS_102,MACCS_167
2151,MACCS_103,MACCS_167
2152,MACCS_104,MACCS_167
2153,MACCS_105,MACCS_167
2154,MACCS_106,MACCS_167
2155,MACCS_107,MACCS_167
2156,MACCS_108,MACCS_167
2157,MACCS_109,MACCS_167
2158,MACCS_110,MACCS_167
2159,MACCS_111,MACCS_167
2160,MACCS_112,MACCS_167
2161,MACCS_113,MACCS_167
2162,MACCS_114,MACCS_167
2163,MACCS_115,MACCS_167
2164,MACCS_116,MACCS_167
2165,MACCS_117,MACCS_167
2166,MACCS_118,MACCS_167
2167,MACCS_119,MACCS_167
2168,MACCS_120,MACCS_167
2169,MACCS_121,MACCS_167
2170,MACCS_122,MACCS_167
2171,MACCS_123,MACCS_167
2172,MACCS_124,MACCS_167
2173,MACCS_125,MACCS_167
2174,MACCS_126,MACCS_167
2175,MACCS_127,MACCS_167
2176,MACCS_128,MACCS_167
2177,MACCS_129,MACCS_167
2178,MACCS_130,MACCS_167
2179,MACCS_131,MACCS_167
2180,MACCS_132,MACCS_167
2181,MACCS_133,MACCS_167
2182,MACCS_134,MACCS_167
2183,MACCS_135,MACCS_167
2184,MACCS_136,MACCS_167
2185,MACCS_137,MACCS_167
2186,MACCS_138,MACCS_167
2187,MACCS_139,MACCS_167
2188,MACCS_140,MACCS_167
2189,MACCS_141,MACCS_167
2190,MACCS_142,MACCS_167
2191,MACCS_143,MACCS_167
2192,MACCS_144,MACCS_167
2193,MACCS_145,MACCS_167
2194,MACCS_146,MACCS_167
2195,MACCS_147,MACCS_167
2196,MACCS_148,MACCS_167
2197,MACCS_149,MACCS_167
2198,MACCS_150,MACCS_167
2199,MACCS_151,MACCS_167
2200,MACCS_152,MACCS_167
2201,MACCS_153,MACCS_167
2202,MACCS_154,MACCS_167
2203,MACCS_155,MACCS_167
2204,MACCS_156,MACCS_167
2205,MACCS_157,MACCS_167
2206,MACCS_158,MACCS_167
2207,MACCS_159,MACCS_167
2208,MACCS_160,MACCS_167
2209,MACCS_161,MACCS_167
2210,MACCS_162,MACCS_167
2211,MACCS_163,MACCS_167
2212,MACCS_164,MACCS_167
2213,MACCS_165,MACCS_167
2214,MACCS_166,MACCS_167
2215,MolWt,RDKit2D_8
2216,MolLogP,RDKit2D_8
2217,TPSA,RDKit2D_8
2218,NumHAcceptors,RDKit2D_8
2219,NumHDonors,RDKit2D_8
2220,NumRotBonds,RDKit2D_8
2221,RingCount,RDKit2D_8
2222,NumAromRings,RDKit2D_8
2223,sPAS_0,sPAS_20
2224,sPAS_1,sPAS_20
2225,sPAS_2,sPAS_20
2226,sPAS_3,sPAS_20
2227,sPAS_4,sPAS_20
2228,sPAS_5,sPAS_20
2229,sPAS_6,sPAS_20
2230,sPAS_7,sPAS_20
2231,sPAS_8,sPAS_20
2232,sPAS_9,sPAS_20
2233,sPAS_10,sPAS_20
2234,sPAS_11,sPAS_20
2235,sPAS_12,sPAS_20
2236,sPAS_13,sPAS_20
2237,sPAS_14,sPAS_20
2238,sPAS_15,sPAS_20
2239,sPAS_16,sPAS_20
2240,sPAS_17,sPAS_20
2241,sPAS_18,sPAS_20
2242,sPAS_19,sPAS_20
2243,PAS_0,PAS_20
2244,PAS_1,PAS_20
2245,PAS_2,PAS_20
2246,PAS_3,PAS_20
2247,PAS_4,PAS_20
2248,PAS_5,PAS_20
2249,PAS_6,PAS_20
2250,PAS_7,PAS_20
2251,PAS_8,PAS_20
2252,PAS_9,PAS_20
2253,PAS_10,PAS_20
2254,PAS_11,PAS_20
2255,PAS_12,PAS_20
2256,PAS_13,PAS_20
2257,PAS_14,PAS_20
2258,PAS_15,PAS_20
2259,PAS_16,PAS_20
2260,PAS_17,PAS_20
2261,PAS_18,PAS_20
2262,PAS_19,PAS_20
2263,3D_PMI1,3D_shape_10
2264,3D_PMI2,3D_shape_10
2265,3D_PMI3,3D_shape_10
2266,3D_NPR1,3D_shape_10
2267,3D_NPR2,3D_shape_10
2268,3D_RoG,3D_shape_10
2269,3D_ISF,3D_shape_10
2270,3D_Ecc,3D_shape_10
2271,3D_Asph,3D_shape_10
2272,3D_Sphero,3D_shape_10
2273,solvent_code,solvent_1
2274,dihedral,baseline_dihedral_1
2275,pm_code,PM_1
2276,geo:signed_tetra_volume,direction_sensitive_geometry_7
2277,geo:subst_to_ringplane_signed_dist,direction_sensitive_geometry_7
2278,geo:ringnormal_dot_substvec,direction_sensitive_geometry_7
2279,geo:signed_dihedral_subst_c_rn1_rn2,direction_sensitive_geometry_7
2280,geo:signed_dihedral_NS_path,direction_sensitive_geometry_7
2281,geo:baseline_pm_dihedral_sin,direction_sensitive_geometry_7
2282,geo:baseline_pm_dihedral_cos,direction_sensitive_geometry_7
