feature,group_balanced_mean_abs_shap,rank
geo:signed_tetra_volume,0.4108688166742282,1
ECFP_1412,0.21089952015014185,2
geo:signed_dihedral_subst_c_rn1_rn2,0.15450492866882123,3
geo:baseline_pm_dihedral_sin,0.151261389828701,4
geo:signed_dihedral_NS_path,0.09663158015887735,5
dihedral,0.09570796353295807,6
sPAS_0,0.08186469486696003,7
3D_Sphero,0.07667127000384177,8
PAS_5,0.0754777370893375,9
solvent_code,0.07528386701554221,10
sPAS_10,0.0727991345328478,11
PAS_10,0.0714450072910545,12
PAS_15,0.06194478256360544,13
MACCS_129,0.057116470712584314,14
ECFP_1342,0.054807862938994506,15
3D_RoG,0.05329471265639247,16
geo:baseline_pm_dihedral_cos,0.05304238451615309,17
ECFP_429,0.05250551058076842,18
ECFP_1465,0.05247268705096441,19
TPSA,0.052382626788383915,20
geo:subst_to_ringplane_signed_dist,0.05200299257333669,21
ECFP_492,0.051552599487885334,22
3D_Ecc,0.04965758836758515,23
MolLogP,0.048842417665643435,24
sPAS_5,0.045556767096145444,25
geo:ringnormal_dot_substvec,0.04544815292345268,26
3D_NPR2,0.042661180946927765,27
3D_NPR1,0.04260085412431768,28
ECFP_1419,0.0424773754593199,29
MolWt,0.03873974158448472,30
ECFP_373,0.03672446394525558,31
MACCS_62,0.036699409590054265,32
3D_Asph,0.03601045895312052,33
PAS_0,0.03519211527209064,34
3D_ISF,0.03515135861540335,35
3D_PMI3,0.03506649369255996,36
ECFP_1691,0.03457483813968242,37
3D_PMI2,0.03341785531376079,38
sPAS_15,0.03304258023933239,39
ECFP_1359,0.032404136306221756,40
3D_PMI1,0.031161249405934517,41
MACCS_118,0.0278478230472707,42
ECFP_1483,0.027639130070571234,43
ECFP_1575,0.026823236337694772,44
ECFP_1325,0.026413653274315985,45
pm_code,0.026055952387011624,46
ECFP_1214,0.024260925752359868,47
ECFP_861,0.02413735445598901,48
ECFP_1279,0.024094787303865075,49
ECFP_36,0.024073516072071862,50
ECFP_301,0.023979796353897586,51
MACCS_128,0.023890617909489733,52
ECFP_762,0.023709518829189057,53
ECFP_1464,0.023450400086498215,54
ECFP_1216,0.023291235186034508,55
ECFP_445,0.02309212666595037,56
ECFP_1935,0.023030725323862525,57
ECFP_937,0.02263006631392746,58
MACCS_150,0.022473949467206225,59
ECFP_1749,0.02242736384683243,60
ECFP_1844,0.021524175489536078,61
ECFP_1832,0.021192229061731495,62
ECFP_83,0.02021163466751516,63
MACCS_125,0.019848192645705965,64
MACCS_82,0.019688346808657275,65
MACCS_57,0.019492127303146457,66
ECFP_1114,0.019267689796793976,67
NumRotBonds,0.019044073590905045,68
ECFP_231,0.018655146947379277,69
ECFP_1772,0.018503343567804836,70
NumAromRings,0.018396974203929755,71
MACCS_79,0.018133701546229192,72
MACCS_120,0.01806159308022875,73
ECFP_981,0.017967356374453743,74
NumHDonors,0.01794678544291383,75
ECFP_1765,0.017699803154413742,76
ECFP_1776,0.01739651780873932,77
RingCount,0.01722633262652476,78
ECFP_771,0.017177895595855395,79
ECFP_1881,0.01708674588705513,80
ECFP_656,0.016987435898904377,81
ECFP_357,0.016874409192407323,82
ECFP_1396,0.016614674069396956,83
PAS_6,0.01642231385299757,84
ECFP_82,0.016410708065427604,85
ECFP_1321,0.015486174767783533,86
ECFP_1696,0.014939133505373875,87
ECFP_1853,0.014602533738155588,88
ECFP_1437,0.014555173870821078,89
ECFP_1137,0.014389549504280959,90
MACCS_90,0.014346095869849869,91
ECFP_1905,0.014192471557087978,92
NumHAcceptors,0.014037844722504265,93
ECFP_1908,0.01376781854169988,94
ECFP_380,0.01359684553401017,95
ECFP_65,0.013518270165257152,96
ECFP_1929,0.0133495393557786,97
ECFP_389,0.013285147377816197,98
ECFP_753,0.013181118080008512,99
ECFP_131,0.013150462944370694,100
PAS_13,0.013139705952734995,101
ECFP_1047,0.013092947472070644,102
ECFP_1489,0.013083186122793865,103
ECFP_1622,0.013036000173795314,104
ECFP_129,0.012992037484515618,105
sPAS_18,0.012954800567684973,106
ECFP_1197,0.01285537647594297,107
PAS_18,0.012780015915709188,108
ECFP_1655,0.012733153516860808,109
ECFP_1629,0.01272073652413342,110
sPAS_9,0.012709953870795616,111
ECFP_66,0.012284150374231658,112
ECFP_1942,0.012245964106541149,113
ECFP_1078,0.012104118886511299,114
MACCS_99,0.012096148073456396,115
ECFP_1088,0.012083843353326781,116
MACCS_132,0.012017986273046581,117
ECFP_1478,0.011998385075123609,118
ECFP_988,0.011674974454960126,119
ECFP_537,0.011516533915382654,120
MACCS_147,0.011475451140931922,121
ECFP_650,0.011369954638231627,122
MACCS_143,0.011166798039295798,123
ECFP_1819,0.01102296512669804,124
ECFP_1797,0.011011714115655626,125
ECFP_1860,0.010978980627997348,126
ECFP_2045,0.010937974032688766,127
ECFP_1039,0.010934331806241562,128
ECFP_943,0.010930399048722806,129
sPAS_1,0.01083717257746709,130
ECFP_1601,0.01081563453411312,131
MACCS_155,0.010694175642565557,132
PAS_2,0.010314560035781978,133
ECFP_875,0.010257908849475736,134
ECFP_1348,0.010208320145462291,135
ECFP_294,0.010163636843817136,136
ECFP_1425,0.01010324314695309,137
ECFP_80,0.010087744944664457,138
ECFP_49,0.009963099353679774,139
MACCS_97,0.009918219216983517,140
MACCS_91,0.009747000618883839,141
MACCS_74,0.009717380944610755,142
MACCS_121,0.00944794335614867,143
ECFP_352,0.009282977850957188,144
ECFP_925,0.0092516785387446,145
ECFP_1740,0.009210472427876575,146
ECFP_1496,0.00907835498829712,147
MACCS_109,0.009051919479651411,148
ECFP_333,0.009032179939861386,149
ECFP_1803,0.008941274574854002,150
ECFP_1607,0.008933901671339457,151
ECFP_1944,0.008925660934179751,152
ECFP_1065,0.008857007021636679,153
ECFP_1602,0.008826762242299498,154
MACCS_127,0.008774538099521091,155
ECFP_612,0.008766802682427325,156
ECFP_206,0.008758988824027382,157
MACCS_123,0.008754449562952031,158
ECFP_1185,0.008686911739159578,159
ECFP_858,0.008644579990605682,160
ECFP_1024,0.008628451487650068,161
ECFP_1479,0.00854400406136999,162
ECFP_1738,0.008528673849920041,163
ECFP_92,0.008508190603644675,164
ECFP_113,0.008476936937683886,165
ECFP_470,0.008328312349283995,166
ECFP_2039,0.008252616666918585,167
ECFP_1912,0.008142553681373756,168
MACCS_98,0.008065637289666657,169
ECFP_242,0.008038152832817298,170
MACCS_115,0.008015657410570908,171
ECFP_1199,0.008009658208371137,172
ECFP_441,0.007989991822720671,173
PAS_9,0.007927027417915188,174
ECFP_794,0.007924279800272205,175
PAS_12,0.007908716149015015,176
ECFP_1778,0.00790501501124992,177
ECFP_314,0.007883428939262816,178
sPAS_3,0.0078023847469503305,179
ECFP_1186,0.007768848413155098,180
ECFP_2029,0.0077480342830114155,181
ECFP_26,0.007698048139080831,182
ECFP_250,0.007662575602223024,183
PAS_4,0.007539998677293494,184
ECFP_1595,0.007494509635482217,185
ECFP_1146,0.007412178769834189,186
ECFP_361,0.00736128196915219,187
ECFP_910,0.007292292020872395,188
sPAS_4,0.00724231550741312,189
MACCS_156,0.007213109946573603,190
ECFP_1741,0.007076634774014249,191
ECFP_821,0.007001639928844132,192
ECFP_1893,0.006983182699555796,193
ECFP_1027,0.006964237479694022,194
ECFP_807,0.006944423244123552,195
ECFP_593,0.00692193168615491,196
ECFP_984,0.006852336645149155,197
ECFP_1991,0.006806759294704143,198
ECFP_41,0.006770334760070038,199
ECFP_1626,0.006750878798889725,200
ECFP_1490,0.00667910203040141,201
ECFP_1326,0.006493254914646868,202
sPAS_6,0.006491658392824313,203
ECFP_1217,0.006473366260592757,204
ECFP_1920,0.006453791761077364,205
MACCS_141,0.006388361475873678,206
ECFP_1526,0.006380313084161138,207
ECFP_1452,0.006344819304017218,208
ECFP_1956,0.006343981596661748,209
MACCS_95,0.006335509397965703,210
ECFP_786,0.006224594760854524,211
ECFP_491,0.006217952872355512,212
ECFP_787,0.0061664491902106815,213
ECFP_700,0.006137426178175885,214
ECFP_750,0.006103714651609881,215
ECFP_455,0.006090065552468335,216
ECFP_1928,0.006081891933967857,217
ECFP_1509,0.00608016831942731,218
ECFP_75,0.0060702942144864065,219
MACCS_89,0.006052378184622998,220
MACCS_72,0.006050434322057189,221
MACCS_111,0.006017886998640717,222
ECFP_322,0.005994852616830351,223
ECFP_651,0.005926462327278221,224
ECFP_1236,0.005926411026914025,225
ECFP_822,0.005893426297414808,226
ECFP_1145,0.005848088706847518,227
ECFP_1507,0.005826307124115564,228
MACCS_85,0.005770381768903063,229
ECFP_1201,0.005749571442237733,230
ECFP_249,0.005691134874867854,231
ECFP_751,0.005653205317275053,232
ECFP_309,0.005639674363103615,233
ECFP_1237,0.005621343416301913,234
ECFP_620,0.005600124242693138,235
ECFP_540,0.005560279337711113,236
ECFP_461,0.005536891487071741,237
ECFP_168,0.00551912928653473,238
ECFP_1353,0.005507104972532127,239
ECFP_1116,0.005492684722827583,240
MACCS_160,0.005408666965545297,241
ECFP_1923,0.005393438929088296,242
sPAS_16,0.005380423519593789,243
ECFP_1859,0.005357214213930043,244
ECFP_1599,0.005352818508382167,245
ECFP_1941,0.005350781686548586,246
ECFP_1346,0.0053387706994592245,247
ECFP_553,0.005337033359431838,248
ECFP_308,0.00532442694526282,249
ECFP_905,0.005321973528147724,250
ECFP_1884,0.0052940058009804634,251
ECFP_2006,0.005277030810902082,252
MACCS_153,0.0052637932507884795,253
MACCS_117,0.005210923271220167,254
ECFP_819,0.005200801385116202,255
ECFP_107,0.005149449983287023,256
ECFP_1470,0.0051329496075850425,257
ECFP_279,0.005125847618748956,258
ECFP_1982,0.005123644212812177,259
ECFP_1555,0.0051168467898637885,260
PAS_1,0.005097307526549105,261
PAS_3,0.005093250727770168,262
MACCS_158,0.005075381444428157,263
ECFP_1970,0.0050674923586839,264
ECFP_1644,0.005038162536981774,265
MACCS_75,0.004990783078140655,266
ECFP_457,0.004921588063652141,267
ECFP_1405,0.004915013051304544,268
ECFP_960,0.004908011622384745,269
ECFP_1583,0.004897329540166492,270
ECFP_561,0.004821371133914798,271
ECFP_186,0.00478294862248861,272
ECFP_1814,0.004766198744808317,273
MACCS_139,0.004739684495667873,274
ECFP_1943,0.004723741603472913,275
ECFP_557,0.004722387575166192,276
PAS_7,0.0046805409065382025,277
ECFP_1409,0.004642168661140988,278
MACCS_104,0.0046181115115842015,279
ECFP_458,0.004616169705941929,280
ECFP_1972,0.004612982969017504,281
MACCS_131,0.004540628892857502,282
ECFP_1440,0.004538173477896022,283
MACCS_107,0.004513073887773855,284
ECFP_1224,0.004479391144222569,285
ECFP_755,0.004470685368214879,286
ECFP_437,0.00442555585686475,287
ECFP_331,0.004413334955882926,288
ECFP_289,0.004373970888915729,289
ECFP_1570,0.00435605489408862,290
MACCS_108,0.004345027488003944,291
ECFP_1625,0.004341658518078737,292
ECFP_1537,0.004338499697435999,293
ECFP_781,0.00432643331706451,294
ECFP_1466,0.0043136083978929495,295
ECFP_364,0.004310871903364209,296
ECFP_863,0.0042955209710002235,297
MACCS_88,0.004254459751495145,298
ECFP_625,0.004236595670681298,299
ECFP_1536,0.00423546360269683,300
ECFP_1154,0.004227201189963444,301
ECFP_1634,0.004201572968078957,302
ECFP_1287,0.004188718814400656,303
ECFP_582,0.004175692645520114,304
ECFP_1646,0.004142600913784336,305
ECFP_277,0.004109270216889059,306
ECFP_204,0.004105797434641467,307
ECFP_463,0.0040963068056848115,308
ECFP_366,0.004077351519163894,309
ECFP_1366,0.004063306093650857,310
sPAS_7,0.004048678943443759,311
MACCS_87,0.00404057832843749,312
ECFP_1904,0.004040238072645737,313
ECFP_1761,0.004022282957091321,314
MACCS_100,0.004013715680521913,315
ECFP_936,0.003990218747710624,316
ECFP_590,0.003954263818713278,317
ECFP_1947,0.0039506462565118,318
ECFP_1488,0.003946664378068056,319
ECFP_723,0.003926219934697116,320
ECFP_1486,0.003919255164284392,321
MACCS_140,0.00390830299149024,322
ECFP_159,0.0038876895822609384,323
ECFP_1476,0.0038623774588994516,324
ECFP_224,0.0038621929848029345,325
ECFP_198,0.0038364909190981393,326
ECFP_1672,0.0038011931557357386,327
ECFP_1410,0.0037899434413647963,328
MACCS_151,0.0037804934247433345,329
MACCS_54,0.003774629352232853,330
ECFP_1766,0.003763249917455837,331
MACCS_106,0.003727303431519547,332
MACCS_157,0.0037268594473820115,333
ECFP_675,0.0037147578250313414,334
ECFP_10,0.003707397061883893,335
ECFP_694,0.003681329766343739,336
ECFP_935,0.003667007349354484,337
ECFP_1294,0.003662760186917256,338
ECFP_739,0.003643981947590179,339
ECFP_1842,0.0036287710099519943,340
ECFP_1980,0.0036141536778456955,341
ECFP_1313,0.0036017237078799,342
ECFP_878,0.0035790962731180177,343
ECFP_1849,0.0035677663343485337,344
ECFP_27,0.0035616523655617317,345
sPAS_8,0.0035526837434648535,346
ECFP_325,0.003552546121700425,347
ECFP_114,0.003538553951880191,348
ECFP_371,0.0035324053700345726,349
sPAS_19,0.0035167431473782412,350
ECFP_1663,0.003510801159557048,351
ECFP_207,0.00349675922337123,352
ECFP_698,0.003486840561602203,353
ECFP_1642,0.0034722955813805043,354
ECFP_1258,0.0034506035483256024,355
ECFP_1477,0.003432262332293893,356
MACCS_113,0.0033994654907383475,357
MACCS_116,0.0033745721139368965,358
ECFP_1386,0.0033712846984532948,359
ECFP_155,0.0033655770220344214,360
ECFP_1029,0.0033415543948385387,361
ECFP_1132,0.0033262077324414277,362
ECFP_695,0.003323474050537061,363
ECFP_152,0.00332020011130403,364
ECFP_1257,0.003317089833296134,365
MACCS_53,0.003312215970882661,366
ECFP_392,0.003285614356389335,367
ECFP_912,0.0032529185122541016,368
MACCS_138,0.003233338978501991,369
MACCS_146,0.0032126907758768864,370
ECFP_1060,0.0031740151905768005,371
ECFP_1378,0.003162491952984404,372
ECFP_172,0.0031317860626279047,373
ECFP_1918,0.003125438580747754,374
ECFP_699,0.003113692552766332,375
MACCS_137,0.0031036779405071795,376
ECFP_1722,0.003098701736911443,377
ECFP_929,0.003070735804324052,378
ECFP_472,0.0030597232770436284,379
ECFP_1143,0.0030121540663934038,380
ECFP_505,0.0029973694643459494,381
ECFP_1966,0.0029934146517125986,382
MACCS_76,0.00298825235837898,383
ECFP_955,0.0029847588067753706,384
MACCS_112,0.002943722294930007,385
MACCS_93,0.0029435431887279567,386
ECFP_847,0.00294323202117073,387
ECFP_3,0.0029406813742588796,388
ECFP_490,0.002935556786499376,389
ECFP_123,0.0029133600889750385,390
MACCS_81,0.0029108560105058313,391
ECFP_167,0.0028856560638768386,392
ECFP_1913,0.002852895589310821,393
ECFP_1917,0.002851527618195782,394
ECFP_1295,0.0028224520916309,395
ECFP_823,0.002808383025874668,396
ECFP_439,0.0027882593161309165,397
ECFP_1670,0.002777847726598031,398
ECFP_1792,0.0027763397149726285,399
ECFP_1182,0.0027757042625035145,400
ECFP_1531,0.0027716397476761825,401
ECFP_1754,0.0027286786100104987,402
ECFP_377,0.0027275807606407165,403
ECFP_1124,0.0027214588105331453,404
ECFP_1436,0.002717059894419127,405
ECFP_709,0.0027116316176017206,406
ECFP_1635,0.0026990775033773513,407
ECFP_985,0.002681883770713729,408
ECFP_1035,0.0026709046664593,409
ECFP_5,0.0026593952043598343,410
ECFP_1017,0.00265788958302604,411
ECFP_187,0.0026535829170735927,412
MACCS_110,0.0026461852962903817,413
ECFP_485,0.0026459739973949095,414
ECFP_836,0.002639227148099195,415
MACCS_66,0.0026233177738846586,416
ECFP_1332,0.002610111828342563,417
ECFP_1598,0.002607151250185184,418
ECFP_839,0.0025909132249328764,419
ECFP_318,0.0025816110780934173,420
ECFP_1054,0.0025712914574647513,421
ECFP_1459,0.0025682568697134216,422
ECFP_1688,0.0025619020005779453,423
ECFP_1683,0.0025347835252410933,424
ECFP_1692,0.00252610034746006,425
ECFP_824,0.0025230686706320905,426
ECFP_1710,0.0025167123037681495,427
ECFP_577,0.002508719065957885,428
ECFP_68,0.002508316640456221,429
ECFP_118,0.002501961691458699,430
ECFP_609,0.002501589022410446,431
ECFP_1083,0.0024932320503133964,432
ECFP_158,0.002491100755015825,433
ECFP_1284,0.0024749216910336103,434
ECFP_1262,0.002471675081549107,435
ECFP_572,0.0024591614057733655,436
ECFP_282,0.002446280139480762,437
ECFP_738,0.002428935255131052,438
ECFP_2038,0.0024264056552112554,439
ECFP_1051,0.002425376385898745,440
ECFP_1654,0.002422383651246594,441
ECFP_724,0.002412934742178443,442
ECFP_1482,0.002411116910696204,443
ECFP_19,0.0024068196768222655,444
ECFP_431,0.00239597196212744,445
MACCS_142,0.002395800544220601,446
ECFP_1169,0.002390474683391301,447
ECFP_1855,0.002372165556327847,448
ECFP_1398,0.0023712223107803182,449
ECFP_1775,0.0023491921138560435,450
ECFP_974,0.0023410626597194528,451
MACCS_154,0.0023398861807398886,452
ECFP_1580,0.0023374449893052746,453
ECFP_2021,0.0023366946206640647,454
ECFP_1290,0.0023207316103709156,455
ECFP_857,0.00232018107248229,456
ECFP_320,0.0023185038995954125,457
ECFP_1665,0.0023045817652010982,458
ECFP_1645,0.0023036692388204716,459
ECFP_432,0.0022875030438358045,460
ECFP_539,0.002282725676996429,461
ECFP_252,0.002275263424869401,462
ECFP_381,0.002274293440855731,463
ECFP_327,0.002270173832423115,464
ECFP_1445,0.002266431839566793,465
ECFP_1582,0.00224375061788575,466
ECFP_1226,0.0022419921321154813,467
ECFP_324,0.0022406553303028626,468
ECFP_1438,0.0022203871942727267,469
ECFP_1351,0.0022171806317697064,470
ECFP_1208,0.002215244689149851,471
ECFP_319,0.0022051232630717964,472
ECFP_886,0.00219873472411522,473
ECFP_1037,0.002191789326552595,474
MACCS_114,0.0021910566491139764,475
MACCS_77,0.0021909270838662677,476
ECFP_43,0.002185862076287097,477
ECFP_1902,0.0021851843423776177,478
ECFP_1362,0.002178212417881966,479
ECFP_1460,0.002168004406053945,480
ECFP_1475,0.0021635098550226053,481
ECFP_1093,0.0021550664554516644,482
PAS_17,0.002151566570504188,483
ECFP_511,0.00214883545258068,484
ECFP_1349,0.002145110403175609,485
ECFP_626,0.002129463353022802,486
ECFP_174,0.002106842513584155,487
ECFP_240,0.002101833894734663,488
ECFP_713,0.0020985624965476667,489
ECFP_391,0.002087584464282492,490
MACCS_59,0.002078638482478277,491
ECFP_707,0.0020771496303969854,492
ECFP_721,0.0020628958240608763,493
ECFP_614,0.0020503852833508493,494
MACCS_122,0.0020500291000838567,495
ECFP_638,0.0020436310285084688,496
ECFP_1823,0.002025701963343776,497
ECFP_510,0.0020253532984036465,498
ECFP_1631,0.0020194652222506842,499
ECFP_1087,0.002011309037152988,500
ECFP_619,0.0020032737668389186,501
ECFP_1840,0.0019985943418333735,502
ECFP_63,0.001998090940243227,503
ECFP_497,0.0019964541142319914,504
ECFP_1952,0.0019813848330622196,505
ECFP_1871,0.001980444267443888,506
ECFP_1150,0.0019756590276880552,507
ECFP_1657,0.0019685594398452444,508
ECFP_1569,0.001963629331768291,509
ECFP_1165,0.001960638508946261,510
ECFP_1887,0.0019581814650853485,511
ECFP_923,0.001957728401514245,512
ECFP_1641,0.0019550149385803117,513
ECFP_1181,0.0019455324394957196,514
ECFP_59,0.001945244750013361,515
ECFP_1172,0.0019410492177797801,516
ECFP_1,0.001930311237309712,517
ECFP_1357,0.001917022569892748,518
ECFP_378,0.0019119630705046933,519
ECFP_841,0.0019075436228459114,520
ECFP_621,0.0019058293108335763,521
ECFP_1788,0.0018944754132352427,522
ECFP_1748,0.001885106284873334,523
ECFP_1550,0.0018816694735485347,524
ECFP_1831,0.0018787846161401217,525
ECFP_1689,0.001849137934404297,526
ECFP_810,0.0018489167906563543,527
ECFP_599,0.0018421969633054956,528
ECFP_1866,0.001841286076477292,529
ECFP_1314,0.0018407566619226354,530
ECFP_1008,0.0018380260829658811,531
ECFP_703,0.0018306773522690136,532
ECFP_1596,0.0018292120073898483,533
ECFP_611,0.0018285458830147954,534
ECFP_342,0.0018244447525285097,535
ECFP_1127,0.0018174270275649542,536
ECFP_1260,0.0018163810011666832,537
ECFP_1861,0.0018023298360566372,538
ECFP_1066,0.0018005336675895026,539
ECFP_722,0.0017962898930573273,540
ECFP_1640,0.001796173688837013,541
ECFP_1936,0.0017722028290524878,542
ECFP_628,0.0017709017756420043,543
ECFP_711,0.0017662545463779308,544
ECFP_1813,0.0017648961815051882,545
ECFP_1931,0.0017591270366409777,546
ECFP_1643,0.0017562708601815856,547
ECFP_1708,0.0017527667886983798,548
ECFP_170,0.0017486063900711245,549
ECFP_2009,0.0017469111776022461,550
ECFP_140,0.0017467629403878238,551
MACCS_50,0.0017454551763001354,552
ECFP_425,0.001742176660376067,553
ECFP_957,0.0017249331610403543,554
ECFP_1447,0.0017236576370464572,555
ECFP_1791,0.001722368741218954,556
ECFP_740,0.0017219262981590523,557
ECFP_488,0.0017178085240607747,558
ECFP_673,0.001716255632180704,559
ECFP_1322,0.0017137402717647934,560
ECFP_783,0.0017067834361378202,561
ECFP_1594,0.0017058513344903842,562
ECFP_1147,0.001702384258531516,563
ECFP_1309,0.001692156513423627,564
ECFP_1373,0.0016865558618449302,565
ECFP_241,0.001684171220932026,566
ECFP_144,0.0016825258248913356,567
ECFP_888,0.0016784325643513938,568
ECFP_913,0.0016774866748061042,569
ECFP_1397,0.001676316874162326,570
ECFP_1463,0.0016738102406581457,571
ECFP_1593,0.0016695344125334226,572
ECFP_996,0.0016678001782845448,573
ECFP_15,0.0016629612424644944,574
ECFP_7,0.001657185984813027,575
MACCS_149,0.001655639633151251,576
ECFP_1266,0.001655246440188753,577
ECFP_462,0.0016544866164462679,578
ECFP_601,0.0016492432383521213,579
ECFP_29,0.0016485433749501616,580
ECFP_1387,0.0016469105400025684,581
ECFP_1820,0.0016423371375383596,582
ECFP_304,0.0016321860079197138,583
ECFP_2026,0.0016279092441370535,584
ECFP_1062,0.0016257613805557944,585
ECFP_443,0.0016252273267788097,586
ECFP_2013,0.0016245682221504416,587
ECFP_1807,0.0016243768649715426,588
ECFP_1469,0.0016179641284666457,589
ECFP_213,0.0016178942854712585,590
ECFP_1604,0.0016156283563862788,591
ECFP_1682,0.0016151558380064228,592
ECFP_772,0.0016081458098598346,593
ECFP_1213,0.001603916253909414,594
ECFP_399,0.0016017089908181355,595
ECFP_596,0.0015909467548604179,596
ECFP_951,0.0015854825988038982,597
ECFP_718,0.0015837205694822858,598
ECFP_617,0.0015805364224158209,599
ECFP_1115,0.001568121907084343,600
ECFP_283,0.0015676810192135058,601
ECFP_940,0.0015656085016044633,602
ECFP_1158,0.0015558590709603517,603
ECFP_1245,0.0015543775082190777,604
ECFP_120,0.0015366975484000674,605
ECFP_1609,0.0015354013285961217,606
ECFP_454,0.0015346591425402349,607
ECFP_1031,0.00152599094863764,608
ECFP_832,0.0015205531597313649,609
ECFP_1439,0.0015182800471456798,610
ECFP_1152,0.001517424147857738,611
ECFP_916,0.001509662979012746,612
MACCS_130,0.0015055773302801528,613
ECFP_35,0.0015042944809818184,614
ECFP_1139,0.0014948899959503158,615
ECFP_659,0.001494705705262986,616
sPAS_17,0.0014937419104214462,617
ECFP_1986,0.0014933011929765625,618
ECFP_534,0.001490687202780467,619
ECFP_735,0.001484139765190693,620
MACCS_135,0.0014783536958748213,621
ECFP_1151,0.001470047061438737,622
ECFP_345,0.0014685156059914056,623
ECFP_670,0.0014685112507520953,624
ECFP_1530,0.001461118981779374,625
ECFP_1234,0.0014483606342981638,626
ECFP_1352,0.001438263376148933,627
ECFP_216,0.0014370633156826733,628
sPAS_2,0.0014316230050005886,629
ECFP_305,0.0014193309959460467,630
ECFP_551,0.0014164591214657829,631
ECFP_2004,0.0014128284792642625,632
ECFP_1673,0.0014072096352068827,633
ECFP_995,0.0014062763665411225,634
ECFP_1612,0.0014030103425117038,635
ECFP_1559,0.001396659981797572,636
ECFP_779,0.0013965761751410714,637
ECFP_911,0.0013900002305648963,638
ECFP_1022,0.001376976712840647,639
ECFP_199,0.0013734056548033247,640
ECFP_1757,0.0013729024632909415,641
MACCS_103,0.0013720058900624755,642
ECFP_132,0.0013712451351587664,643
ECFP_693,0.0013670662101551948,644
ECFP_276,0.0013616514213203401,645
ECFP_32,0.0013558859504918608,646
ECFP_684,0.0013501875618206827,647
ECFP_1274,0.0013488571923251462,648
ECFP_1467,0.0013377591028506898,649
ECFP_525,0.0013343661113333185,650
ECFP_1759,0.001332951416845181,651
ECFP_2022,0.0013321549787765796,652
ECFP_1802,0.0013293525799908854,653
ECFP_725,0.0013283378572984334,654
ECFP_1041,0.0013262963513255475,655
ECFP_306,0.0013257269113100788,656
MACCS_43,0.0013246078384736002,657
MACCS_124,0.0013235212116455978,658
ECFP_1218,0.0013216243907656169,659
ECFP_1138,0.0013212514573631006,660
ECFP_715,0.0013180549893319453,661
ECFP_1444,0.0013140456934051749,662
ECFP_1231,0.0013134873650150433,663
MACCS_80,0.0013060168948504317,664
ECFP_1392,0.001299713863512968,665
ECFP_1474,0.0012944942089749274,666
ECFP_646,0.0012871837894980124,667
MACCS_96,0.0012865641172239337,668
ECFP_438,0.0012819696240932274,669
ECFP_1839,0.0012819465096989401,670
ECFP_91,0.0012810673772097663,671
ECFP_372,0.0012758328008054829,672
ECFP_508,0.0012753725856861355,673
ECFP_1651,0.0012747238236307202,674
ECFP_238,0.001267092863700592,675
ECFP_1736,0.0012665292036225391,676
ECFP_801,0.0012579753759397801,677
ECFP_401,0.0012569255841846233,678
ECFP_310,0.0012562474754805094,679
ECFP_944,0.0012359820999294064,680
MACCS_133,0.0012334524008194166,681
ECFP_826,0.0012254724579043512,682
ECFP_486,0.0012214154444407978,683
ECFP_484,0.0012084635704379205,684
ECFP_1235,0.0012072696742488468,685
ECFP_58,0.0012047812383079583,686
ECFP_680,0.001202050713372408,687
ECFP_1589,0.0011935504573431493,688
ECFP_827,0.0011888965100043819,689
ECFP_1385,0.00118331787265489,690
ECFP_1413,0.001175922064919553,691
ECFP_1319,0.0011655269994323091,692
ECFP_1308,0.001160651945493642,693
ECFP_1747,0.0011589078941167334,694
MACCS_94,0.0011586301480472586,695
ECFP_1910,0.0011580762414044178,696
ECFP_1574,0.0011580413408566984,697
ECFP_64,0.0011529457782813205,698
ECFP_1434,0.0011482840892349131,699
ECFP_385,0.0011468598743504148,700
ECFP_1453,0.0011455438986976356,701
ECFP_1924,0.001137225392808838,702
ECFP_1767,0.0011358258657335404,703
ECFP_1806,0.0011349811728959616,704
ECFP_1129,0.001130172798342899,705
ECFP_1303,0.0011300846621293628,706
ECFP_1709,0.0011255163254726285,707
ECFP_831,0.0011234666368417283,708
ECFP_653,0.0011082337574401548,709
ECFP_903,0.0011052948608127437,710
ECFP_654,0.0011011348430227208,711
ECFP_518,0.0011002123623578585,712
ECFP_96,0.0010964106216411098,713
ECFP_1711,0.001096267413835332,714
ECFP_973,0.0010931677063493435,715
ECFP_571,0.0010931132632235432,716
ECFP_1963,0.0010894853196595847,717
ECFP_1547,0.0010876781208680496,718
ECFP_1000,0.0010810886979064002,719
ECFP_524,0.001073588928995759,720
MACCS_55,0.001068307418321332,721
ECFP_1731,0.0010648856068415735,722
ECFP_668,0.0010633393318574963,723
ECFP_765,0.0010601219597247073,724
ECFP_799,0.0010563379131106247,725
ECFP_261,0.0010512486151248702,726
ECFP_339,0.001050382742274134,727
ECFP_130,0.0010407552857535768,728
ECFP_203,0.0010400332473187188,729
ECFP_1498,0.0010371718684639593,730
ECFP_1259,0.0010331763270221839,731
ECFP_1997,0.0010288566451104777,732
ECFP_2028,0.0010281110796881193,733
ECFP_1215,0.001026040875890622,734
MACCS_38,0.0010238958361230629,735
ECFP_16,0.0010190674981488518,736
ECFP_1323,0.0010187215599625722,737
ECFP_1204,0.0010147023283577593,738
MACCS_92,0.0010126774118234144,739
ECFP_1685,0.0010089524629875676,740
ECFP_1334,0.0010063414087029708,741
sPAS_13,0.0010061683521819867,742
ECFP_449,0.0010059971945171986,743
ECFP_17,0.0010027040425399265,744
ECFP_705,0.000996939625106142,745
ECFP_1171,0.0009951395622690901,746
ECFP_660,0.0009943598527203032,747
ECFP_9,0.0009906373580095705,748
ECFP_1369,0.0009902185033173944,749
ECFP_1636,0.0009898302214203583,750
ECFP_567,0.0009894696413466325,751
ECFP_1726,0.0009890400722399823,752
MACCS_42,0.0009875510338337185,753
ECFP_270,0.0009872581979624318,754
ECFP_73,0.0009869835627278004,755
ECFP_1700,0.000983245564780234,756
ECFP_519,0.000980936466785952,757
ECFP_421,0.0009760160876582228,758
ECFP_1468,0.0009758074831615468,759
ECFP_1597,0.0009735934595469201,760
ECFP_311,0.0009684684293319997,761
ECFP_1805,0.0009677850048826617,762
ECFP_395,0.000966109583148583,763
ECFP_2036,0.0009634015762247968,764
ECFP_115,0.0009632517953181843,765
ECFP_262,0.0009621482717769878,766
ECFP_1431,0.0009602413765193427,767
ECFP_251,0.0009587640110495434,768
MACCS_161,0.0009567816062099068,769
ECFP_1003,0.0009548175269373622,770
ECFP_387,0.0009535759809215445,771
ECFP_1922,0.0009532814791661781,772
ECFP_1164,0.0009507495609481196,773
ECFP_119,0.0009507075546090826,774
ECFP_1639,0.0009506135988628609,775
ECFP_1492,0.0009499464060317799,776
ECFP_1184,0.0009497259893240975,777
ECFP_1630,0.0009488537798112537,778
ECFP_1177,0.0009467658102366582,779
ECFP_194,0.000943141824901418,780
ECFP_1756,0.000939084998812472,781
ECFP_191,0.000937776754376852,782
ECFP_536,0.0009330630238782692,783
ECFP_597,0.000929093770377396,784
ECFP_742,0.0009267847827493555,785
ECFP_94,0.0009260814313267157,786
ECFP_248,0.0009231418227235056,787
ECFP_1300,0.0009207453717479555,788
ECFP_1005,0.0009129309847680282,789
ECFP_1354,0.0009094890267222096,790
ECFP_1693,0.000904128235754312,791
ECFP_1240,0.0009036711385203156,792
ECFP_1384,0.0009023381880720838,793
ECFP_2018,0.0009013939687713493,794
ECFP_939,0.0008968767060213542,795
ECFP_165,0.0008926530554013751,796
ECFP_1122,0.0008906864895374202,797
ECFP_384,0.0008905255161432463,798
ECFP_1974,0.0008860268337608072,799
ECFP_2023,0.0008853764711496452,800
ECFP_1667,0.0008837319236582742,801
ECFP_766,0.0008817040379056444,802
ECFP_23,0.0008809600504974118,803
ECFP_379,0.0008781166011855745,804
ECFP_1648,0.0008727193998113417,805
ECFP_976,0.0008716370531162366,806
MACCS_34,0.0008715291804683892,807
ECFP_1282,0.0008691040236780696,808
ECFP_1360,0.0008686057971456715,809
ECFP_413,0.0008587469569859843,810
ECFP_6,0.0008574567165671248,811
ECFP_1878,0.0008564631300998025,812
ECFP_1264,0.0008556517294204341,813
ECFP_435,0.000853383512181662,814
ECFP_230,0.0008517831566505086,815
ECFP_418,0.0008460600323718315,816
MACCS_33,0.0008451252488862103,817
ECFP_866,0.0008433580327460679,818
MACCS_126,0.0008411148917416647,819
ECFP_138,0.0008367379921869717,820
ECFP_1367,0.0008354989174838475,821
ECFP_1964,0.0008312544909224376,822
ECFP_1250,0.0008276511906746939,823
MACCS_134,0.0008266990664148439,824
ECFP_84,0.0008249317009368117,825
ECFP_754,0.0008228159495128982,826
ECFP_1456,0.0008204167173669801,827
ECFP_674,0.0008189502114130634,828
ECFP_921,0.0008187006413550333,829
ECFP_1517,0.0008172182077084294,830
ECFP_554,0.0008169731353430737,831
ECFP_1424,0.0008161097033763257,832
ECFP_1727,0.0008156575825790062,833
ECFP_202,0.0008152446803604319,834
ECFP_47,0.0008148082142221021,835
ECFP_1600,0.0008139669772850694,836
ECFP_394,0.0008117752462599593,837
ECFP_743,0.0008103932239045852,838
ECFP_51,0.0008046406785794778,839
ECFP_1228,0.0008024227757774817,840
ECFP_565,0.0008022684670670441,841
ECFP_1784,0.000801900534129393,842
ECFP_1554,0.0008017357559683147,843
ECFP_95,0.0007990447412833697,844
sPAS_11,0.0007988789078633362,845
ECFP_894,0.0007978372272225523,846
ECFP_1221,0.0007952284483183345,847
MACCS_64,0.000793015781977741,848
ECFP_77,0.0007923455392948651,849
ECFP_256,0.0007892647818698511,850
ECFP_1619,0.0007882817676461039,851
ECFP_1750,0.0007874039452346619,852
ECFP_719,0.0007868857079521413,853
ECFP_1714,0.0007827568694738541,854
ECFP_284,0.0007820833683948067,855
ECFP_1327,0.0007799426168918554,856
ECFP_1925,0.0007776575844513526,857
ECFP_1985,0.0007753017963810097,858
ECFP_1306,0.0007733960727608236,859
ECFP_1198,0.0007724551085867436,860
ECFP_520,0.0007683287088559999,861
ECFP_161,0.0007630817892685786,862
ECFP_1117,0.0007624175277913331,863
ECFP_1391,0.0007617255723702272,864
MACCS_136,0.0007578759470842832,865
MACCS_86,0.000757047581793255,866
ECFP_865,0.000756502652588126,867
ECFP_909,0.0007541847336015844,868
ECFP_1202,0.0007525999009180076,869
ECFP_1070,0.0007522244590611896,870
ECFP_1382,0.0007495723590682213,871
ECFP_1560,0.0007464893715806453,872
ECFP_1157,0.0007462239140423879,873
ECFP_235,0.0007413892903717678,874
ECFP_587,0.0007394152211737679,875
ECFP_1862,0.0007385797436249815,876
ECFP_1892,0.0007382680343022967,877
ECFP_494,0.0007382474953392112,878
ECFP_1833,0.0007355188064196359,879
ECFP_820,0.0007340106371365226,880
ECFP_1543,0.0007324252611117711,881
ECFP_1662,0.0007257917573555701,882
ECFP_1356,0.0007242563073283376,883
ECFP_79,0.0007241918885587149,884
ECFP_1163,0.0007217681431743829,885
ECFP_212,0.000719501780084914,886
ECFP_873,0.0007184085191767765,887
ECFP_898,0.0007163690759711072,888
ECFP_1799,0.0007157385631424073,889
ECFP_40,0.0007078903357805107,890
ECFP_1718,0.0007020861509287852,891
ECFP_1128,0.0007012170295141913,892
ECFP_860,0.0007005138431043775,893
ECFP_397,0.0006985865633388638,894
ECFP_616,0.0006947740104279582,895
ECFP_757,0.0006945996479762202,896
ECFP_1101,0.0006936114863468612,897
ECFP_1527,0.0006930860315619217,898
ECFP_683,0.000693007809626327,899
ECFP_1180,0.0006901156070572363,900
ECFP_99,0.0006884544525697214,901
ECFP_548,0.0006821207940303163,902
ECFP_1238,0.0006740635685491837,903
ECFP_1277,0.0006697106362576858,904
ECFP_1052,0.0006669535081034001,905
ECFP_657,0.0006652720180457821,906
MACCS_17,0.0006643084647362336,907
ECFP_465,0.0006635182960242879,908
ECFP_1568,0.0006581126626958002,909
ECFP_286,0.0006569745034390812,910
ECFP_1099,0.0006556663186465155,911
ECFP_1978,0.0006553242130910183,912
ECFP_409,0.0006531219120427652,913
ECFP_145,0.0006515525916198695,914
ECFP_899,0.0006509474134444241,915
ECFP_257,0.0006505818651967466,916
ECFP_1809,0.000647131993526842,917
ECFP_1023,0.0006458116615341902,918
ECFP_404,0.0006436246340898598,919
ECFP_1888,0.0006431834381024676,920
MACCS_65,0.0006422618231506675,921
ECFP_917,0.0006412015459487128,922
ECFP_1021,0.0006403399823552581,923
ECFP_1072,0.0006398398790781091,924
ECFP_573,0.0006354839077008134,925
ECFP_38,0.000631819398151213,926
ECFP_1789,0.0006271690727071115,927
ECFP_147,0.000626781898332431,928
ECFP_1703,0.0006234141270469766,929
ECFP_583,0.0006183917480564252,930
ECFP_952,0.0006173397562672441,931
ECFP_809,0.0006160913176424128,932
ECFP_853,0.0006103025560853593,933
ECFP_45,0.0006094829903823697,934
ECFP_1523,0.0006094662418250951,935
ECFP_1297,0.0006075985970218414,936
ECFP_843,0.0006010768085708863,937
ECFP_427,0.0005992264241725337,938
ECFP_607,0.0005968008976096012,939
ECFP_1042,0.0005952736382696263,940
MACCS_152,0.0005921715906865719,941
ECFP_1535,0.0005920781728047339,942
ECFP_1505,0.0005916588206844862,943
ECFP_851,0.0005900781587446028,944
ECFP_516,0.0005883536623046497,945
ECFP_1768,0.0005867747962654365,946
ECFP_453,0.0005857663718949925,947
ECFP_1845,0.0005855475475610915,948
ECFP_502,0.0005851015268799327,949
ECFP_1239,0.0005811295798891644,950
ECFP_1907,0.0005809636996843262,951
ECFP_419,0.0005808745135483169,952
ECFP_1388,0.0005786692492695792,953
ECFP_1552,0.0005773590791909064,954
ECFP_268,0.000576620357194726,955
ECFP_975,0.0005727723720994355,956
ECFP_745,0.0005718175747153354,957
ECFP_1794,0.0005709436678708883,958
ECFP_1394,0.0005698455457918365,959
ECFP_581,0.0005698440268304063,960
ECFP_1876,0.0005696177139492213,961
ECFP_1004,0.0005682992158027355,962
ECFP_666,0.0005681712881051742,963
ECFP_528,0.0005679891038819717,964
ECFP_46,0.0005665087058995663,965
ECFP_1069,0.0005647974895237052,966
ECFP_676,0.000564331553610625,967
ECFP_451,0.0005634572631220325,968
ECFP_1429,0.0005629676927248269,969
ECFP_645,0.000560674200491111,970
ECFP_663,0.0005594500383072721,971
ECFP_1495,0.0005573328938607809,972
ECFP_1868,0.0005572998756468025,973
ECFP_157,0.0005569373195185196,974
ECFP_1614,0.0005558658787225699,975
ECFP_1567,0.0005536818091960002,976
ECFP_1491,0.0005508065607307216,977
ECFP_1800,0.0005507531519320168,978
ECFP_1501,0.0005506742379907818,979
ECFP_291,0.0005503741071268951,980
ECFP_67,0.0005502973996377667,981
ECFP_796,0.0005442736380237859,982
ECFP_422,0.000543599915935349,983
ECFP_201,0.0005432558768468952,984
ECFP_1330,0.0005427840200030532,985
ECFP_661,0.0005417151200448381,986
ECFP_891,0.000540833887941545,987
ECFP_854,0.0005385057500841469,988
MACCS_164,0.0005382760621153974,989
ECFP_1249,0.0005379140435415568,990
ECFP_313,0.0005375010862046438,991
ECFP_1762,0.0005347047745720842,992
ECFP_2005,0.0005314642984365286,993
ECFP_37,0.000528201840205647,994
ECFP_1175,0.0005270722648910603,995
ECFP_1227,0.0005266154981006336,996
ECFP_728,0.0005243984987056733,997
ECFP_433,0.0005238990193679027,998
ECFP_1162,0.0005211639290403682,999
ECFP_953,0.000519531487192031,1000
ECFP_1278,0.0005191795804281047,1001
ECFP_1808,0.0005182372439529557,1002
ECFP_734,0.000517315708919336,1003
ECFP_341,0.0005170563384082351,1004
ECFP_285,0.0005166037995268712,1005
ECFP_970,0.0005163235667936295,1006
ECFP_1013,0.0005160592226168912,1007
ECFP_1082,0.000514424584379143,1008
ECFP_867,0.0005139517052013877,1009
ECFP_1084,0.0005113342082283856,1010
MACCS_26,0.0005106094278686118,1011
ECFP_117,0.0005098263590882852,1012
MACCS_30,0.0005091855802145822,1013
ECFP_1098,0.0005091713434039268,1014
ECFP_1071,0.0005091588329644786,1015
ECFP_222,0.000503890691471194,1016
ECFP_367,0.0005028448762495886,1017
ECFP_1984,0.0005024279961991166,1018
ECFP_672,0.0005008592037277467,1019
ECFP_1291,0.0005004811049486525,1020
ECFP_25,0.0005000003290745568,1021
ECFP_1735,0.0004986192317818496,1022
ECFP_578,0.0004985828250668847,1023
ECFP_1141,0.0004985409605624308,1024
ECFP_1681,0.0004975646918892094,1025
ECFP_234,0.0004966485318259337,1026
MACCS_83,0.0004941752547445837,1027
ECFP_479,0.0004937574455186386,1028
MACCS_61,0.0004932222768160171,1029
ECFP_1010,0.0004931805550447146,1030
ECFP_81,0.000492685233205323,1031
ECFP_1684,0.0004922013848182277,1032
ECFP_864,0.0004902517160041295,1033
ECFP_1948,0.0004895066338941935,1034
ECFP_776,0.0004884984016988343,1035
ECFP_369,0.0004883138586345557,1036
ECFP_1411,0.00048588348341839483,1037
ECFP_1009,0.0004814508685887774,1038
ECFP_346,0.0004798690118913417,1039
ECFP_716,0.0004798375554892786,1040
ECFP_993,0.0004794683992884352,1041
ECFP_237,0.0004789027030523076,1042
ECFP_1368,0.0004784379820336851,1043
ECFP_1096,0.0004741035196402431,1044
ECFP_2012,0.00047409135325364926,1045
ECFP_835,0.0004725174333642951,1046
ECFP_1189,0.0004693104063722129,1047
ECFP_1525,0.0004685697162930318,1048
ECFP_471,0.0004675809841399262,1049
ECFP_968,0.00046701686072546096,1050
ECFP_1851,0.00046498016684125927,1051
ECFP_1656,0.0004633502142866102,1052
ECFP_370,0.00046304457191995857,1053
ECFP_872,0.0004627504587728833,1054
MACCS_67,0.0004618495674506953,1055
ECFP_1728,0.00046108353102368996,1056
PAS_14,0.0004580518429811295,1057
ECFP_1732,0.00045723075330063225,1058
ECFP_545,0.00045713340692769226,1059
ECFP_1828,0.00045565350327798687,1060
ECFP_1190,0.0004553099933356472,1061
PAS_11,0.0004529870568023295,1062
ECFP_941,0.0004528028039022112,1063
ECFP_1286,0.00045146534564116084,1064
ECFP_350,0.00044848772942997206,1065
ECFP_1484,0.0004484413840964831,1066
ECFP_1140,0.00044655598745822127,1067
ECFP_949,0.0004461792661432972,1068
MACCS_23,0.00044481154077010516,1069
MACCS_68,0.0004385423172895476,1070
ECFP_818,0.0004382067407955147,1071
ECFP_1520,0.00043703686172655006,1072
ECFP_1272,0.0004359059205861357,1073
MACCS_52,0.00043454094395505,1074
ECFP_1110,0.00043439774010586076,1075
ECFP_1471,0.0004334929433849088,1076
ECFP_655,0.0004294324302223724,1077
ECFP_1916,0.0004292962399057294,1078
ECFP_1638,0.0004288323404324842,1079
ECFP_950,0.0004284296238526485,1080
ECFP_846,0.00042821804950353426,1081
ECFP_210,0.00042461037528817886,1082
ECFP_13,0.0004222871022348515,1083
ECFP_1174,0.000421763236436732,1084
ECFP_880,0.0004212978663333092,1085
ECFP_326,0.0004210475370051219,1086
ECFP_1406,0.00042080848087797215,1087
ECFP_800,0.0004190489673998484,1088
ECFP_192,0.00041860487852361756,1089
ECFP_1317,0.00041789350210222754,1090
ECFP_1521,0.0004159261866294864,1091
ECFP_1187,0.0004142841267952439,1092
ECFP_1699,0.00041282251808252775,1093
ECFP_506,0.00041268567172347403,1094
MACCS_166,0.0004126510216773816,1095
ECFP_1059,0.0004125723316231141,1096
ECFP_630,0.0004106389485533048,1097
ECFP_773,0.00041014661731625417,1098
ECFP_712,0.0004077088992437013,1099
ECFP_825,0.00040680294902133564,1100
ECFP_685,0.00040593997693551747,1101
ECFP_303,0.0004052417037156684,1102
ECFP_790,0.0004048122987123976,1103
ECFP_1919,0.00040373032475474364,1104
ECFP_1063,0.00040177431514970416,1105
ECFP_1081,0.00040126019144796216,1106
ECFP_965,0.0003996363865757168,1107
ECFP_623,0.00039813538925618033,1108
ECFP_959,0.0003979332500692319,1109
ECFP_1168,0.00039622927356092695,1110
ECFP_1856,0.0003957612983087119,1111
ECFP_498,0.0003954408609531387,1112
sPAS_14,0.00039317823353260606,1113
ECFP_802,0.0003921554569758801,1114
ECFP_926,0.0003908780726191123,1115
ECFP_1371,0.00039023149693190887,1116
ECFP_1253,0.00038968557868167,1117
ECFP_817,0.00038800412375029295,1118
ECFP_1289,0.00038789617957671053,1119
ECFP_1561,0.0003866488836162784,1120
ECFP_896,0.0003852235528399555,1121
ECFP_1760,0.0003851084532740416,1122
ECFP_4,0.0003848763822266052,1123
ECFP_1664,0.0003835459593305538,1124
ECFP_1514,0.0003806326921534374,1125
ECFP_171,0.000380300228647742,1126
ECFP_1729,0.00037997814938206434,1127
ECFP_1293,0.0003798366927642486,1128
ECFP_1621,0.00037945394917521334,1129
ECFP_564,0.0003783613787737314,1130
ECFP_833,0.0003775304123860728,1131
ECFP_1268,0.00037749391880910124,1132
ECFP_1058,0.00037659778482224853,1133
ECFP_634,0.0003765881561974774,1134
ECFP_838,0.0003762467344358658,1135
ECFP_2032,0.00037483703003266054,1136
ECFP_1025,0.000374577075594329,1137
ECFP_1040,0.0003721725556769819,1138
ECFP_729,0.00037116495647834943,1139
ECFP_1390,0.0003701450908209709,1140
ECFP_1451,0.0003699765202946035,1141
ECFP_1504,0.00036982430396090434,1142
ECFP_1515,0.0003688968485983269,1143
MACCS_63,0.0003687315258974893,1144
ECFP_890,0.00036735732800471574,1145
ECFP_932,0.00036642885150095885,1146
ECFP_1830,0.00036505640690617384,1147
MACCS_24,0.00036479264659159907,1148
ECFP_150,0.00036371847339754156,1149
ECFP_105,0.00036123990859217184,1150
ECFP_585,0.0003604439553964872,1151
ECFP_570,0.0003601798896722524,1152
ECFP_562,0.0003599781362879203,1153
ECFP_1903,0.00035864886259360216,1154
ECFP_931,0.00035778042367510366,1155
ECFP_543,0.00035728334593004336,1156
ECFP_375,0.00035702831939537485,1157
ECFP_1999,0.0003569774260595405,1158
ECFP_2033,0.00035549369108121923,1159
ECFP_382,0.00035419067401596863,1160
ECFP_1649,0.0003532619268981016,1161
ECFP_924,0.00035068570077165077,1162
ECFP_544,0.0003497875422159496,1163
ECFP_1142,0.00034926485407961406,1164
MACCS_46,0.0003488918237375049,1165
ECFP_60,0.00034830021307162454,1166
ECFP_1243,0.00034661076124154546,1167
ECFP_1671,0.0003460314492531455,1168
ECFP_541,0.00034545566625466943,1169
ECFP_1717,0.0003450292189126565,1170
MACCS_32,0.000344753859700974,1171
ECFP_1744,0.00034356325357981537,1172
ECFP_1954,0.0003433361990844668,1173
ECFP_1076,0.0003432413650996631,1174
ECFP_706,0.0003430744798101025,1175
ECFP_315,0.0003409701093906638,1176
ECFP_613,0.00034048399934714127,1177
ECFP_1034,0.00034045123347993045,1178
ECFP_1205,0.000338681954926944,1179
ECFP_579,0.0003368281240570149,1180
ECFP_1979,0.00033644374656886567,1181
ECFP_859,0.0003362531229427615,1182
ECFP_101,0.00033522972136586427,1183
MACCS_145,0.0003351790721926991,1184
ECFP_1613,0.00033489346979227177,1185
ECFP_1074,0.00033474568614458154,1186
ECFP_1493,0.00033445604947213994,1187
ECFP_297,0.00033381110289478616,1188
ECFP_792,0.00033301458425299214,1189
ECFP_141,0.00033271643561598544,1190
ECFP_608,0.00033236377690081507,1191
ECFP_1422,0.00033232359581896256,1192
ECFP_473,0.0003305350537666152,1193
ECFP_1864,0.00033010932766047274,1194
ECFP_232,0.000330064783007308,1195
ECFP_406,0.00032987968772178993,1196
ECFP_1097,0.00032970650840319533,1197
ECFP_2001,0.0003272645484727473,1198
ECFP_1818,0.0003260258081914386,1199
ECFP_720,0.0003254982008824652,1200
MACCS_119,0.0003240349231069816,1201
ECFP_1118,0.00032308180680076977,1202
ECFP_632,0.00032292703291490624,1203
ECFP_563,0.00032058820341157796,1204
ECFP_1339,0.00031977494620948917,1205
ECFP_2017,0.00031937467742097075,1206
ECFP_1267,0.0003175854906651953,1207
ECFP_1119,0.0003170631118080273,1208
ECFP_697,0.000315736105035903,1209
ECFP_44,0.00031571292053551083,1210
ECFP_1329,0.0003147338027287853,1211
ECFP_1763,0.00031441455820472664,1212
ECFP_1487,0.000314290957649523,1213
ECFP_1632,0.0003115529397153526,1214
ECFP_1155,0.0003111605743337006,1215
ECFP_2027,0.0003108571393814748,1216
ECFP_1953,0.0003104914716506899,1217
ECFP_1611,0.00030952642193252957,1218
ECFP_1780,0.00030810908419598557,1219
ECFP_245,0.00030760036580264826,1220
ECFP_1299,0.00030478480189331976,1221
PAS_16,0.0003045586978020254,1222
ECFP_945,0.00030380149017578123,1223
ECFP_610,0.00030138371593316346,1224
ECFP_334,0.0002976413879764057,1225
ECFP_1030,0.0002974228672550441,1226
ECFP_55,0.00029736153578298737,1227
ECFP_639,0.0002972633714962013,1228
ECFP_756,0.00029689085562545895,1229
ECFP_1810,0.00029516495147588256,1230
ECFP_1370,0.0002948125487009329,1231
ECFP_1877,0.00029368259005169606,1232
ECFP_1271,0.0002936130864003678,1233
ECFP_1016,0.0002936115076306405,1234
ECFP_1977,0.00029345605346675483,1235
ECFP_580,0.00029297854513172996,1236
MACCS_69,0.00029190095496124007,1237
ECFP_1686,0.0002884660829759287,1238
ECFP_1423,0.0002873920504045933,1239
ECFP_1890,0.0002872285388674839,1240
ECFP_271,0.0002869722658302761,1241
ECFP_1516,0.0002857762964390341,1242
ECFP_244,0.00028565035786806713,1243
ECFP_1511,0.0002843511206829696,1244
ECFP_840,0.00028359805487185904,1245
ECFP_748,0.0002828665698048794,1246
ECFP_1975,0.0002816606987359431,1247
ECFP_1787,0.0002816419639456972,1248
ECFP_1650,0.00028050044253854383,1249
ECFP_615,0.0002790423039912602,1250
ECFP_1721,0.00027796705271184336,1251
ECFP_1457,0.0002770560134700474,1252
ECFP_1407,0.0002765788657013245,1253
ECFP_1846,0.00027603472437522737,1254
ECFP_337,0.00027598914861401875,1255
ECFP_100,0.00027539379661786225,1256
ECFP_2003,0.0002753381847329961,1257
ECFP_176,0.0002751640175439381,1258
ECFP_1834,0.0002745412179841342,1259
ECFP_440,0.00027399080292862517,1260
ECFP_1220,0.00027330262437546475,1261
ECFP_405,0.0002724658723396788,1262
ECFP_1906,0.00027110896390096484,1263
ECFP_1755,0.00027022588712404043,1264
ECFP_1006,0.00026943565499970573,1265
ECFP_402,0.0002686162096324612,1266
ECFP_70,0.00026720743699478274,1267
ECFP_363,0.0002667576868019871,1268
ECFP_111,0.00026672822426514393,1269
ECFP_893,0.0002665095904496973,1270
ECFP_908,0.00026637253742631733,1271
ECFP_1281,0.00026601786700993434,1272
ECFP_208,0.0002659828051312662,1273
ECFP_1472,0.00026558603434342855,1274
MACCS_27,0.0002653818231189635,1275
ECFP_400,0.0002649851738494404,1276
ECFP_348,0.00026405966755690995,1277
ECFP_273,0.0002633801846631962,1278
MACCS_49,0.00026218508980007814,1279
ECFP_1620,0.0002610982967311627,1280
ECFP_149,0.0002607972972058549,1281
ECFP_1623,0.00026001282866760546,1282
ECFP_1442,0.00025849618786232475,1283
ECFP_477,0.00025827020064508676,1284
ECFP_2019,0.00025735340422751495,1285
ECFP_53,0.0002562974662613725,1286
ECFP_1835,0.00025552050797636103,1287
ECFP_696,0.00025415222670646263,1288
ECFP_124,0.00025363552267576556,1289
ECFP_1553,0.0002519567824316859,1290
ECFP_1914,0.0002496893759796729,1291
ECFP_362,0.0002489916724134949,1292
ECFP_1669,0.00024845800728716134,1293
ECFP_1273,0.0002484312652229579,1294
ECFP_1430,0.0002483627268694883,1295
ECFP_1895,0.00024583062769414633,1296
ECFP_1443,0.0002445810710917486,1297
ECFP_1874,0.00024334522723832937,1298
ECFP_918,0.0002421784687280489,1299
ECFP_1961,0.0002412524072034324,1300
ECFP_870,0.00024123728911258464,1301
ECFP_1785,0.0002405706939661547,1302
ECFP_1212,0.0002403611935430326,1303
ECFP_933,0.00024010526604107373,1304
ECFP_8,0.0002384805982733648,1305
ECFP_1751,0.0002334881162510052,1306
ECFP_20,0.00023212963416299688,1307
ECFP_193,0.00023155952452818515,1308
ECFP_1104,0.00023044205664509655,1309
ECFP_190,0.00023023896692275742,1310
ECFP_1109,0.00022827808613472424,1311
ECFP_1149,0.00022738041093070289,1312
ECFP_1848,0.0002269051713883392,1313
ECFP_489,0.00022578073187716214,1314
ECFP_407,0.00022300420745772812,1315
ECFP_1403,0.0002224272232401214,1316
ECFP_307,0.00022230811519464695,1317
ECFP_39,0.00022149855353743246,1318
MACCS_84,0.00022138002622245186,1319
ECFP_90,0.00022129438368828392,1320
MACCS_20,0.00022101874676588507,1321
ECFP_153,0.000219889934039265,1322
ECFP_635,0.00021693700747506207,1323
ECFP_648,0.00021598780317196075,1324
ECFP_221,0.00021533435526716903,1325
ECFP_664,0.00021401403677329085,1326
ECFP_788,0.00021354540943898943,1327
MACCS_56,0.00021350774577670088,1328
ECFP_983,0.0002134768674620399,1329
ECFP_428,0.00021343686410055351,1330
ECFP_647,0.00021127513887889983,1331
ECFP_1695,0.00021110047493650794,1332
ECFP_1341,0.00021108995606811205,1333
ECFP_1188,0.00020960536100347993,1334
ECFP_871,0.00020932335092627635,1335
ECFP_1983,0.00020697209058955613,1336
ECFP_1715,0.0002065929051567767,1337
ECFP_1195,0.00020650106033377042,1338
ECFP_11,0.00020487275469271423,1339
ECFP_1462,0.0002034864164487391,1340
ECFP_1361,0.00020285612769649293,1341
ECFP_1857,0.0002022804050632261,1342
ECFP_1090,0.00020004465648149817,1343
ECFP_1315,0.00019913307058035633,1344
ECFP_1532,0.00019751808092989656,1345
ECFP_569,0.00019635167808584942,1346
ECFP_504,0.00019621563102726234,1347
ECFP_1899,0.00019579016231187872,1348
ECFP_166,0.00019503243245410875,1349
ECFP_328,0.00019502299520705873,1350
ECFP_1927,0.00019406105653540912,1351
ECFP_52,0.00019315013291289164,1352
ECFP_1976,0.0001931206598337053,1353
ECFP_767,0.00019306149243195983,1354
ECFP_148,0.00019192678330510544,1355
ECFP_1705,0.0001910859650283527,1356
ECFP_1374,0.00019092235726634327,1357
ECFP_1301,0.0001907015217626585,1358
ECFP_760,0.00018954157473854145,1359
ECFP_374,0.00018833544255599335,1360
ECFP_1811,0.00018791550652369382,1361
ECFP_701,0.00018752830333245059,1362
ECFP_1679,0.00018737284763979212,1363
ECFP_682,0.00018696234606092852,1364
ECFP_785,0.0001852746676238643,1365
ECFP_928,0.00018452184797469184,1366
ECFP_209,0.00018246378697063124,1367
ECFP_1200,0.00018185203636824978,1368
ECFP_181,0.0001812515633802632,1369
ECFP_1161,0.00018120309038897593,1370
ECFP_637,0.0001807888128349829,1371
MACCS_40,0.00017952272117796483,1372
ECFP_1316,0.00017787775656723226,1373
ECFP_302,0.00017777531819873632,1374
ECFP_533,0.00017719097038909374,1375
ECFP_2024,0.00017473763904360179,1376
ECFP_1265,0.00017446432874015493,1377
ECFP_1955,0.00017417724843974395,1378
ECFP_446,0.00017278745242259387,1379
ECFP_727,0.00017055448950365875,1380
ECFP_1178,0.0001702407400279732,1381
ECFP_1896,0.0001700566165759841,1382
ECFP_102,0.00016863429016658425,1383
PAS_8,0.00016766404974247456,1384
ECFP_594,0.0001676583810691746,1385
ECFP_163,0.0001664997652786129,1386
ECFP_236,0.00016625748621278282,1387
ECFP_1283,0.00016407196152112033,1388
ECFP_288,0.00016299805769223857,1389
ECFP_1393,0.00016266651923326563,1390
ECFP_1032,0.00016235791899551143,1391
ECFP_1592,0.00016226160373011096,1392
ECFP_1591,0.00015867091679540058,1393
ECFP_414,0.00015736014571359567,1394
ECFP_2016,0.00015561667277186756,1395
ECFP_398,0.00015513361449964714,1396
ECFP_1428,0.00015422117680558963,1397
ECFP_61,0.00015391119229530502,1398
ECFP_106,0.00015357201853857653,1399
ECFP_892,0.0001529903899874297,1400
ECFP_669,0.00014918523536256025,1401
ECFP_269,0.00014810566666741931,1402
ECFP_57,0.00014787199773814088,1403
MACCS_144,0.00014775198464178022,1404
ECFP_726,0.00014671385600584623,1405
ECFP_177,0.00014396000292652008,1406
ECFP_1618,0.00014324458790431646,1407
ECFP_336,0.00014318783659656177,1408
ECFP_1229,0.00014024911199356173,1409
ECFP_633,0.00014019265145742455,1410
ECFP_1694,0.0001399097562623742,1411
ECFP_500,0.00013951899530605496,1412
ECFP_349,0.00013922597355006121,1413
ECFP_501,0.00013888768157311937,1414
ECFP_1068,0.00013883451135816727,1415
ECFP_1183,0.0001386032411867241,1416
ECFP_1576,0.0001376260593865428,1417
ECFP_1827,0.00013757546259200994,1418
ECFP_1318,0.00013747475252946897,1419
ECFP_1932,0.00013717426614672307,1420
ECFP_1790,0.00013707600860144714,1421
ECFP_62,0.00013624294268518833,1422
ECFP_606,0.00013600098471459253,1423
ECFP_1633,0.00013593374650599228,1424
ECFP_1653,0.0001348340723244032,1425
ECFP_447,0.00013373843074422918,1426
ECFP_1737,0.0001323304004094216,1427
ECFP_1661,0.00013209805859513252,1428
ECFP_1395,0.00013182068536047282,1429
ECFP_1191,0.0001311465444842657,1430
ECFP_1050,0.00013089810325136387,1431
ECFP_1822,0.00012964124659668952,1432
ECFP_54,0.00012870194067332214,1433
ECFP_296,0.00012861363179833714,1434
ECFP_991,0.00012761050926609631,1435
ECFP_22,0.00012666270853462744,1436
ECFP_1324,0.00012665145484743582,1437
ECFP_927,0.00012512895713835733,1438
ECFP_947,0.00012508603281400987,1439
ECFP_30,0.0001233771889236213,1440
ECFP_358,0.00012288137520863405,1441
ECFP_1503,0.00012105964436600529,1442
ECFP_1826,0.00012057000974517833,1443
ECFP_1556,0.00011989435547632859,1444
ECFP_535,0.00011756602726556726,1445
ECFP_1698,0.00011660500213205053,1446
ECFP_160,0.00011448609017519239,1447
ECFP_259,0.00011429813392856562,1448
ECFP_549,0.00011380225797333848,1449
ECFP_424,0.00011184124164114026,1450
ECFP_1269,0.00011021691042208783,1451
ECFP_874,0.00010947186708890035,1452
ECFP_815,0.00010924041194203973,1453
ECFP_1617,0.00010893171666580902,1454
ECFP_509,0.00010891086830172737,1455
ECFP_290,0.00010879640645966114,1456
ECFP_1716,0.00010876277393380874,1457
ECFP_1930,0.00010874620841020114,1458
ECFP_514,0.00010837925130389829,1459
ECFP_972,0.00010648637993872703,1460
ECFP_688,0.00010607750300097972,1461
ECFP_662,0.00010573458231964746,1462
ECFP_1056,0.0001050076758976111,1463
ECFP_1018,0.00010360692338508328,1464
ECFP_778,0.00010113124798837477,1465
ECFP_1433,0.00010057886162707927,1466
ECFP_1702,0.0001002068895961913,1467
ECFP_1417,0.00010008040268682264,1468
ECFP_475,0.00010004094803277762,1469
ECFP_1364,9.942412646693191e-05,1470
ECFP_1045,9.70409201423934e-05,1471
ECFP_774,9.62090466549518e-05,1472
ECFP_383,9.529535998547649e-05,1473
ECFP_135,9.508921711982987e-05,1474
ECFP_1079,9.465076026040942e-05,1475
ECFP_1542,9.436128635249429e-05,1476
ECFP_143,9.408795049626448e-05,1477
ECFP_1883,9.374399880871851e-05,1478
ECFP_977,9.167360477039375e-05,1479
ECFP_1144,9.131513719898705e-05,1480
ECFP_1389,8.952239987230325e-05,1481
ECFP_1350,8.792448138856237e-05,1482
ECFP_1418,8.509619505961821e-05,1483
ECFP_1337,8.398343983249567e-05,1484
ECFP_1312,8.072064455177794e-05,1485
ECFP_24,7.87856441647605e-05,1486
ECFP_136,7.815563050587508e-05,1487
ECFP_299,7.790969546318658e-05,1488
ECFP_552,7.722402528740916e-05,1489
ECFP_1566,7.62031706415724e-05,1490
ECFP_1320,7.348188483577198e-05,1491
ECFP_1296,7.15251746732819e-05,1492
ECFP_1824,6.886828132843305e-05,1493
ECFP_1676,6.819366622835517e-05,1494
ECFP_649,6.814410583258504e-05,1495
ECFP_1038,6.77743147647654e-05,1496
ECFP_1882,6.765573548946117e-05,1497
ECFP_1048,6.754659840700943e-05,1498
ECFP_1222,6.731765939927348e-05,1499
ECFP_934,6.725440854355236e-05,1500
ECFP_1894,6.495778096064826e-05,1501
ECFP_1148,6.460495999201681e-05,1502
ECFP_681,6.360736337207659e-05,1503
ECFP_368,6.312869788900911e-05,1504
ECFP_390,6.252350715759149e-05,1505
ECFP_417,6.191185637552661e-05,1506
ECFP_1967,6.180578390175801e-05,1507
ECFP_1764,6.111405572018424e-05,1508
MACCS_31,6.010628830104766e-05,1509
ECFP_1328,5.942733963657897e-05,1510
ECFP_126,5.926180273496848e-05,1511
ECFP_1677,5.786578080065031e-05,1512
ECFP_1223,5.603548823242305e-05,1513
ECFP_423,5.529395853430912e-05,1514
ECFP_1546,5.4077996375639036e-05,1515
ECFP_1743,5.379789462549623e-05,1516
ECFP_1962,5.234170597614386e-05,1517
ECFP_103,5.023951356599493e-05,1518
ECFP_956,4.9798373276279664e-05,1519
ECFP_1153,4.941927544628535e-05,1520
ECFP_942,4.92775094736728e-05,1521
ECFP_1400,4.7221669106957965e-05,1522
ECFP_1637,4.539103263921458e-05,1523
ECFP_1926,4.472886852621954e-05,1524
ECFP_704,4.4469917961400304e-05,1525
ECFP_1331,4.314388968492579e-05,1526
ECFP_2025,4.277950249486282e-05,1527
MACCS_35,3.314778842167981e-05,1528
ECFP_907,3.302559842871799e-05,1529
PAS_19,3.222391429786252e-05,1530
ECFP_901,3.174914990368956e-05,1531
ECFP_1244,3.148471323329868e-05,1532
ECFP_1988,3.07985889316418e-05,1533
ECFP_2011,2.9940521203876897e-05,1534
ECFP_2015,2.8105007588258695e-05,1535
ECFP_900,2.53220278401715e-05,1536
ECFP_1577,2.4152999321293293e-05,1537
ECFP_2040,2.1318510746000846e-05,1538
ECFP_1544,2.022982465346603e-05,1539
ECFP_1608,1.85262070572194e-05,1540
ECFP_568,1.6168047039675742e-05,1541
ECFP_1551,6.7030513275868816e-06,1542
ECFP_31,0.0,1543
ECFP_1843,0.0,1544
ECFP_412,0.0,1545
ECFP_1897,0.0,1546
ECFP_411,0.0,1547
ECFP_365,0.0,1548
ECFP_415,0.0,1549
ECFP_137,0.0,1550
MACCS_148,0.0,1551
ECFP_1841,0.0,1552
ECFP_133,0.0,1553
ECFP_134,0.0,1554
ECFP_1898,0.0,1555
ECFP_28,0.0,1556
ECFP_128,0.0,1557
ECFP_33,0.0,1558
ECFP_1847,0.0,1559
ECFP_127,0.0,1560
ECFP_34,0.0,1561
ECFP_1901,0.0,1562
ECFP_1900,0.0,1563
ECFP_408,0.0,1564
ECFP_410,0.0,1565
ECFP_1838,0.0,1566
ECFP_1909,0.0,1567
ECFP_139,0.0,1568
ECFP_2,0.0,1569
ECFP_426,0.0,1570
ECFP_356,0.0,1571
ECFP_156,0.0,1572
ECFP_12,0.0,1573
ECFP_1821,0.0,1574
ECFP_14,0.0,1575
ECFP_154,0.0,1576
ECFP_1915,0.0,1577
ECFP_151,0.0,1578
ECFP_1825,0.0,1579
ECFP_18,0.0,1580
ECFP_359,0.0,1581
ECFP_21,0.0,1582
ECFP_1829,0.0,1583
ECFP_360,0.0,1584
ECFP_420,0.0,1585
ECFP_416,0.0,1586
ECFP_146,0.0,1587
ECFP_1836,0.0,1588
ECFP_1911,0.0,1589
ECFP_142,0.0,1590
ECFP_1837,0.0,1591
ECFP_42,0.0,1592
ECFP_1850,0.0,1593
ECFP_125,0.0,1594
ECFP_393,0.0,1595
ECFP_110,0.0,1596
ECFP_1879,0.0,1597
ECFP_388,0.0,1598
ECFP_85,0.0,1599
ECFP_109,0.0,1600
ECFP_1863,0.0,1601
sPAS_12,0.0,1602
ECFP_108,0.0,1603
ECFP_1865,0.0,1604
ECFP_86,0.0,1605
ECFP_104,0.0,1606
ECFP_1867,0.0,1607
ECFP_87,0.0,1608
ECFP_396,0.0,1609
ECFP_1869,0.0,1610
ECFP_88,0.0,1611
ECFP_1875,0.0,1612
ECFP_98,0.0,1613
ECFP_97,0.0,1614
ECFP_1873,0.0,1615
ECFP_162,0.0,1616
ECFP_1872,0.0,1617
ECFP_93,0.0,1618
ECFP_1870,0.0,1619
ECFP_89,0.0,1620
ECFP_1880,0.0,1621
ECFP_386,0.0,1622
ECFP_78,0.0,1623
ECFP_116,0.0,1624
ECFP_1852,0.0,1625
MACCS_159,0.0,1626
ECFP_48,0.0,1627
ECFP_122,0.0,1628
ECFP_121,0.0,1629
ECFP_1854,0.0,1630
ECFP_1891,0.0,1631
MACCS_162,0.0,1632
MACCS_163,0.0,1633
ECFP_1889,0.0,1634
ECFP_376,0.0,1635
ECFP_1886,0.0,1636
ECFP_76,0.0,1637
ECFP_50,0.0,1638
ECFP_56,0.0,1639
ECFP_1885,0.0,1640
ECFP_69,0.0,1641
ECFP_71,0.0,1642
ECFP_1858,0.0,1643
ECFP_72,0.0,1644
MACCS_165,0.0,1645
ECFP_74,0.0,1646
ECFP_403,0.0,1647
ECFP_112,0.0,1648
MACCS_2,0.0,1649
ECFP_195,0.0,1650
ECFP_355,0.0,1651
MACCS_44,0.0,1652
ECFP_2000,0.0,1653
ECFP_265,0.0,1654
ECFP_2002,0.0,1655
MACCS_41,0.0,1656
MACCS_39,0.0,1657
ECFP_266,0.0,1658
ECFP_300,0.0,1659
ECFP_298,0.0,1660
ECFP_2007,0.0,1661
ECFP_2008,0.0,1662
MACCS_37,0.0,1663
MACCS_36,0.0,1664
ECFP_2010,0.0,1665
ECFP_267,0.0,1666
ECFP_2014,0.0,1667
MACCS_29,0.0,1668
MACCS_28,0.0,1669
ECFP_264,0.0,1670
MACCS_45,0.0,1671
ECFP_295,0.0,1672
ECFP_1998,0.0,1673
ECFP_312,0.0,1674
ECFP_1987,0.0,1675
MACCS_58,0.0,1676
ECFP_1989,0.0,1677
ECFP_1990,0.0,1678
ECFP_255,0.0,1679
ECFP_258,0.0,1680
ECFP_1992,0.0,1681
ECFP_1993,0.0,1682
ECFP_260,0.0,1683
MACCS_51,0.0,1684
ECFP_1994,0.0,1685
ECFP_1995,0.0,1686
ECFP_1996,0.0,1687
ECFP_263,0.0,1688
MACCS_48,0.0,1689
MACCS_47,0.0,1690
ECFP_272,0.0,1691
MACCS_25,0.0,1692
ECFP_1921,0.0,1693
ECFP_2034,0.0,1694
MACCS_7,0.0,1695
ECFP_280,0.0,1696
MACCS_6,0.0,1697
ECFP_1817,0.0,1698
ECFP_2037,0.0,1699
ECFP_278,0.0,1700
ECFP_275,0.0,1701
ECFP_2041,0.0,1702
ECFP_2042,0.0,1703
ECFP_2043,0.0,1704
ECFP_2044,0.0,1705
ECFP_274,0.0,1706
ECFP_2046,0.0,1707
MACCS_4,0.0,1708
ECFP_2047,0.0,1709
MACCS_3,0.0,1710
MACCS_0,0.0,1711
ECFP_2035,0.0,1712
MACCS_8,0.0,1713
ECFP_2020,0.0,1714
MACCS_9,0.0,1715
ECFP_293,0.0,1716
ECFP_292,0.0,1717
MACCS_22,0.0,1718
MACCS_21,0.0,1719
MACCS_19,0.0,1720
MACCS_18,0.0,1721
MACCS_16,0.0,1722
MACCS_15,0.0,1723
MACCS_14,0.0,1724
ECFP_287,0.0,1725
ECFP_281,0.0,1726
MACCS_13,0.0,1727
MACCS_12,0.0,1728
ECFP_2030,0.0,1729
ECFP_2031,0.0,1730
MACCS_11,0.0,1731
MACCS_10,0.0,1732
ECFP_254,0.0,1733
ECFP_316,0.0,1734
ECFP_1981,0.0,1735
ECFP_1933,0.0,1736
ECFP_197,0.0,1737
MACCS_105,0.0,1738
ECFP_344,0.0,1739
ECFP_200,0.0,1740
ECFP_1937,0.0,1741
ECFP_1938,0.0,1742
ECFP_1939,0.0,1743
ECFP_1940,0.0,1744
ECFP_343,0.0,1745
ECFP_340,0.0,1746
ECFP_338,0.0,1747
ECFP_205,0.0,1748
MACCS_102,0.0,1749
ECFP_1945,0.0,1750
ECFP_1946,0.0,1751
MACCS_101,0.0,1752
ECFP_211,0.0,1753
ECFP_1934,0.0,1754
ECFP_196,0.0,1755
ECFP_317,0.0,1756
MACCS_1,0.0,1757
ECFP_354,0.0,1758
ECFP_353,0.0,1759
ECFP_351,0.0,1760
ECFP_164,0.0,1761
ECFP_169,0.0,1762
ECFP_173,0.0,1763
ECFP_175,0.0,1764
ECFP_178,0.0,1765
ECFP_179,0.0,1766
ECFP_180,0.0,1767
ECFP_182,0.0,1768
ECFP_183,0.0,1769
ECFP_184,0.0,1770
ECFP_185,0.0,1771
ECFP_347,0.0,1772
ECFP_188,0.0,1773
ECFP_189,0.0,1774
ECFP_1949,0.0,1775
ECFP_1950,0.0,1776
ECFP_214,0.0,1777
ECFP_215,0.0,1778
ECFP_329,0.0,1779
MACCS_78,0.0,1780
ECFP_1968,0.0,1781
ECFP_1969,0.0,1782
ECFP_1971,0.0,1783
ECFP_239,0.0,1784
ECFP_243,0.0,1785
MACCS_73,0.0,1786
ECFP_1973,0.0,1787
ECFP_323,0.0,1788
MACCS_71,0.0,1789
MACCS_70,0.0,1790
ECFP_246,0.0,1791
ECFP_247,0.0,1792
ECFP_321,0.0,1793
ECFP_253,0.0,1794
MACCS_60,0.0,1795
ECFP_1965,0.0,1796
ECFP_330,0.0,1797
ECFP_332,0.0,1798
ECFP_225,0.0,1799
ECFP_217,0.0,1800
ECFP_218,0.0,1801
ECFP_1951,0.0,1802
ECFP_219,0.0,1803
ECFP_335,0.0,1804
ECFP_220,0.0,1805
ECFP_223,0.0,1806
ECFP_226,0.0,1807
ECFP_233,0.0,1808
ECFP_227,0.0,1809
ECFP_1957,0.0,1810
ECFP_1958,0.0,1811
ECFP_1959,0.0,1812
ECFP_1960,0.0,1813
ECFP_228,0.0,1814
ECFP_229,0.0,1815
MACCS_5,0.0,1816
ECFP_1020,0.0,1817
ECFP_1816,0.0,1818
ECFP_1298,0.0,1819
ECFP_1276,0.0,1820
ECFP_849,0.0,1821
ECFP_848,0.0,1822
ECFP_1280,0.0,1823
ECFP_845,0.0,1824
ECFP_844,0.0,1825
ECFP_1285,0.0,1826
ECFP_842,0.0,1827
ECFP_1288,0.0,1828
ECFP_1292,0.0,1829
ECFP_837,0.0,1830
ECFP_834,0.0,1831
ECFP_1302,0.0,1832
ECFP_884,0.0,1833
ECFP_830,0.0,1834
ECFP_1304,0.0,1835
ECFP_1305,0.0,1836
ECFP_829,0.0,1837
ECFP_1307,0.0,1838
ECFP_828,0.0,1839
ECFP_1310,0.0,1840
ECFP_1311,0.0,1841
ECFP_816,0.0,1842
ECFP_814,0.0,1843
ECFP_813,0.0,1844
ECFP_812,0.0,1845
ECFP_1275,0.0,1846
ECFP_850,0.0,1847
ECFP_1270,0.0,1848
ECFP_852,0.0,1849
ECFP_1230,0.0,1850
ECFP_882,0.0,1851
ECFP_1232,0.0,1852
ECFP_1233,0.0,1853
ECFP_881,0.0,1854
ECFP_879,0.0,1855
ECFP_877,0.0,1856
ECFP_876,0.0,1857
ECFP_1241,0.0,1858
ECFP_1242,0.0,1859
ECFP_1246,0.0,1860
ECFP_1247,0.0,1861
ECFP_1248,0.0,1862
ECFP_869,0.0,1863
ECFP_1251,0.0,1864
ECFP_1252,0.0,1865
ECFP_1254,0.0,1866
ECFP_1255,0.0,1867
ECFP_1256,0.0,1868
ECFP_868,0.0,1869
ECFP_862,0.0,1870
ECFP_1261,0.0,1871
ECFP_856,0.0,1872
ECFP_1263,0.0,1873
ECFP_855,0.0,1874
ECFP_811,0.0,1875
ECFP_808,0.0,1876
ECFP_806,0.0,1877
ECFP_1377,0.0,1878
ECFP_1379,0.0,1879
ECFP_1380,0.0,1880
ECFP_1381,0.0,1881
ECFP_1383,0.0,1882
ECFP_775,0.0,1883
ECFP_770,0.0,1884
ECFP_769,0.0,1885
ECFP_768,0.0,1886
ECFP_764,0.0,1887
ECFP_763,0.0,1888
ECFP_761,0.0,1889
ECFP_1399,0.0,1890
ECFP_1401,0.0,1891
ECFP_1402,0.0,1892
ECFP_1404,0.0,1893
ECFP_759,0.0,1894
ECFP_1408,0.0,1895
ECFP_758,0.0,1896
ECFP_752,0.0,1897
ECFP_749,0.0,1898
ECFP_1414,0.0,1899
ECFP_1415,0.0,1900
ECFP_1416,0.0,1901
ECFP_1420,0.0,1902
ECFP_1421,0.0,1903
ECFP_777,0.0,1904
ECFP_1376,0.0,1905
ECFP_805,0.0,1906
ECFP_1375,0.0,1907
ECFP_1333,0.0,1908
ECFP_804,0.0,1909
ECFP_1335,0.0,1910
ECFP_1336,0.0,1911
ECFP_1338,0.0,1912
ECFP_1340,0.0,1913
ECFP_803,0.0,1914
ECFP_1343,0.0,1915
ECFP_1344,0.0,1916
ECFP_1345,0.0,1917
ECFP_1347,0.0,1918
ECFP_798,0.0,1919
ECFP_797,0.0,1920
ECFP_795,0.0,1921
ECFP_793,0.0,1922
ECFP_1355,0.0,1923
ECFP_791,0.0,1924
ECFP_1358,0.0,1925
ECFP_789,0.0,1926
ECFP_1363,0.0,1927
ECFP_1365,0.0,1928
ECFP_784,0.0,1929
ECFP_782,0.0,1930
ECFP_780,0.0,1931
ECFP_1372,0.0,1932
ECFP_883,0.0,1933
ECFP_885,0.0,1934
ECFP_1815,0.0,1935
ECFP_980,0.0,1936
ECFP_1077,0.0,1937
ECFP_990,0.0,1938
ECFP_1080,0.0,1939
ECFP_989,0.0,1940
ECFP_987,0.0,1941
ECFP_986,0.0,1942
ECFP_1085,0.0,1943
ECFP_1086,0.0,1944
ECFP_982,0.0,1945
ECFP_1089,0.0,1946
ECFP_1091,0.0,1947
ECFP_1092,0.0,1948
ECFP_1094,0.0,1949
ECFP_1225,0.0,1950
ECFP_1095,0.0,1951
ECFP_979,0.0,1952
ECFP_978,0.0,1953
ECFP_1100,0.0,1954
ECFP_1102,0.0,1955
ECFP_1103,0.0,1956
ECFP_1105,0.0,1957
ECFP_1106,0.0,1958
ECFP_1107,0.0,1959
ECFP_1108,0.0,1960
ECFP_1111,0.0,1961
ECFP_1112,0.0,1962
ECFP_1075,0.0,1963
ECFP_1073,0.0,1964
ECFP_992,0.0,1965
ECFP_994,0.0,1966
ECFP_1026,0.0,1967
ECFP_1019,0.0,1968
ECFP_1028,0.0,1969
ECFP_1033,0.0,1970
ECFP_1015,0.0,1971
ECFP_1036,0.0,1972
ECFP_1014,0.0,1973
ECFP_1012,0.0,1974
ECFP_1011,0.0,1975
ECFP_1043,0.0,1976
ECFP_1044,0.0,1977
ECFP_1046,0.0,1978
ECFP_1049,0.0,1979
ECFP_1007,0.0,1980
ECFP_1053,0.0,1981
ECFP_1002,0.0,1982
ECFP_1055,0.0,1983
ECFP_1057,0.0,1984
ECFP_1001,0.0,1985
ECFP_1061,0.0,1986
ECFP_999,0.0,1987
ECFP_1064,0.0,1988
ECFP_998,0.0,1989
ECFP_997,0.0,1990
ECFP_1067,0.0,1991
ECFP_1113,0.0,1992
ECFP_971,0.0,1993
ECFP_969,0.0,1994
ECFP_1170,0.0,1995
ECFP_1176,0.0,1996
ECFP_1179,0.0,1997
ECFP_922,0.0,1998
ECFP_920,0.0,1999
ECFP_919,0.0,2000
ECFP_915,0.0,2001
ECFP_914,0.0,2002
ECFP_1192,0.0,2003
ECFP_1193,0.0,2004
ECFP_1194,0.0,2005
ECFP_1196,0.0,2006
ECFP_906,0.0,2007
ECFP_904,0.0,2008
ECFP_902,0.0,2009
ECFP_1203,0.0,2010
ECFP_1206,0.0,2011
ECFP_1207,0.0,2012
ECFP_1209,0.0,2013
ECFP_1210,0.0,2014
ECFP_1211,0.0,2015
ECFP_897,0.0,2016
ECFP_895,0.0,2017
ECFP_1219,0.0,2018
ECFP_889,0.0,2019
ECFP_887,0.0,2020
ECFP_1173,0.0,2021
ECFP_930,0.0,2022
ECFP_1120,0.0,2023
ECFP_1167,0.0,2024
ECFP_1121,0.0,2025
ECFP_967,0.0,2026
ECFP_1123,0.0,2027
ECFP_966,0.0,2028
ECFP_1125,0.0,2029
ECFP_1126,0.0,2030
ECFP_964,0.0,2031
ECFP_963,0.0,2032
ECFP_1130,0.0,2033
ECFP_1131,0.0,2034
ECFP_962,0.0,2035
ECFP_1133,0.0,2036
ECFP_1134,0.0,2037
ECFP_1135,0.0,2038
ECFP_1136,0.0,2039
ECFP_961,0.0,2040
ECFP_958,0.0,2041
ECFP_954,0.0,2042
ECFP_948,0.0,2043
ECFP_946,0.0,2044
ECFP_1156,0.0,2045
ECFP_938,0.0,2046
ECFP_1159,0.0,2047
ECFP_1160,0.0,2048
ECFP_1166,0.0,2049
ECFP_747,0.0,2050
ECFP_746,0.0,2051
ECFP_1426,0.0,2052
ECFP_1704,0.0,2053
ECFP_1687,0.0,2054
ECFP_531,0.0,2055
ECFP_530,0.0,2056
ECFP_1690,0.0,2057
ECFP_529,0.0,2058
ECFP_527,0.0,2059
ECFP_526,0.0,2060
ECFP_523,0.0,2061
ECFP_1697,0.0,2062
ECFP_522,0.0,2063
ECFP_1701,0.0,2064
ECFP_521,0.0,2065
ECFP_1706,0.0,2066
ECFP_1427,0.0,2067
ECFP_1707,0.0,2068
ECFP_517,0.0,2069
ECFP_515,0.0,2070
ECFP_513,0.0,2071
ECFP_1712,0.0,2072
ECFP_1713,0.0,2073
ECFP_512,0.0,2074
ECFP_1719,0.0,2075
ECFP_1720,0.0,2076
ECFP_507,0.0,2077
ECFP_1723,0.0,2078
ECFP_1724,0.0,2079
ECFP_532,0.0,2080
ECFP_1680,0.0,2081
ECFP_1678,0.0,2082
ECFP_1675,0.0,2083
ECFP_1624,0.0,2084
ECFP_1627,0.0,2085
ECFP_1628,0.0,2086
ECFP_576,0.0,2087
ECFP_575,0.0,2088
ECFP_574,0.0,2089
ECFP_566,0.0,2090
ECFP_560,0.0,2091
ECFP_559,0.0,2092
ECFP_558,0.0,2093
ECFP_556,0.0,2094
ECFP_1647,0.0,2095
ECFP_555,0.0,2096
ECFP_1652,0.0,2097
ECFP_550,0.0,2098
ECFP_547,0.0,2099
ECFP_1658,0.0,2100
ECFP_1659,0.0,2101
ECFP_1660,0.0,2102
ECFP_546,0.0,2103
ECFP_1666,0.0,2104
ECFP_1668,0.0,2105
ECFP_542,0.0,2106
ECFP_538,0.0,2107
ECFP_1674,0.0,2108
ECFP_1725,0.0,2109
ECFP_1730,0.0,2110
ECFP_503,0.0,2111
ECFP_468,0.0,2112
ECFP_1781,0.0,2113
ECFP_1782,0.0,2114
ECFP_1783,0.0,2115
ECFP_467,0.0,2116
ECFP_1786,0.0,2117
ECFP_466,0.0,2118
ECFP_464,0.0,2119
ECFP_460,0.0,2120
ECFP_459,0.0,2121
ECFP_1793,0.0,2122
ECFP_456,0.0,2123
ECFP_1795,0.0,2124
ECFP_1796,0.0,2125
ECFP_452,0.0,2126
ECFP_1798,0.0,2127
ECFP_450,0.0,2128
ECFP_448,0.0,2129
ECFP_1801,0.0,2130
ECFP_1804,0.0,2131
ECFP_444,0.0,2132
ECFP_442,0.0,2133
ECFP_436,0.0,2134
ECFP_434,0.0,2135
ECFP_1812,0.0,2136
ECFP_430,0.0,2137
ECFP_1779,0.0,2138
ECFP_1777,0.0,2139
ECFP_1733,0.0,2140
ECFP_469,0.0,2141
ECFP_1734,0.0,2142
ECFP_499,0.0,2143
ECFP_1739,0.0,2144
ECFP_496,0.0,2145
ECFP_1742,0.0,2146
ECFP_1745,0.0,2147
ECFP_1746,0.0,2148
ECFP_495,0.0,2149
ECFP_493,0.0,2150
ECFP_487,0.0,2151
ECFP_1752,0.0,2152
ECFP_1753,0.0,2153
ECFP_483,0.0,2154
ECFP_482,0.0,2155
ECFP_481,0.0,2156
ECFP_1758,0.0,2157
ECFP_480,0.0,2158
ECFP_478,0.0,2159
ECFP_476,0.0,2160
ECFP_474,0.0,2161
ECFP_1769,0.0,2162
ECFP_1770,0.0,2163
ECFP_1771,0.0,2164
ECFP_1773,0.0,2165
ECFP_1774,0.0,2166
ECFP_584,0.0,2167
ECFP_1616,0.0,2168
ECFP_1615,0.0,2169
ECFP_690,0.0,2170
ECFP_687,0.0,2171
ECFP_1480,0.0,2172
ECFP_1481,0.0,2173
ECFP_686,0.0,2174
ECFP_1485,0.0,2175
ECFP_679,0.0,2176
ECFP_678,0.0,2177
ECFP_677,0.0,2178
ECFP_671,0.0,2179
ECFP_1494,0.0,2180
ECFP_667,0.0,2181
ECFP_1497,0.0,2182
ECFP_665,0.0,2183
ECFP_1499,0.0,2184
ECFP_1500,0.0,2185
ECFP_1502,0.0,2186
ECFP_1506,0.0,2187
ECFP_658,0.0,2188
ECFP_1508,0.0,2189
ECFP_1510,0.0,2190
ECFP_1512,0.0,2191
ECFP_1513,0.0,2192
ECFP_652,0.0,2193
ECFP_1518,0.0,2194
ECFP_1519,0.0,2195
ECFP_689,0.0,2196
ECFP_691,0.0,2197
ECFP_1524,0.0,2198
ECFP_692,0.0,2199
ECFP_744,0.0,2200
ECFP_741,0.0,2201
ECFP_1432,0.0,2202
ECFP_737,0.0,2203
ECFP_1435,0.0,2204
ECFP_736,0.0,2205
ECFP_733,0.0,2206
ECFP_732,0.0,2207
ECFP_731,0.0,2208
ECFP_730,0.0,2209
ECFP_1441,0.0,2210
ECFP_1446,0.0,2211
ECFP_1448,0.0,2212
ECFP_1449,0.0,2213
ECFP_1450,0.0,2214
ECFP_717,0.0,2215
ECFP_1454,0.0,2216
ECFP_1455,0.0,2217
ECFP_1458,0.0,2218
ECFP_714,0.0,2219
ECFP_1461,0.0,2220
ECFP_710,0.0,2221
ECFP_708,0.0,2222
ECFP_702,0.0,2223
ECFP_1473,0.0,2224
ECFP_1522,0.0,2225
ECFP_1528,0.0,2226
ECFP_586,0.0,2227
ECFP_1573,0.0,2228
ECFP_1578,0.0,2229
ECFP_1579,0.0,2230
ECFP_618,0.0,2231
ECFP_1581,0.0,2232
ECFP_1584,0.0,2233
ECFP_1585,0.0,2234
ECFP_1586,0.0,2235
ECFP_1587,0.0,2236
ECFP_1588,0.0,2237
ECFP_1590,0.0,2238
ECFP_605,0.0,2239
ECFP_604,0.0,2240
ECFP_603,0.0,2241
ECFP_602,0.0,2242
ECFP_600,0.0,2243
ECFP_598,0.0,2244
ECFP_595,0.0,2245
ECFP_1603,0.0,2246
ECFP_592,0.0,2247
ECFP_1605,0.0,2248
ECFP_1606,0.0,2249
ECFP_591,0.0,2250
ECFP_589,0.0,2251
ECFP_1610,0.0,2252
ECFP_588,0.0,2253
ECFP_622,0.0,2254
ECFP_1572,0.0,2255
ECFP_1529,0.0,2256
ECFP_1571,0.0,2257
ECFP_644,0.0,2258
ECFP_643,0.0,2259
ECFP_1533,0.0,2260
ECFP_1534,0.0,2261
ECFP_642,0.0,2262
ECFP_641,0.0,2263
ECFP_640,0.0,2264
ECFP_1538,0.0,2265
ECFP_1539,0.0,2266
ECFP_1540,0.0,2267
ECFP_1541,0.0,2268
ECFP_1545,0.0,2269
ECFP_1548,0.0,2270
ECFP_1549,0.0,2271
ECFP_636,0.0,2272
ECFP_1557,0.0,2273
ECFP_1558,0.0,2274
ECFP_631,0.0,2275
ECFP_1562,0.0,2276
ECFP_1563,0.0,2277
ECFP_1564,0.0,2278
ECFP_1565,0.0,2279
ECFP_629,0.0,2280
ECFP_627,0.0,2281
ECFP_624,0.0,2282
ECFP_0,0.0,2283
