subset_name,rank,feature_1,feature_2,mean_abs_interaction
seed42_ref,1,MACCS_129,geo:signed_dihedral_subst_c_rn1_rn2,0.04656188189983368
seed42_ref,2,geo:signed_tetra_volume,geo:subst_to_ringplane_signed_dist,0.026993732899427414
seed42_ref,3,ECFP_1412,PAS_5,0.023471923545002937
seed42_ref,4,MACCS_62,geo:signed_tetra_volume,0.022931648418307304
seed42_ref,5,PAS_5,geo:signed_tetra_volume,0.018890758976340294
seed42_ref,6,ECFP_1412,geo:signed_tetra_volume,0.018112294375896454
seed42_ref,7,solvent_code,geo:signed_dihedral_subst_c_rn1_rn2,0.017310304567217827
seed42_ref,8,3D_Sphero,geo:signed_tetra_volume,0.016095709055662155
seed42_ref,9,ECFP_1325,geo:signed_tetra_volume,0.015601523220539093
seed42_ref,10,geo:subst_to_ringplane_signed_dist,geo:baseline_pm_dihedral_sin,0.015393818728625774
seed42_ref,11,MACCS_118,geo:signed_tetra_volume,0.015065967105329037
seed42_ref,12,MACCS_129,geo:signed_tetra_volume,0.015048051252961159
seed42_ref,13,MACCS_128,geo:signed_dihedral_subst_c_rn1_rn2,0.014874892309308052
seed42_ref,14,geo:signed_tetra_volume,geo:signed_dihedral_NS_path,0.014714762568473816
seed42_ref,15,MACCS_125,geo:signed_tetra_volume,0.014353472739458084
seed42_ref,16,ECFP_1279,geo:signed_tetra_volume,0.013559062965214252
seed42_ref,17,sPAS_10,geo:signed_tetra_volume,0.013373049907386303
seed42_ref,18,PAS_15,geo:baseline_pm_dihedral_sin,0.013157511129975319
seed42_ref,19,geo:signed_dihedral_subst_c_rn1_rn2,geo:baseline_pm_dihedral_cos,0.013023747131228447
seed42_ref,20,ECFP_1047,geo:signed_tetra_volume,0.012323332950472832
seed42_ref,21,geo:signed_tetra_volume,geo:signed_dihedral_subst_c_rn1_rn2,0.012108858674764633
seed42_ref,22,geo:signed_tetra_volume,geo:ringnormal_dot_substvec,0.012033752165734768
seed42_ref,23,ECFP_1419,geo:baseline_pm_dihedral_sin,0.012024407275021076
seed42_ref,24,PAS_10,geo:baseline_pm_dihedral_sin,0.011470279656350613
seed42_ref,25,ECFP_1412,PAS_15,0.011344035156071186
seed42_ref,26,MolLogP,dihedral,0.011222012341022491
seed42_ref,27,PAS_15,geo:signed_tetra_volume,0.011040505021810532
seed42_ref,28,3D_Ecc,3D_Asph,0.01098538376390934
seed42_ref,29,MolLogP,geo:signed_tetra_volume,0.010870169848203659
seed42_ref,30,geo:signed_tetra_volume,geo:baseline_pm_dihedral_sin,0.010806399397552013
seed42_ref,31,geo:baseline_pm_dihedral_sin,geo:baseline_pm_dihedral_cos,0.010754087939858437
seed42_ref,32,ECFP_1412,PAS_10,0.010488796979188919
seed42_ref,33,3D_Sphero,geo:ringnormal_dot_substvec,0.010264669544994831
seed42_ref,34,sPAS_5,geo:signed_dihedral_NS_path,0.0102241775020957
seed42_ref,35,MACCS_147,geo:signed_tetra_volume,0.010159831494092941
seed42_ref,36,sPAS_10,dihedral,0.00986496452242136
seed42_ref,37,3D_NPR2,geo:signed_dihedral_NS_path,0.009611568413674831
seed42_ref,38,ECFP_1419,geo:signed_dihedral_subst_c_rn1_rn2,0.009510702453553677
seed42_ref,39,3D_PMI3,3D_RoG,0.009497642517089844
seed42_ref,40,PAS_10,geo:signed_tetra_volume,0.009467190131545067
seed42_ref,41,geo:ringnormal_dot_substvec,geo:baseline_pm_dihedral_sin,0.009445615112781525
seed42_ref,42,solvent_code,geo:signed_tetra_volume,0.009354670532047749
seed42_ref,43,3D_Ecc,geo:signed_tetra_volume,0.009295840747654438
seed42_ref,44,sPAS_0,geo:baseline_pm_dihedral_sin,0.009205658920109272
seed42_ref,45,dihedral,geo:signed_tetra_volume,0.009074591100215912
seed42_ref,46,ECFP_1412,sPAS_10,0.008972118608653545
seed42_ref,47,3D_NPR2,geo:signed_tetra_volume,0.008850114420056343
seed42_ref,48,ECFP_1412,geo:baseline_pm_dihedral_sin,0.008771855384111404
seed42_ref,49,3D_RoG,dihedral,0.008661465719342232
seed42_ref,50,MACCS_98,geo:signed_tetra_volume,0.008580351248383522
seed42_ref,51,MACCS_150,geo:signed_dihedral_subst_c_rn1_rn2,0.00852974783629179
seed42_ref,52,ECFP_1412,MACCS_121,0.008512664586305618
seed42_ref,53,ECFP_231,ECFP_1412,0.008478348143398762
seed42_ref,54,sPAS_0,dihedral,0.008406592532992363
seed42_ref,55,3D_Sphero,geo:signed_dihedral_subst_c_rn1_rn2,0.008372439071536064
seed42_ref,56,PAS_0,geo:signed_tetra_volume,0.008227307349443436
seed42_ref,57,TPSA,geo:signed_dihedral_NS_path,0.00815361738204956
seed42_ref,58,TPSA,geo:signed_dihedral_subst_c_rn1_rn2,0.007990014739334583
seed42_ref,59,3D_PMI1,geo:signed_tetra_volume,0.007866612635552883
seed42_ref,60,ECFP_1412,sPAS_5,0.007831343449652195
seed42_ref,61,geo:signed_dihedral_subst_c_rn1_rn2,geo:baseline_pm_dihedral_sin,0.007814128883183002
seed42_ref,62,ECFP_242,geo:signed_tetra_volume,0.007800884544849396
seed42_ref,63,MolLogP,geo:baseline_pm_dihedral_sin,0.007743708789348602
seed42_ref,64,3D_RoG,geo:baseline_pm_dihedral_sin,0.007742846384644508
seed42_ref,65,MACCS_62,geo:signed_dihedral_subst_c_rn1_rn2,0.0077262818813323975
seed42_ref,66,NumAromRings,geo:signed_tetra_volume,0.007658486720174551
seed42_ref,67,ECFP_1465,sPAS_0,0.007449450436979532
seed42_ref,68,MolWt,dihedral,0.007446181494742632
seed42_ref,69,TPSA,geo:signed_tetra_volume,0.007409091107547283
seed42_ref,70,sPAS_5,dihedral,0.0074075195007026196
seed42_ref,71,sPAS_10,geo:signed_dihedral_subst_c_rn1_rn2,0.0073982360772788525
seed42_ref,72,dihedral,geo:signed_dihedral_subst_c_rn1_rn2,0.007333639543503523
seed42_ref,73,ECFP_301,geo:signed_tetra_volume,0.007272978313267231
seed42_ref,74,ECFP_1114,geo:signed_tetra_volume,0.007258242461830378
seed42_ref,75,MolWt,geo:baseline_pm_dihedral_sin,0.007218630518764257
seed42_ref,76,dihedral,geo:subst_to_ringplane_signed_dist,0.007182341068983078
seed42_ref,77,sPAS_10,PAS_5,0.007126514799892902
seed42_ref,78,geo:signed_tetra_volume,geo:baseline_pm_dihedral_cos,0.007115228101611137
seed42_ref,79,PAS_5,dihedral,0.007043946068733931
seed42_ref,80,3D_ISF,geo:signed_dihedral_subst_c_rn1_rn2,0.007033232133835554
seed42_ref,81,3D_NPR1,geo:signed_tetra_volume,0.0070303031243383884
seed42_ref,82,geo:signed_dihedral_subst_c_rn1_rn2,geo:signed_dihedral_NS_path,0.00701846182346344
seed42_ref,83,MACCS_150,geo:signed_tetra_volume,0.007010129280388355
seed42_ref,84,3D_Asph,geo:signed_tetra_volume,0.006906246766448021
seed42_ref,85,MolLogP,geo:ringnormal_dot_substvec,0.006848226301372051
seed42_ref,86,sPAS_15,geo:signed_tetra_volume,0.00680468650534749
seed42_ref,87,MolWt,geo:signed_tetra_volume,0.006801164243370295
seed42_ref,88,MACCS_128,geo:signed_tetra_volume,0.006743426434695721
seed42_ref,89,ECFP_231,geo:signed_tetra_volume,0.0067400140687823296
seed42_ref,90,3D_PMI2,geo:baseline_pm_dihedral_sin,0.006737273186445236
seed42_ref,91,MolLogP,geo:signed_dihedral_NS_path,0.006721509620547295
seed42_ref,92,sPAS_5,geo:signed_tetra_volume,0.006635721772909164
seed42_ref,93,ECFP_301,geo:signed_dihedral_subst_c_rn1_rn2,0.0065870643593370914
seed42_ref,94,geo:ringnormal_dot_substvec,geo:signed_dihedral_NS_path,0.00653346860781312
seed42_ref,95,MACCS_118,geo:signed_dihedral_subst_c_rn1_rn2,0.0065316795371472836
seed42_ref,96,3D_RoG,geo:signed_dihedral_subst_c_rn1_rn2,0.0065229469910264015
seed42_ref,97,sPAS_5,geo:signed_dihedral_subst_c_rn1_rn2,0.006445758044719696
seed42_ref,98,MolWt,3D_PMI3,0.006344481371343136
seed42_ref,99,sPAS_0,geo:signed_dihedral_NS_path,0.006331630516797304
seed42_ref,100,ECFP_1342,sPAS_0,0.006316186394542456
seed42_ref,101,TPSA,dihedral,0.006296504754573107
seed42_ref,102,sPAS_0,geo:signed_dihedral_subst_c_rn1_rn2,0.006287713069468737
seed42_ref,103,sPAS_0,geo:signed_tetra_volume,0.006247603800147772
seed42_ref,104,ECFP_1325,PAS_15,0.006230325438082218
seed42_ref,105,sPAS_10,geo:baseline_pm_dihedral_sin,0.006107577588409185
seed42_ref,106,ECFP_1905,geo:signed_tetra_volume,0.0060894000343978405
seed42_ref,107,ECFP_1412,sPAS_0,0.006061925087124109
seed42_ref,108,ECFP_753,PAS_5,0.006038961466401815
seed42_ref,109,PAS_5,geo:baseline_pm_dihedral_sin,0.00603051483631134
seed42_ref,110,MACCS_121,geo:signed_tetra_volume,0.005991925019770861
seed42_ref,111,3D_Sphero,geo:subst_to_ringplane_signed_dist,0.005948938895016909
seed42_ref,112,sPAS_9,PAS_0,0.005904335528612137
seed42_ref,113,MolLogP,geo:signed_dihedral_subst_c_rn1_rn2,0.005876278504729271
seed42_ref,114,3D_Sphero,dihedral,0.005850410088896751
seed42_ref,115,sPAS_5,pm_code,0.0057702502235770226
seed42_ref,116,3D_PMI2,geo:signed_tetra_volume,0.005767869763076305
seed42_ref,117,TPSA,sPAS_0,0.005731315817683935
seed42_ref,118,3D_Sphero,geo:baseline_pm_dihedral_cos,0.005729813128709793
seed42_ref,119,3D_RoG,geo:signed_tetra_volume,0.005729008466005325
seed42_ref,120,3D_PMI1,3D_ISF,0.005722998641431332
seed42_ref,121,ECFP_1419,geo:signed_tetra_volume,0.005703839473426342
seed42_ref,122,3D_Sphero,geo:baseline_pm_dihedral_sin,0.005692034959793091
seed42_ref,123,3D_Sphero,geo:signed_dihedral_NS_path,0.005688203498721123
seed42_ref,124,TPSA,3D_Sphero,0.005649025086313486
seed42_ref,125,ECFP_1935,sPAS_10,0.005628425627946854
seed42_ref,126,PAS_10,geo:signed_dihedral_subst_c_rn1_rn2,0.0055909911170601845
seed42_ref,127,geo:subst_to_ringplane_signed_dist,geo:signed_dihedral_NS_path,0.005572782829403877
seed42_ref,128,PAS_10,dihedral,0.005560212302953005
seed42_ref,129,ECFP_794,geo:signed_tetra_volume,0.005541583523154259
seed42_ref,130,ECFP_1881,MACCS_90,0.005530291702598333
seed42_ref,131,3D_PMI3,geo:signed_tetra_volume,0.0055131069384515285
seed42_ref,132,MACCS_97,geo:signed_tetra_volume,0.005500506609678268
seed42_ref,133,ECFP_66,ECFP_231,0.005458204075694084
seed42_ref,134,3D_NPR1,3D_Asph,0.005450334865599871
seed42_ref,135,TPSA,geo:baseline_pm_dihedral_sin,0.005411273799836636
seed42_ref,136,PAS_15,geo:signed_dihedral_NS_path,0.00540736922994256
seed42_ref,137,sPAS_0,sPAS_5,0.005405884701758623
seed42_ref,138,3D_ISF,geo:signed_tetra_volume,0.0053989216685295105
seed42_ref,139,ECFP_294,geo:signed_tetra_volume,0.0053022922948002815
seed42_ref,140,ECFP_429,ECFP_1881,0.005153977777808905
seed42_ref,141,PAS_5,geo:subst_to_ringplane_signed_dist,0.005095471628010273
seed42_ref,142,MolLogP,geo:subst_to_ringplane_signed_dist,0.005081392824649811
seed42_ref,143,PAS_5,3D_Sphero,0.005062413401901722
seed42_ref,144,ECFP_429,geo:signed_tetra_volume,0.005043183919042349
seed42_ref,145,geo:ringnormal_dot_substvec,geo:signed_dihedral_subst_c_rn1_rn2,0.005033968482166529
seed42_ref,146,MACCS_155,geo:signed_dihedral_subst_c_rn1_rn2,0.005018704105168581
seed42_ref,147,sPAS_0,3D_RoG,0.005014821421355009
seed42_ref,148,PAS_0,geo:baseline_pm_dihedral_sin,0.004987992346286774
seed42_ref,149,3D_Sphero,solvent_code,0.004976187366992235
seed42_ref,150,MolLogP,3D_Sphero,0.004948286339640617
seed42_ref,151,ECFP_751,ECFP_1412,0.004937546327710152
seed42_ref,152,ECFP_650,geo:signed_tetra_volume,0.004922145511955023
seed42_ref,153,NumAromRings,geo:signed_dihedral_subst_c_rn1_rn2,0.004896106664091349
seed42_ref,154,ECFP_1437,geo:signed_dihedral_NS_path,0.004878165200352669
seed42_ref,155,sPAS_18,geo:signed_dihedral_subst_c_rn1_rn2,0.004862324800342321
seed42_ref,156,ECFP_1325,geo:baseline_pm_dihedral_sin,0.004847020376473665
seed42_ref,157,solvent_code,geo:signed_dihedral_NS_path,0.004845843184739351
seed42_ref,158,ECFP_1772,PAS_5,0.0048281229101121426
seed42_ref,159,ECFP_1419,PAS_5,0.004792902618646622
seed42_ref,160,ECFP_1321,geo:signed_tetra_volume,0.004788986872881651
seed42_ref,161,ECFP_301,geo:baseline_pm_dihedral_sin,0.004784468095749617
seed42_ref,162,MolWt,3D_RoG,0.004726515617221594
seed42_ref,163,sPAS_0,pm_code,0.004723777528852224
seed42_ref,164,ECFP_1412,MACCS_143,0.004719167947769165
seed42_ref,165,dihedral,geo:baseline_pm_dihedral_cos,0.0047089457511901855
seed42_ref,166,dihedral,geo:ringnormal_dot_substvec,0.004702155478298664
seed42_ref,167,NumRotBonds,geo:signed_tetra_volume,0.004657199140638113
seed42_ref,168,ECFP_1412,PAS_18,0.004654430318623781
seed42_ref,169,ECFP_1114,sPAS_10,0.004610488656908274
seed42_ref,170,3D_ISF,geo:signed_dihedral_NS_path,0.004599432460963726
seed42_ref,171,3D_NPR2,geo:subst_to_ringplane_signed_dist,0.004570662975311279
seed42_ref,172,PAS_5,3D_RoG,0.004557406529784203
seed42_ref,173,PAS_5,3D_Ecc,0.004551548045128584
seed42_ref,174,MACCS_85,geo:signed_dihedral_NS_path,0.004527796059846878
seed42_ref,175,sPAS_15,dihedral,0.004524931311607361
seed42_ref,176,TPSA,sPAS_5,0.004435624461621046
seed42_ref,177,geo:subst_to_ringplane_signed_dist,geo:signed_dihedral_subst_c_rn1_rn2,0.004430381581187248
seed42_ref,178,MolWt,geo:subst_to_ringplane_signed_dist,0.004428875166922808
seed42_ref,179,MolWt,geo:signed_dihedral_subst_c_rn1_rn2,0.004412948619574308
seed42_ref,180,RingCount,geo:signed_tetra_volume,0.004411450587213039
seed42_ref,181,PAS_5,3D_NPR1,0.004375946242362261
seed42_ref,182,MACCS_158,sPAS_10,0.00435972772538662
seed42_ref,183,ECFP_656,geo:signed_tetra_volume,0.004350604023784399
seed42_ref,184,ECFP_1326,geo:signed_dihedral_NS_path,0.004272032994776964
seed42_ref,185,PAS_18,geo:signed_tetra_volume,0.0042502074502408504
seed42_ref,186,ECFP_1114,geo:signed_dihedral_NS_path,0.004190550185739994
seed42_ref,187,ECFP_1279,PAS_5,0.004190092906355858
seed42_ref,188,sPAS_10,geo:signed_dihedral_NS_path,0.004177889320999384
seed42_ref,189,ECFP_231,MACCS_118,0.004158821888267994
seed42_ref,190,PAS_5,geo:signed_dihedral_NS_path,0.004111538641154766
seed42_ref,191,ECFP_1881,MACCS_118,0.004109874367713928
seed42_ref,192,MACCS_90,solvent_code,0.00410829484462738
seed42_ref,193,ECFP_750,MACCS_158,0.004104924853891134
seed42_ref,194,PAS_5,PAS_10,0.004095891024917364
seed42_ref,195,PAS_2,geo:signed_tetra_volume,0.004095172975212336
seed42_ref,196,MACCS_132,geo:baseline_pm_dihedral_cos,0.004062403459101915
seed42_ref,197,sPAS_5,PAS_0,0.0040595876052975655
seed42_ref,198,PAS_15,geo:signed_dihedral_subst_c_rn1_rn2,0.004058580845594406
seed42_ref,199,ECFP_66,ECFP_1321,0.004050304647535086
seed42_ref,200,MolWt,geo:ringnormal_dot_substvec,0.00403886754065752
seed42_ref,201,MACCS_125,geo:signed_dihedral_subst_c_rn1_rn2,0.004030977375805378
seed42_ref,202,ECFP_1419,PAS_10,0.004029703792184591
seed42_ref,203,ECFP_1114,PAS_5,0.003987789619714022
seed42_ref,204,3D_PMI3,geo:baseline_pm_dihedral_sin,0.003965297713875771
seed42_ref,205,PAS_13,geo:signed_tetra_volume,0.003951681777834892
seed42_ref,206,ECFP_66,geo:signed_tetra_volume,0.0039090970531105995
seed42_ref,207,ECFP_943,PAS_5,0.0038980054669082165
seed42_ref,208,MolWt,3D_PMI2,0.0038747391663491726
seed42_ref,209,3D_PMI3,geo:signed_dihedral_subst_c_rn1_rn2,0.0038648603949695826
seed42_ref,210,PAS_5,geo:signed_dihedral_subst_c_rn1_rn2,0.0038367866072803736
seed42_ref,211,3D_Asph,geo:baseline_pm_dihedral_sin,0.003816071432083845
seed42_ref,212,PAS_0,dihedral,0.0038088103756308556
seed42_ref,213,ECFP_1464,PAS_10,0.003794900607317686
seed42_ref,214,3D_NPR2,geo:signed_dihedral_subst_c_rn1_rn2,0.0037935120053589344
seed42_ref,215,MolWt,3D_Sphero,0.003782953368499875
seed42_ref,216,MACCS_90,geo:signed_tetra_volume,0.0037792532239109278
seed42_ref,217,3D_RoG,3D_Sphero,0.0037730801850557327
seed42_ref,218,MolLogP,geo:baseline_pm_dihedral_cos,0.0037507873494178057
seed42_ref,219,sPAS_0,sPAS_10,0.0037301373668015003
seed42_ref,220,ECFP_361,geo:signed_tetra_volume,0.00372826075181365
seed42_ref,221,3D_PMI3,geo:baseline_pm_dihedral_cos,0.0037254607304930687
seed42_ref,222,PAS_5,geo:baseline_pm_dihedral_cos,0.0037252549082040787
seed42_ref,223,ECFP_1279,geo:baseline_pm_dihedral_sin,0.0036838038358837366
seed42_ref,224,3D_Asph,geo:signed_dihedral_NS_path,0.0036815465427935123
seed42_ref,225,ECFP_750,dihedral,0.003664120566099882
seed42_ref,226,PAS_10,geo:signed_dihedral_NS_path,0.0036624204367399216
seed42_ref,227,ECFP_1412,dihedral,0.0036552115343511105
seed42_ref,228,TPSA,NumHAcceptors,0.00365017750300467
seed42_ref,229,sPAS_0,PAS_5,0.0036483420990407467
seed42_ref,230,sPAS_10,3D_Asph,0.003637337125837803
seed42_ref,231,PAS_5,geo:ringnormal_dot_substvec,0.0036314763128757477
seed42_ref,232,sPAS_10,3D_Sphero,0.0036203237250447273
seed42_ref,233,PAS_5,3D_Asph,0.0036203220952302217
seed42_ref,234,ECFP_1778,sPAS_0,0.003618825925514102
seed42_ref,235,ECFP_1797,geo:signed_tetra_volume,0.0036166678182780743
seed42_ref,236,ECFP_1437,geo:signed_tetra_volume,0.0036113220266997814
seed42_ref,237,sPAS_0,3D_PMI1,0.0036081369034945965
seed42_ref,238,ECFP_1691,geo:baseline_pm_dihedral_cos,0.0036030225455760956
seed42_ref,239,sPAS_10,3D_PMI1,0.003602423705160618
seed42_ref,240,3D_PMI2,3D_RoG,0.003593773813918233
seed42_ref,241,3D_NPR1,dihedral,0.0035913758911192417
seed42_ref,242,sPAS_10,3D_RoG,0.0035911635495722294
seed42_ref,243,sPAS_0,3D_Sphero,0.0035907060373574495
seed42_ref,244,ECFP_1412,MACCS_153,0.0035842217039316893
seed42_ref,245,ECFP_294,geo:signed_dihedral_NS_path,0.003583495505154133
seed42_ref,246,MolLogP,PAS_5,0.0035763070918619633
seed42_ref,247,TPSA,solvent_code,0.0035743005573749542
seed42_ref,248,3D_PMI1,geo:baseline_pm_dihedral_sin,0.003573009045794606
seed42_ref,249,ECFP_1905,3D_Ecc,0.0035726099740713835
seed42_ref,250,sPAS_15,geo:signed_dihedral_subst_c_rn1_rn2,0.0035593612119555473
seed42_ref,251,sPAS_0,sPAS_15,0.0035562911070883274
seed42_ref,252,PAS_12,geo:signed_tetra_volume,0.00355126871727407
seed42_ref,253,MACCS_62,geo:baseline_pm_dihedral_sin,0.003542594611644745
seed42_ref,254,MACCS_57,geo:signed_tetra_volume,0.0035423210356384516
seed42_ref,255,ECFP_301,ECFP_1412,0.0035237357951700687
seed42_ref,256,TPSA,sPAS_10,0.0035179611295461655
seed42_ref,257,3D_Ecc,geo:signed_dihedral_NS_path,0.003513735719025135
seed42_ref,258,3D_PMI3,dihedral,0.0034948058892041445
seed42_ref,259,MACCS_57,dihedral,0.003454562509432435
seed42_ref,260,ECFP_875,pm_code,0.003447202267125249
seed42_ref,261,ECFP_1478,geo:signed_tetra_volume,0.0034260787069797516
seed42_ref,262,ECFP_1342,sPAS_10,0.003403277602046728
seed42_ref,263,MolLogP,3D_RoG,0.003395235165953636
seed42_ref,264,MACCS_79,geo:signed_tetra_volume,0.0033881256822496653
seed42_ref,265,ECFP_537,MACCS_150,0.003383574541658163
seed42_ref,266,ECFP_1214,PAS_5,0.0033714687451720238
seed42_ref,267,3D_NPR2,geo:baseline_pm_dihedral_sin,0.003348748432472348
seed42_ref,268,ECFP_1419,ECFP_1944,0.0033383648842573166
seed42_ref,269,ECFP_1279,3D_RoG,0.0033240497577935457
seed42_ref,270,MACCS_150,geo:baseline_pm_dihedral_sin,0.0033194576390087605
seed42_ref,271,3D_PMI2,dihedral,0.0032977343071252108
seed42_ref,272,TPSA,3D_PMI3,0.0032966001890599728
seed42_ref,273,MACCS_57,PAS_13,0.0032925200648605824
seed42_ref,274,3D_Ecc,geo:baseline_pm_dihedral_sin,0.0032860005740076303
seed42_ref,275,3D_PMI2,geo:signed_dihedral_subst_c_rn1_rn2,0.0032747015357017517
seed42_ref,276,ECFP_429,sPAS_0,0.0032650576904416084
seed42_ref,277,sPAS_0,3D_Ecc,0.0032409681007266045
seed42_ref,278,ECFP_83,sPAS_0,0.0032120714895427227
seed42_ref,279,3D_ISF,geo:baseline_pm_dihedral_sin,0.0032086942810565233
seed42_ref,280,3D_NPR1,geo:signed_dihedral_subst_c_rn1_rn2,0.0031986748799681664
seed42_ref,281,3D_ISF,3D_Sphero,0.0031921027693897486
seed42_ref,282,3D_PMI2,3D_Sphero,0.00318195135332644
seed42_ref,283,ECFP_1765,sPAS_10,0.003177909180521965
seed42_ref,284,ECFP_158,geo:signed_tetra_volume,0.003167069749906659
seed42_ref,285,ECFP_66,MACCS_118,0.0031651887111365795
seed42_ref,286,PAS_15,dihedral,0.003152086865156889
seed42_ref,287,TPSA,geo:subst_to_ringplane_signed_dist,0.0031510633416473866
seed42_ref,288,sPAS_3,geo:signed_tetra_volume,0.003147154813632369
seed42_ref,289,MolWt,solvent_code,0.003139697015285492
seed42_ref,290,PAS_5,solvent_code,0.003139540320262313
seed42_ref,291,MACCS_150,sPAS_0,0.003126872703433037
seed42_ref,292,ECFP_1772,sPAS_10,0.0031192684546113014
seed42_ref,293,MACCS_57,3D_NPR1,0.0031182249076664448
seed42_ref,294,TPSA,3D_ISF,0.0031070467084646225
seed42_ref,295,MACCS_75,sPAS_10,0.003100669477134943
seed42_ref,296,ECFP_628,geo:signed_dihedral_subst_c_rn1_rn2,0.0030922158621251583
seed42_ref,297,geo:signed_dihedral_NS_path,geo:baseline_pm_dihedral_cos,0.00309018325060606
seed42_ref,298,geo:subst_to_ringplane_signed_dist,geo:ringnormal_dot_substvec,0.0030865888111293316
seed42_ref,299,RingCount,geo:signed_dihedral_subst_c_rn1_rn2,0.0030790811870247126
seed42_ref,300,MACCS_115,geo:signed_tetra_volume,0.0030673351138830185
