molecule_group_id,n_observations,n_unique_folds,fold
MOL_000001,1,1,3
MOL_000002,1,1,1
MOL_000003,1,1,3
MOL_000004,1,1,5
MOL_000005,1,1,2
MOL_000006,1,1,4
MOL_000007,1,1,2
MOL_000008,1,1,1
MOL_000009,1,1,3
MOL_000010,1,1,2
MOL_000011,1,1,4
MOL_000012,1,1,5
MOL_000013,1,1,1
MOL_000014,1,1,2
MOL_000015,1,1,3
MOL_000016,1,1,4
MOL_000017,3,1,3
MOL_000018,1,1,5
MOL_000019,1,1,3
MOL_000020,1,1,1
MOL_000021,1,1,2
MOL_000022,1,1,4
MOL_000023,1,1,5
MOL_000024,1,1,1
MOL_000025,1,1,1
MOL_000026,4,1,2
MOL_000027,1,1,2
MOL_000028,5,1,3
MOL_000029,3,1,4
MOL_000030,1,1,5
MOL_000031,2,1,1
MOL_000032,3,1,2
MOL_000033,1,1,3
MOL_000034,1,1,4
MOL_000035,3,1,5
MOL_000036,1,1,5
MOL_000037,3,1,4
MOL_000038,3,1,1
MOL_000039,1,1,2
MOL_000040,2,1,3
MOL_000041,2,1,4
MOL_000042,3,1,4
MOL_000043,2,1,4
MOL_000044,3,1,3
MOL_000045,1,1,1
MOL_000046,4,1,4
MOL_000047,3,1,3
MOL_000048,3,1,2
MOL_000049,1,1,1
MOL_000050,2,1,3
MOL_000051,3,1,5
MOL_000052,1,1,1
MOL_000053,1,1,2
MOL_000054,1,1,3
MOL_000055,1,1,4
MOL_000056,1,1,5
MOL_000057,2,1,1
MOL_000058,1,1,2
MOL_000059,1,1,2
MOL_000060,1,1,5
MOL_000061,1,1,5
MOL_000062,1,1,3
MOL_000063,1,1,4
MOL_000064,1,1,4
MOL_000065,1,1,3
MOL_000066,1,1,1
MOL_000067,1,1,4
MOL_000068,1,1,2
MOL_000069,1,1,1
MOL_000070,1,1,5
MOL_000071,1,1,1
MOL_000072,1,1,5
MOL_000073,1,1,3
MOL_000074,1,1,1
MOL_000075,1,1,4
MOL_000076,1,1,5
MOL_000077,1,1,5
MOL_000078,1,1,2
MOL_000079,1,1,1
MOL_000080,1,1,2
MOL_000081,1,1,3
MOL_000082,1,1,4
MOL_000083,1,1,5
MOL_000084,2,1,2
MOL_000085,2,1,1
MOL_000086,1,1,2
MOL_000087,1,1,3
MOL_000088,1,1,1
MOL_000089,1,1,4
MOL_000090,1,1,3
MOL_000091,1,1,5
MOL_000092,1,1,1
MOL_000093,3,1,4
MOL_000094,2,1,2
MOL_000095,1,1,3
MOL_000096,1,1,5
MOL_000097,4,1,2
MOL_000098,2,1,1
MOL_000099,1,1,3
MOL_000100,1,1,4
MOL_000101,2,1,3
MOL_000102,1,1,4
MOL_000103,1,1,5
MOL_000104,1,1,5
MOL_000105,2,1,1
MOL_000106,1,1,2
MOL_000107,2,1,3
MOL_000108,1,1,4
MOL_000109,2,1,3
MOL_000110,1,1,1
MOL_000111,1,1,2
MOL_000112,1,1,4
MOL_000113,1,1,5
MOL_000114,1,1,1
MOL_000115,1,1,3
MOL_000116,1,1,5
MOL_000117,1,1,5
MOL_000118,1,1,2
MOL_000119,1,1,1
MOL_000120,1,1,2
MOL_000121,1,1,4
MOL_000122,1,1,1
MOL_000123,1,1,2
MOL_000124,1,1,3
MOL_000125,1,1,3
MOL_000126,1,1,4
MOL_000127,1,1,5
MOL_000128,1,1,1
MOL_000129,1,1,2
MOL_000130,1,1,3
MOL_000131,1,1,4
MOL_000132,1,1,5
MOL_000133,1,1,1
MOL_000134,1,1,5
MOL_000135,1,1,3
MOL_000136,1,1,4
MOL_000137,1,1,2
MOL_000138,1,1,2
MOL_000139,1,1,5
MOL_000140,1,1,1
MOL_000141,1,1,3
MOL_000142,1,1,4
MOL_000143,1,1,5
MOL_000144,1,1,5
MOL_000145,1,1,5
MOL_000146,1,1,1
MOL_000147,1,1,1
MOL_000148,3,1,2
MOL_000149,1,1,3
MOL_000150,2,1,4
MOL_000151,1,1,5
MOL_000152,1,1,1
MOL_000153,1,1,4
MOL_000154,1,1,2
MOL_000155,3,1,3
MOL_000156,1,1,5
MOL_000157,1,1,1
MOL_000158,1,1,4
MOL_000159,1,1,2
MOL_000160,1,1,5
MOL_000161,1,1,3
MOL_000162,1,1,3
MOL_000163,1,1,1
MOL_000164,1,1,3
MOL_000165,1,1,2
MOL_000166,1,1,4
MOL_000167,1,1,5
MOL_000168,1,1,1
MOL_000169,1,1,2
MOL_000170,1,1,3
MOL_000171,1,1,4
MOL_000172,1,1,2
MOL_000173,1,1,5
MOL_000174,1,1,1
MOL_000175,1,1,2
MOL_000176,1,1,3
MOL_000177,1,1,4
MOL_000178,1,1,4
MOL_000179,1,1,3
MOL_000180,1,1,5
MOL_000181,1,1,1
MOL_000182,1,1,2
MOL_000183,1,1,3
MOL_000184,1,1,4
MOL_000185,1,1,5
MOL_000186,1,1,1
MOL_000187,1,1,3
MOL_000188,1,1,2
MOL_000189,1,1,4
MOL_000190,1,1,4
MOL_000191,1,1,5
MOL_000192,1,1,1
MOL_000193,1,1,2
MOL_000194,1,1,3
MOL_000195,1,1,4
MOL_000196,1,1,5
MOL_000197,1,1,5
MOL_000198,1,1,1
MOL_000199,1,1,5
MOL_000200,1,1,2
MOL_000201,1,1,3
MOL_000202,1,1,4
MOL_000203,1,1,2
MOL_000204,1,1,3
MOL_000205,1,1,4
MOL_000206,1,1,1
MOL_000207,1,1,5
MOL_000208,1,1,1
MOL_000209,1,1,5
MOL_000210,1,1,2
MOL_000211,1,1,3
MOL_000212,1,1,4
MOL_000213,1,1,1
MOL_000214,1,1,4
MOL_000215,1,1,2
MOL_000216,1,1,3
MOL_000217,6,1,5
MOL_000218,1,1,1
MOL_000219,5,1,3
MOL_000220,1,1,2
MOL_000221,1,1,4
MOL_000222,1,1,5
MOL_000223,1,1,1
MOL_000224,3,1,2
MOL_000225,1,1,4
MOL_000226,1,1,2
MOL_000227,1,1,3
MOL_000228,1,1,5
MOL_000229,1,1,1
MOL_000230,2,1,1
MOL_000231,1,1,2
MOL_000232,1,1,3
MOL_000233,1,1,4
MOL_000234,1,1,5
MOL_000235,1,1,1
MOL_000236,1,1,2
MOL_000237,1,1,3
MOL_000238,1,1,4
MOL_000239,1,1,5
MOL_000240,2,1,5
MOL_000241,1,1,1
MOL_000242,1,1,2
MOL_000243,2,1,3
MOL_000244,1,1,4
MOL_000245,1,1,2
MOL_000246,1,1,4
MOL_000247,1,1,1
MOL_000248,1,1,3
MOL_000249,1,1,5
MOL_000250,1,1,5
MOL_000251,1,1,1
MOL_000252,1,1,2
MOL_000253,1,1,3
MOL_000254,1,1,4
MOL_000255,1,1,1
MOL_000256,1,1,2
MOL_000257,1,1,3
MOL_000258,1,1,4
MOL_000259,1,1,5
MOL_000260,1,1,1
MOL_000261,1,1,4
MOL_000262,1,1,4
MOL_000263,1,1,2
MOL_000264,1,1,3
MOL_000265,1,1,5
MOL_000266,1,1,5
MOL_000267,1,1,3
MOL_000268,1,1,1
MOL_000269,1,1,2
MOL_000270,1,1,4
MOL_000271,1,1,5
MOL_000272,1,1,1
MOL_000273,1,1,2
MOL_000274,1,1,3
MOL_000275,1,1,4
MOL_000276,1,1,5
MOL_000277,1,1,3
MOL_000278,2,1,1
MOL_000279,2,1,2
MOL_000280,2,1,5
MOL_000281,1,1,4
MOL_000282,1,1,1
MOL_000283,1,1,2
MOL_000284,1,1,3
MOL_000285,1,1,4
MOL_000286,1,1,5
MOL_000287,1,1,2
MOL_000288,1,1,3
MOL_000289,1,1,1
MOL_000290,1,1,4
MOL_000291,1,1,5
MOL_000292,1,1,2
MOL_000293,4,1,1
MOL_000294,2,1,2
MOL_000295,2,1,3
MOL_000296,2,1,4
MOL_000297,2,1,5
MOL_000298,2,1,2
MOL_000299,2,1,3
MOL_000300,2,1,3
MOL_000301,2,1,1
MOL_000302,2,1,4
MOL_000303,2,1,5
MOL_000304,2,1,2
MOL_000305,2,1,3
MOL_000306,2,1,1
MOL_000307,1,1,4
MOL_000308,1,1,4
MOL_000309,3,1,5
MOL_000310,1,1,1
MOL_000311,1,1,2
MOL_000312,1,1,3
MOL_000313,1,1,5
MOL_000314,1,1,4
MOL_000315,1,1,1
MOL_000316,1,1,1
MOL_000317,1,1,5
MOL_000318,1,1,4
MOL_000319,1,1,2
MOL_000320,1,1,3
MOL_000321,1,1,5
MOL_000322,1,1,1
MOL_000323,1,1,1
MOL_000324,1,1,5
MOL_000325,1,1,2
MOL_000326,1,1,3
MOL_000327,1,1,5
MOL_000328,1,1,2
MOL_000329,1,1,3
MOL_000330,1,1,3
MOL_000331,1,1,4
MOL_000332,1,1,1
MOL_000333,1,1,4
MOL_000334,1,1,5
MOL_000335,1,1,3
MOL_000336,1,1,2
MOL_000337,1,1,3
MOL_000338,1,1,4
MOL_000339,1,1,2
MOL_000340,1,1,2
MOL_000341,1,1,1
MOL_000342,1,1,3
MOL_000343,2,1,4
MOL_000344,1,1,2
MOL_000345,1,1,3
MOL_000346,1,1,5
MOL_000347,2,1,3
MOL_000348,2,1,1
MOL_000349,1,1,2
MOL_000350,1,1,4
MOL_000351,2,1,2
MOL_000352,2,1,4
MOL_000353,1,1,5
MOL_000354,2,1,3
MOL_000355,1,1,5
MOL_000356,2,1,2
MOL_000357,2,1,1
MOL_000358,1,1,2
MOL_000359,2,1,4
MOL_000360,1,1,3
MOL_000361,1,1,5
MOL_000362,2,1,4
MOL_000363,2,1,1
MOL_000364,1,1,2
MOL_000365,1,1,4
MOL_000366,2,1,1
MOL_000367,1,1,2
MOL_000368,2,1,3
MOL_000369,1,1,1
MOL_000370,1,1,5
MOL_000371,1,1,1
MOL_000372,1,1,4
MOL_000373,1,1,2
MOL_000374,1,1,3
MOL_000375,1,1,5
MOL_000376,1,1,1
MOL_000377,2,1,2
MOL_000378,1,1,3
MOL_000379,1,1,4
MOL_000380,1,1,5
MOL_000381,1,1,4
MOL_000382,1,1,1
MOL_000383,1,1,2
MOL_000384,1,1,3
MOL_000385,1,1,5
MOL_000386,1,1,1
MOL_000387,2,1,3
MOL_000388,1,1,2
MOL_000389,1,1,4
MOL_000390,1,1,5
MOL_000391,2,1,1
MOL_000392,1,1,4
MOL_000393,1,1,2
MOL_000394,1,1,3
MOL_000395,4,1,2
MOL_000396,1,1,5
MOL_000397,3,1,4
MOL_000398,1,1,1
MOL_000399,1,1,1
MOL_000400,1,1,3
MOL_000401,1,1,5
MOL_000402,1,1,5
MOL_000403,1,1,2
MOL_000404,1,1,5
MOL_000405,1,1,1
MOL_000406,1,1,4
MOL_000407,2,1,2
MOL_000408,1,1,3
MOL_000409,1,1,5
MOL_000410,1,1,1
MOL_000411,1,1,4
MOL_000412,1,1,1
MOL_000413,1,1,3
MOL_000414,1,1,2
MOL_000415,1,1,3
MOL_000416,1,1,4
MOL_000417,2,1,5
MOL_000418,1,1,3
MOL_000419,1,1,4
MOL_000420,1,1,1
MOL_000421,1,1,2
MOL_000422,1,1,1
MOL_000423,1,1,5
MOL_000424,1,1,4
MOL_000425,1,1,1
MOL_000426,1,1,5
MOL_000427,1,1,2
MOL_000428,2,1,3
MOL_000429,1,1,4
MOL_000430,1,1,1
MOL_000431,1,1,3
MOL_000432,1,1,3
MOL_000433,1,1,5
MOL_000434,1,1,2
MOL_000435,1,1,3
MOL_000436,1,1,4
MOL_000437,1,1,2
MOL_000438,1,1,1
MOL_000439,1,1,3
MOL_000440,1,1,4
MOL_000441,1,1,5
MOL_000442,1,1,1
MOL_000443,1,1,5
MOL_000444,1,1,2
MOL_000445,1,1,3
MOL_000446,1,1,4
MOL_000447,1,1,2
MOL_000448,1,1,1
MOL_000449,1,1,3
MOL_000450,1,1,5
MOL_000451,1,1,4
MOL_000452,1,1,5
MOL_000453,1,1,1
MOL_000454,1,1,2
MOL_000455,1,1,5
MOL_000456,1,1,5
MOL_000457,1,1,3
MOL_000458,2,1,4
MOL_000459,3,1,3
MOL_000460,2,1,4
MOL_000461,1,1,1
MOL_000462,1,1,2
MOL_000463,1,1,5
MOL_000464,1,1,1
MOL_000465,2,1,3
MOL_000466,1,1,2
MOL_000467,1,1,4
MOL_000468,1,1,5
MOL_000469,1,1,2
MOL_000470,1,1,1
MOL_000471,1,1,1
MOL_000472,1,1,5
MOL_000473,1,1,2
MOL_000474,1,1,4
MOL_000475,1,1,4
MOL_000476,1,1,3
MOL_000477,1,1,4
MOL_000478,1,1,2
MOL_000479,1,1,5
MOL_000480,2,1,2
MOL_000481,1,1,4
MOL_000482,1,1,3
MOL_000483,1,1,5
MOL_000484,1,1,1
MOL_000485,2,1,1
MOL_000486,1,1,5
MOL_000487,1,1,4
MOL_000488,2,1,2
MOL_000489,1,1,4
MOL_000490,1,1,1
MOL_000491,1,1,1
MOL_000492,1,1,3
MOL_000493,1,1,1
MOL_000494,1,1,4
MOL_000495,1,1,5
MOL_000496,1,1,4
MOL_000497,1,1,1
MOL_000498,1,1,2
MOL_000499,1,1,3
MOL_000500,1,1,5
MOL_000501,1,1,1
MOL_000502,1,1,3
MOL_000503,1,1,2
MOL_000504,2,1,4
MOL_000505,2,1,5
MOL_000506,1,1,1
MOL_000507,1,1,3
MOL_000508,1,1,2
MOL_000509,1,1,4
MOL_000510,1,1,3
MOL_000511,1,1,5
MOL_000512,1,1,1
MOL_000513,2,1,3
MOL_000514,1,1,5
MOL_000515,1,1,2
MOL_000516,2,1,4
MOL_000517,1,1,3
MOL_000518,2,1,1
MOL_000519,1,1,2
MOL_000520,1,1,4
MOL_000521,1,1,3
MOL_000522,3,1,5
MOL_000523,1,1,4
MOL_000524,1,1,1
MOL_000525,1,1,2
MOL_000526,2,1,3
MOL_000527,1,1,5
MOL_000528,1,1,1
MOL_000529,1,1,3
MOL_000530,1,1,4
MOL_000531,1,1,2
MOL_000532,1,1,2
MOL_000533,1,1,5
MOL_000534,1,1,1
MOL_000535,1,1,2
MOL_000536,1,1,3
MOL_000537,1,1,4
MOL_000538,1,1,5
MOL_000539,1,1,1
MOL_000540,1,1,2
MOL_000541,1,1,3
MOL_000542,2,1,4
MOL_000543,1,1,5
MOL_000544,1,1,5
MOL_000545,1,1,1
MOL_000546,1,1,2
MOL_000547,1,1,3
MOL_000548,1,1,4
MOL_000549,1,1,4
MOL_000550,1,1,2
MOL_000551,1,1,4
MOL_000552,1,1,1
MOL_000553,2,1,3
MOL_000554,1,1,5
MOL_000555,1,1,3
MOL_000556,1,1,1
MOL_000557,1,1,2
MOL_000558,5,1,4
MOL_000559,4,1,5
MOL_000560,3,1,5
MOL_000561,1,1,1
MOL_000562,2,1,5
MOL_000563,3,1,3
MOL_000564,3,1,5
MOL_000565,2,1,2
MOL_000566,1,1,4
MOL_000567,1,1,1
MOL_000568,1,1,2
MOL_000569,1,1,4
MOL_000570,1,1,3
MOL_000571,1,1,5
MOL_000572,1,1,3
MOL_000573,1,1,5
MOL_000574,1,1,5
MOL_000575,1,1,1
MOL_000576,1,1,2
MOL_000577,1,1,4
MOL_000578,1,1,1
MOL_000579,1,1,2
MOL_000580,1,1,3
MOL_000581,1,1,2
MOL_000582,1,1,4
MOL_000583,1,1,5
MOL_000584,1,1,5
MOL_000585,1,1,1
MOL_000586,1,1,2
MOL_000587,1,1,3
MOL_000588,1,1,4
MOL_000589,1,1,4
MOL_000590,1,1,5
MOL_000591,3,1,1
MOL_000592,3,1,2
MOL_000593,1,1,3
MOL_000594,1,1,1
MOL_000595,1,1,2
MOL_000596,1,1,3
MOL_000597,1,1,4
MOL_000598,1,1,5
MOL_000599,1,1,5
MOL_000600,1,1,1
MOL_000601,1,1,2
MOL_000602,6,1,3
MOL_000603,3,1,3
MOL_000604,2,1,4
MOL_000605,1,1,1
MOL_000606,1,1,3
MOL_000607,1,1,1
MOL_000608,1,1,2
MOL_000609,1,1,5
MOL_000610,1,1,4
MOL_000611,2,1,2
MOL_000612,1,1,1
MOL_000613,1,1,4
MOL_000614,3,1,2
MOL_000615,1,1,3
MOL_000616,4,1,5
MOL_000617,1,1,2
MOL_000618,1,1,3
MOL_000619,1,1,5
MOL_000620,1,1,1
MOL_000621,1,1,4
MOL_000622,1,1,2
MOL_000623,1,1,1
MOL_000624,1,1,2
MOL_000625,1,1,3
MOL_000626,1,1,4
MOL_000627,1,1,5
MOL_000628,1,1,3
MOL_000629,1,1,4
MOL_000630,1,1,1
MOL_000631,1,1,5
MOL_000632,1,1,2
MOL_000633,1,1,1
MOL_000634,1,1,3
MOL_000635,1,1,4
MOL_000636,1,1,2
MOL_000637,1,1,4
MOL_000638,1,1,5
MOL_000639,2,1,5
MOL_000640,1,1,1
MOL_000641,1,1,2
MOL_000642,1,1,3
MOL_000643,3,1,4
MOL_000644,1,1,3
MOL_000645,1,1,5
MOL_000646,3,1,1
MOL_000647,2,1,2
MOL_000648,1,1,4
MOL_000649,1,1,1
MOL_000650,1,1,1
MOL_000651,1,1,5
MOL_000652,1,1,2
MOL_000653,1,1,4
MOL_000654,1,1,3
MOL_000655,1,1,5
MOL_000656,1,1,1
MOL_000657,1,1,2
MOL_000658,1,1,5
MOL_000659,1,1,3
MOL_000660,1,1,3
MOL_000661,1,1,4
MOL_000662,1,1,1
MOL_000663,1,1,2
MOL_000664,1,1,3
MOL_000665,2,1,4
MOL_000666,2,1,4
MOL_000667,1,1,5
MOL_000668,1,1,3
MOL_000669,1,1,5
MOL_000670,1,1,1
MOL_000671,2,1,4
MOL_000672,3,1,2
MOL_000673,1,1,2
MOL_000674,1,1,5
MOL_000675,1,1,1
MOL_000676,1,1,3
MOL_000677,1,1,2
MOL_000678,1,1,4
MOL_000679,1,1,2
MOL_000680,3,1,5
MOL_000681,1,1,5
MOL_000682,1,1,2
MOL_000683,1,1,5
MOL_000684,1,1,1
MOL_000685,1,1,3
MOL_000686,1,1,4
MOL_000687,3,1,2
MOL_000688,1,1,3
MOL_000689,1,1,4
MOL_000690,1,1,5
MOL_000691,1,1,1
MOL_000692,1,1,1
MOL_000693,1,1,1
MOL_000694,1,1,2
MOL_000695,1,1,3
MOL_000696,1,1,4
MOL_000697,1,1,5
MOL_000698,1,1,2
MOL_000699,1,1,2
MOL_000700,1,1,1
MOL_000701,3,1,3
MOL_000702,1,1,3
MOL_000703,1,1,4
MOL_000704,1,1,5
MOL_000705,1,1,4
MOL_000706,1,1,4
MOL_000707,1,1,1
MOL_000708,1,1,1
MOL_000709,1,1,5
MOL_000710,1,1,2
MOL_000711,1,1,3
MOL_000712,1,1,5
MOL_000713,1,1,2
MOL_000714,1,1,3
MOL_000715,1,1,1
MOL_000716,1,1,4
MOL_000717,1,1,5
MOL_000718,1,1,1
MOL_000719,1,1,2
MOL_000720,1,1,4
MOL_000721,1,1,3
MOL_000722,1,1,5
MOL_000723,1,1,1
MOL_000724,1,1,2
MOL_000725,1,1,5
MOL_000726,1,1,3
MOL_000727,1,1,3
MOL_000728,1,1,4
MOL_000729,1,1,3
MOL_000730,1,1,2
MOL_000731,1,1,1
MOL_000732,1,1,2
MOL_000733,1,1,4
MOL_000734,1,1,1
MOL_000735,1,1,5
MOL_000736,1,1,5
MOL_000737,1,1,3
MOL_000738,3,1,4
MOL_000739,3,1,4
MOL_000740,1,1,1
MOL_000741,3,1,3
MOL_000742,1,1,2
MOL_000743,1,1,3
MOL_000744,1,1,5
MOL_000745,1,1,2
MOL_000746,2,1,5
MOL_000747,1,1,1
MOL_000748,1,1,3
MOL_000749,1,1,4
MOL_000750,1,1,5
MOL_000751,1,1,2
MOL_000752,1,1,5
MOL_000753,1,1,3
MOL_000754,1,1,1
MOL_000755,1,1,2
MOL_000756,1,1,4
MOL_000757,2,1,4
MOL_000758,1,1,2
MOL_000759,1,1,1
MOL_000760,1,1,3
MOL_000761,1,1,4
MOL_000762,2,1,5
MOL_000763,1,1,3
MOL_000764,1,1,1
MOL_000765,1,1,2
MOL_000766,2,1,4
MOL_000767,1,1,5
MOL_000768,1,1,1
MOL_000769,1,1,5
MOL_000770,1,1,4
MOL_000771,1,1,5
MOL_000772,1,1,4
MOL_000773,1,1,2
MOL_000774,1,1,3
MOL_000775,1,1,2
MOL_000776,1,1,1
MOL_000777,1,1,4
MOL_000778,1,1,3
MOL_000779,1,1,4
MOL_000780,1,1,5
MOL_000781,1,1,4
MOL_000782,1,1,5
MOL_000783,1,1,1
MOL_000784,1,1,2
MOL_000785,1,1,3
MOL_000786,1,1,1
MOL_000787,1,1,2
MOL_000788,1,1,3
MOL_000789,1,1,4
MOL_000790,1,1,2
MOL_000791,1,1,5
MOL_000792,1,1,4
MOL_000793,1,1,1
MOL_000794,1,1,2
MOL_000795,1,1,3
MOL_000796,1,1,5
MOL_000797,1,1,1
MOL_000798,1,1,3
MOL_000799,2,1,1
MOL_000800,2,1,2
MOL_000801,1,1,4
MOL_000802,1,1,5
MOL_000803,2,1,1
MOL_000804,3,1,2
MOL_000805,1,1,3
MOL_000806,4,1,4
MOL_000807,1,1,5
MOL_000808,1,1,4
MOL_000809,1,1,4
MOL_000810,1,1,5
MOL_000811,2,1,3
MOL_000812,2,1,2
MOL_000813,1,1,1
MOL_000814,1,1,2
MOL_000815,1,1,3
MOL_000816,1,1,3
MOL_000817,1,1,4
MOL_000818,1,1,5
MOL_000819,1,1,3
MOL_000820,1,1,1
MOL_000821,1,1,2
MOL_000822,1,1,2
MOL_000823,1,1,1
MOL_000824,1,1,3
MOL_000825,1,1,4
MOL_000826,1,1,1
MOL_000827,1,1,5
MOL_000828,1,1,1
MOL_000829,1,1,4
MOL_000830,1,1,4
MOL_000831,1,1,2
MOL_000832,1,1,1
MOL_000833,1,1,3
MOL_000834,1,1,5
MOL_000835,1,1,2
MOL_000836,1,1,5
MOL_000837,1,1,1
MOL_000838,1,1,3
MOL_000839,1,1,4
MOL_000840,1,1,3
MOL_000841,1,1,4
MOL_000842,1,1,2
MOL_000843,1,1,1
MOL_000844,1,1,2
MOL_000845,1,1,5
MOL_000846,1,1,3
MOL_000847,1,1,4
MOL_000848,1,1,5
MOL_000849,1,1,1
MOL_000850,1,1,2
MOL_000851,1,1,5
MOL_000852,1,1,2
MOL_000853,1,1,2
MOL_000854,1,1,3
MOL_000855,1,1,1
MOL_000856,1,1,4
MOL_000857,1,1,5
MOL_000858,1,1,4
MOL_000859,2,1,1
MOL_000860,1,1,2
MOL_000861,1,1,2
MOL_000862,1,1,3
MOL_000863,1,1,5
MOL_000864,1,1,1
MOL_000865,1,1,2
MOL_000866,1,1,4
MOL_000867,1,1,5
MOL_000868,1,1,1
MOL_000869,1,1,3
MOL_000870,1,1,3
MOL_000871,1,1,2
MOL_000872,1,1,5
MOL_000873,2,1,1
MOL_000874,1,1,3
MOL_000875,2,1,4
MOL_000876,1,1,5
MOL_000877,1,1,5
MOL_000878,1,1,1
MOL_000879,1,1,2
MOL_000880,1,1,3
MOL_000881,1,1,4
MOL_000882,1,1,5
MOL_000883,1,1,1
MOL_000884,1,1,2
MOL_000885,1,1,3
MOL_000886,1,1,4
MOL_000887,1,1,1
MOL_000888,1,1,2
MOL_000889,1,1,3
MOL_000890,1,1,4
MOL_000891,1,1,5
MOL_000892,1,1,4
MOL_000893,1,1,1
MOL_000894,2,1,2
MOL_000895,2,1,3
MOL_000896,1,1,4
MOL_000897,1,1,5
MOL_000898,1,1,2
MOL_000899,1,1,1
MOL_000900,1,1,3
MOL_000901,1,1,4
MOL_000902,1,1,5
MOL_000903,2,1,1
MOL_000904,1,1,3
MOL_000905,1,1,4
MOL_000906,1,1,2
MOL_000907,1,1,4
MOL_000908,1,1,2
MOL_000909,1,1,3
MOL_000910,1,1,5
MOL_000911,1,1,5
MOL_000912,1,1,2
MOL_000913,1,1,5
MOL_000914,1,1,1
MOL_000915,1,1,2
MOL_000916,1,1,3
MOL_000917,1,1,4
MOL_000918,2,1,3
MOL_000919,1,1,5
MOL_000920,1,1,1
MOL_000921,2,1,3
MOL_000922,1,1,2
MOL_000923,1,1,3
MOL_000924,1,1,4
MOL_000925,1,1,5
MOL_000926,1,1,1
MOL_000927,1,1,2
MOL_000928,1,1,3
MOL_000929,1,1,4
MOL_000930,1,1,5
MOL_000931,1,1,2
MOL_000932,1,1,5
MOL_000933,1,1,1
MOL_000934,1,1,4
MOL_000935,1,1,3
MOL_000936,1,1,4
MOL_000937,1,1,1
MOL_000938,1,1,1
MOL_000939,1,1,2
MOL_000940,1,1,2
MOL_000941,1,1,1
MOL_000942,1,1,5
MOL_000943,1,1,3
MOL_000944,1,1,4
MOL_000945,1,1,1
MOL_000946,1,1,4
MOL_000947,1,1,4
MOL_000948,1,1,2
MOL_000949,1,1,3
MOL_000950,1,1,5
MOL_000951,1,1,2
MOL_000952,1,1,5
MOL_000953,1,1,1
MOL_000954,1,1,3
MOL_000955,1,1,4
MOL_000956,1,1,5
MOL_000957,1,1,1
MOL_000958,1,1,4
MOL_000959,1,1,3
MOL_000960,1,1,2
MOL_000961,1,1,5
MOL_000962,1,1,1
MOL_000963,1,1,2
MOL_000964,1,1,5
MOL_000965,1,1,1
MOL_000966,1,1,3
MOL_000967,1,1,4
MOL_000968,1,1,3
MOL_000969,1,1,1
MOL_000970,1,1,2
MOL_000971,1,1,2
MOL_000972,1,1,5
MOL_000973,1,1,4
MOL_000974,1,1,5
MOL_000975,1,1,1
MOL_000976,1,1,2
MOL_000977,1,1,3
MOL_000978,1,1,4
MOL_000979,1,1,5
MOL_000980,1,1,1
MOL_000981,1,1,3
MOL_000982,1,1,2
MOL_000983,1,1,5
MOL_000984,1,1,4
MOL_000985,1,1,1
MOL_000986,1,1,2
MOL_000987,1,1,3
MOL_000988,1,1,4
MOL_000989,1,1,5
MOL_000990,1,1,1
MOL_000991,1,1,5
MOL_000992,1,1,2
MOL_000993,1,1,3
MOL_000994,1,1,4
MOL_000995,2,1,5
MOL_000996,2,1,1
MOL_000997,2,1,2
MOL_000998,2,1,3
MOL_000999,2,1,4
MOL_001000,2,1,2
MOL_001001,1,1,5
MOL_001002,1,1,5
MOL_001003,1,1,1
MOL_001004,1,1,2
MOL_001005,1,1,3
MOL_001006,1,1,4
MOL_001007,1,1,1
MOL_001008,1,1,3
MOL_001009,1,1,2
MOL_001010,1,1,5
MOL_001011,1,1,4
MOL_001012,2,1,1
MOL_001013,6,1,2
MOL_001014,1,1,3
MOL_001015,5,1,4
MOL_001016,1,1,5
MOL_001017,4,1,1
MOL_001018,1,1,3
MOL_001019,1,1,2
MOL_001020,1,1,3
MOL_001021,5,1,4
MOL_001022,3,1,2
MOL_001023,8,1,4
MOL_001024,1,1,5
MOL_001025,4,1,1
MOL_001026,4,1,2
MOL_001027,1,1,3
MOL_001028,1,1,4
MOL_001029,1,1,5
MOL_001030,1,1,1
MOL_001031,1,1,2
MOL_001032,2,1,3
MOL_001033,2,1,1
MOL_001034,1,1,2
MOL_001035,1,1,4
MOL_001036,1,1,5
MOL_001037,2,1,4
MOL_001038,1,1,1
MOL_001039,1,1,2
MOL_001040,1,1,3
MOL_001041,2,1,5
MOL_001042,1,1,4
MOL_001043,1,1,1
MOL_001044,1,1,4
MOL_001045,1,1,1
MOL_001046,1,1,5
MOL_001047,1,1,2
MOL_001048,1,1,3
MOL_001049,1,1,1
MOL_001050,1,1,4
MOL_001051,1,1,3
MOL_001052,1,1,2
MOL_001053,1,1,4
MOL_001054,1,1,4
MOL_001055,1,1,5
MOL_001056,1,1,1
MOL_001057,1,1,2
MOL_001058,1,1,1
MOL_001059,1,1,3
MOL_001060,1,1,4
MOL_001061,1,1,5
MOL_001062,1,1,3
MOL_001063,1,1,5
MOL_001064,1,1,5
MOL_001065,1,1,1
MOL_001066,1,1,3
MOL_001067,1,1,2
MOL_001068,1,1,4
MOL_001069,1,1,1
MOL_001070,1,1,3
MOL_001071,5,1,2
MOL_001072,1,1,4
MOL_001073,1,1,5
MOL_001074,2,1,4
MOL_001075,1,1,4
MOL_001076,1,1,5
MOL_001077,1,1,1
MOL_001078,1,1,2
MOL_001079,1,1,3
MOL_001080,1,1,1
MOL_001081,1,1,4
MOL_001082,1,1,3
MOL_001083,1,1,2
MOL_001084,1,1,4
MOL_001085,1,1,5
MOL_001086,1,1,1
MOL_001087,1,1,4
MOL_001088,1,1,3
MOL_001089,1,1,2
MOL_001090,1,1,5
MOL_001091,1,1,1
MOL_001092,1,1,2
MOL_001093,2,1,3
MOL_001094,1,1,4
MOL_001095,1,1,4
MOL_001096,1,1,5
MOL_001097,1,1,3
MOL_001098,1,1,4
MOL_001099,1,1,1
MOL_001100,1,1,2
MOL_001101,1,1,2
MOL_001102,1,1,5
MOL_001103,1,1,1
MOL_001104,1,1,2
MOL_001105,1,1,3
MOL_001106,1,1,4
MOL_001107,1,1,5
MOL_001108,1,1,1
MOL_001109,1,1,2
MOL_001110,1,1,3
MOL_001111,1,1,4
MOL_001112,1,1,1
MOL_001113,1,1,5
MOL_001114,1,1,1
MOL_001115,5,1,4
MOL_001116,1,1,3
MOL_001117,1,1,2
MOL_001118,1,1,3
MOL_001119,5,1,5
MOL_001120,1,1,1
MOL_001121,1,1,2
MOL_001122,1,1,4
MOL_001123,1,1,3
MOL_001124,1,1,5
MOL_001125,1,1,1
MOL_001126,1,1,2
MOL_001127,1,1,3
MOL_001128,1,1,4
MOL_001129,1,1,5
MOL_001130,1,1,1
MOL_001131,1,1,5
MOL_001132,1,1,3
MOL_001133,1,1,5
MOL_001134,1,1,2
MOL_001135,1,1,4
MOL_001136,1,1,3
MOL_001137,1,1,1
MOL_001138,1,1,2
MOL_001139,1,1,1
MOL_001140,2,1,2
MOL_001141,4,1,3
MOL_001142,1,1,4
MOL_001143,2,1,5
MOL_001144,2,1,1
MOL_001145,1,1,2
MOL_001146,1,1,3
MOL_001147,1,1,4
MOL_001148,1,1,1
MOL_001149,1,1,5
MOL_001150,1,1,4
MOL_001151,2,1,3
MOL_001152,1,1,1
MOL_001153,1,1,2
MOL_001154,1,1,5
MOL_001155,1,1,2
MOL_001156,1,1,1
MOL_001157,1,1,3
MOL_001158,1,1,3
MOL_001159,1,1,4
MOL_001160,1,1,5
MOL_001161,4,1,1
MOL_001162,1,1,2
MOL_001163,7,1,3
MOL_001164,1,1,4
MOL_001165,1,1,5
MOL_001166,1,1,1
MOL_001167,1,1,2
MOL_001168,1,1,2
MOL_001169,1,1,3
MOL_001170,2,1,4
MOL_001171,1,1,1
MOL_001172,1,1,5
MOL_001173,1,1,5
MOL_001174,1,1,4
MOL_001175,1,1,1
MOL_001176,1,1,2
MOL_001177,1,1,3
MOL_001178,1,1,1
MOL_001179,1,1,3
MOL_001180,1,1,2
MOL_001181,1,1,5
MOL_001182,1,1,4
MOL_001183,1,1,1
MOL_001184,1,1,2
MOL_001185,1,1,3
MOL_001186,1,1,4
MOL_001187,1,1,5
MOL_001188,1,1,4
MOL_001189,1,1,5
MOL_001190,1,1,1
MOL_001191,1,1,4
MOL_001192,1,1,2
MOL_001193,1,1,2
MOL_001194,1,1,5
MOL_001195,1,1,3
MOL_001196,1,1,2
MOL_001197,1,1,1
MOL_001198,1,1,2
MOL_001199,1,1,3
MOL_001200,1,1,4
MOL_001201,1,1,5
MOL_001202,1,1,3
MOL_001203,1,1,4
MOL_001204,1,1,1
MOL_001205,1,1,2
MOL_001206,1,1,5
MOL_001207,1,1,2
MOL_001208,1,1,5
MOL_001209,1,1,5
MOL_001210,1,1,1
MOL_001211,1,1,3
MOL_001212,1,1,4
MOL_001213,1,1,2
MOL_001214,1,1,1
MOL_001215,1,1,3
MOL_001216,1,1,4
MOL_001217,1,1,5
MOL_001218,1,1,1
MOL_001219,1,1,4
MOL_001220,1,1,5
MOL_001221,1,1,2
MOL_001222,1,1,3
MOL_001223,1,1,1
MOL_001224,1,1,4
MOL_001225,1,1,2
MOL_001226,1,1,4
MOL_001227,1,1,5
MOL_001228,2,1,5
MOL_001229,1,1,3
MOL_001230,1,1,1
MOL_001231,2,1,3
MOL_001232,1,1,2
MOL_001233,3,1,4
MOL_001234,1,1,5
MOL_001235,1,1,5
MOL_001236,1,1,1
MOL_001237,1,1,3
MOL_001238,1,1,2
MOL_001239,1,1,3
MOL_001240,1,1,4
MOL_001241,1,1,2
MOL_001242,1,1,3
MOL_001243,1,1,5
MOL_001244,1,1,1
MOL_001245,1,1,4
MOL_001246,1,1,1
MOL_001247,1,1,4
MOL_001248,1,1,2
MOL_001249,2,1,4
MOL_001250,1,1,3
MOL_001251,1,1,3
MOL_001252,2,1,4
MOL_001253,3,1,5
MOL_001254,1,1,3
MOL_001255,1,1,1
MOL_001256,1,1,2
MOL_001257,2,1,4
MOL_001258,1,1,5
MOL_001259,1,1,1
MOL_001260,2,1,5
MOL_001261,1,1,1
MOL_001262,1,1,2
MOL_001263,1,1,3
MOL_001264,1,1,1
MOL_001265,2,1,2
MOL_001266,1,1,4
MOL_001267,1,1,4
MOL_001268,1,1,3
MOL_001269,1,1,2
MOL_001270,1,1,4
MOL_001271,1,1,3
MOL_001272,1,1,5
MOL_001273,1,1,1
MOL_001274,1,1,2
MOL_001275,1,1,1
MOL_001276,1,1,3
MOL_001277,1,1,4
MOL_001278,1,1,4
MOL_001279,1,1,5
MOL_001280,1,1,4
MOL_001281,1,1,4
MOL_001282,1,1,1
MOL_001283,1,1,1
MOL_001284,2,1,2
MOL_001285,1,1,3
MOL_001286,1,1,5
MOL_001287,1,1,1
MOL_001288,1,1,2
MOL_001289,1,1,3
MOL_001290,1,1,4
MOL_001291,2,1,5
MOL_001292,1,1,1
MOL_001293,1,1,2
MOL_001294,1,1,3
MOL_001295,1,1,5
MOL_001296,1,1,4
MOL_001297,1,1,5
MOL_001298,1,1,1
MOL_001299,1,1,3
MOL_001300,1,1,2
MOL_001301,1,1,3
MOL_001302,1,1,4
MOL_001303,1,1,5
MOL_001304,1,1,1
MOL_001305,1,1,5
MOL_001306,1,1,2
MOL_001307,1,1,5
MOL_001308,1,1,1
MOL_001309,1,1,2
MOL_001310,1,1,2
MOL_001311,1,1,4
MOL_001312,1,1,3
MOL_001313,1,1,3
MOL_001314,1,1,3
MOL_001315,1,1,1
MOL_001316,1,1,2
MOL_001317,1,1,1
MOL_001318,1,1,4
MOL_001319,1,1,5
MOL_001320,1,1,1
MOL_001321,1,1,2
MOL_001322,1,1,4
MOL_001323,1,1,3
MOL_001324,1,1,4
MOL_001325,1,1,5
MOL_001326,1,1,1
MOL_001327,1,1,2
MOL_001328,1,1,4
MOL_001329,1,1,2
MOL_001330,1,1,5
MOL_001331,1,1,3
MOL_001332,1,1,4
MOL_001333,1,1,1
MOL_001334,1,1,2
MOL_001335,1,1,3
MOL_001336,1,1,4
MOL_001337,1,1,5
MOL_001338,1,1,5
MOL_001339,1,1,1
MOL_001340,1,1,2
MOL_001341,1,1,5
MOL_001342,1,1,3
MOL_001343,1,1,4
MOL_001344,1,1,5
MOL_001345,1,1,3
MOL_001346,1,1,4
MOL_001347,1,1,1
MOL_001348,1,1,2
MOL_001349,5,1,3
MOL_001350,2,1,5
MOL_001351,1,1,4
MOL_001352,5,1,1
MOL_001353,3,1,2
MOL_001354,3,1,3
MOL_001355,1,1,5
MOL_001356,1,1,1
MOL_001357,1,1,2
MOL_001358,1,1,3
MOL_001359,1,1,4
MOL_001360,1,1,5
MOL_001361,1,1,1
MOL_001362,1,1,2
MOL_001363,1,1,3
MOL_001364,1,1,1
MOL_001365,1,1,4
MOL_001366,1,1,5
MOL_001367,1,1,3
MOL_001368,1,1,5
MOL_001369,1,1,1
MOL_001370,1,1,2
MOL_001371,1,1,5
MOL_001372,1,1,3
MOL_001373,1,1,4
MOL_001374,3,1,1
MOL_001375,1,1,5
MOL_001376,1,1,4
MOL_001377,1,1,2
MOL_001378,1,1,1
MOL_001379,1,1,3
MOL_001380,1,1,5
MOL_001381,1,1,2
MOL_001382,1,1,5
MOL_001383,1,1,1
MOL_001384,1,1,3
MOL_001385,6,1,4
MOL_001386,1,1,2
MOL_001387,2,1,2
MOL_001388,1,1,1
MOL_001389,1,1,4
MOL_001390,1,1,1
MOL_001391,1,1,5
MOL_001392,1,1,3
MOL_001393,1,1,3
MOL_001394,1,1,5
MOL_001395,1,1,1
MOL_001396,1,1,2
MOL_001397,1,1,3
MOL_001398,1,1,4
MOL_001399,1,1,5
MOL_001400,1,1,1
MOL_001401,1,1,5
MOL_001402,1,1,2
MOL_001403,1,1,3
MOL_001404,1,1,4
MOL_001405,1,1,1
MOL_001406,1,1,2
MOL_001407,1,1,3
MOL_001408,1,1,5
MOL_001409,1,1,1
MOL_001410,1,1,4
MOL_001411,1,1,3
MOL_001412,1,1,1
MOL_001413,1,1,2
MOL_001414,1,1,3
MOL_001415,1,1,4
MOL_001416,1,1,5
MOL_001417,1,1,4
MOL_001418,1,1,1
MOL_001419,1,1,5
MOL_001420,1,1,2
MOL_001421,1,1,3
MOL_001422,1,1,4
MOL_001423,1,1,2
MOL_001424,1,1,5
MOL_001425,1,1,1
MOL_001426,1,1,3
MOL_001427,1,1,4
MOL_001428,1,1,3
MOL_001429,1,1,1
MOL_001430,1,1,2
MOL_001431,1,1,4
MOL_001432,1,1,5
MOL_001433,1,1,2
MOL_001434,1,1,2
MOL_001435,1,1,1
MOL_001436,1,1,3
MOL_001437,1,1,4
MOL_001438,1,1,5
MOL_001439,1,1,2
MOL_001440,1,1,2
MOL_001441,1,1,1
MOL_001442,1,1,3
MOL_001443,1,1,5
MOL_001444,1,1,4
MOL_001445,1,1,1
MOL_001446,1,1,4
MOL_001447,1,1,2
MOL_001448,1,1,4
MOL_001449,1,1,3
MOL_001450,1,1,5
MOL_001451,1,1,1
MOL_001452,1,1,5
MOL_001453,1,1,2
MOL_001454,1,1,3
MOL_001455,1,1,4
MOL_001456,1,1,1
MOL_001457,1,1,2
MOL_001458,1,1,3
MOL_001459,1,1,4
MOL_001460,1,1,5
MOL_001461,1,1,5
MOL_001462,1,1,1
MOL_001463,1,1,2
MOL_001464,1,1,3
MOL_001465,1,1,4
MOL_001466,1,1,4
MOL_001467,1,1,5
MOL_001468,1,1,1
MOL_001469,1,1,2
MOL_001470,1,1,3
MOL_001471,1,1,1
MOL_001472,1,1,2
MOL_001473,1,1,1
MOL_001474,2,1,3
MOL_001475,1,1,4
MOL_001476,2,1,5
MOL_001477,2,1,1
MOL_001478,1,1,3
MOL_001479,1,1,2
MOL_001480,1,1,5
MOL_001481,1,1,4
MOL_001482,1,1,3
MOL_001483,1,1,5
MOL_001484,1,1,1
MOL_001485,2,1,5
MOL_001486,1,1,2
MOL_001487,1,1,3
MOL_001488,1,1,4
MOL_001489,1,1,1
MOL_001490,1,1,2
MOL_001491,1,1,1
MOL_001492,1,1,4
MOL_001493,1,1,3
MOL_001494,1,1,4
MOL_001495,1,1,5
MOL_001496,1,1,1
MOL_001497,1,1,3
MOL_001498,2,1,2
MOL_001499,1,1,4
MOL_001500,1,1,5
MOL_001501,1,1,4
MOL_001502,1,1,1
MOL_001503,1,1,4
MOL_001504,1,1,2
MOL_001505,1,1,3
MOL_001506,1,1,2
MOL_001507,1,1,1
MOL_001508,1,1,5
MOL_001509,1,1,3
MOL_001510,1,1,1
MOL_001511,1,1,1
MOL_001512,1,1,3
MOL_001513,1,1,2
MOL_001514,1,1,5
MOL_001515,1,1,5
MOL_001516,1,1,4
MOL_001517,1,1,1
MOL_001518,1,1,3
MOL_001519,1,1,5
MOL_001520,4,1,3
MOL_001521,1,1,2
MOL_001522,1,1,3
MOL_001523,2,1,4
MOL_001524,1,1,5
MOL_001525,1,1,1
MOL_001526,1,1,2
MOL_001527,1,1,5
MOL_001528,1,1,3
MOL_001529,1,1,4
MOL_001530,1,1,1
MOL_001531,1,1,3
MOL_001532,1,1,1
MOL_001533,1,1,2
MOL_001534,1,1,5
MOL_001535,1,1,4
MOL_001536,1,1,1
MOL_001537,1,1,2
MOL_001538,1,1,3
MOL_001539,1,1,4
MOL_001540,1,1,5
MOL_001541,1,1,3
MOL_001542,1,1,2
MOL_001543,1,1,1
MOL_001544,1,1,3
MOL_001545,1,1,4
MOL_001546,1,1,5
MOL_001547,1,1,2
MOL_001548,1,1,1
MOL_001549,1,1,2
MOL_001550,1,1,3
MOL_001551,1,1,4
MOL_001552,1,1,5
MOL_001553,1,1,4
MOL_001554,1,1,1
MOL_001555,1,1,2
MOL_001556,1,1,3
MOL_001557,1,1,5
MOL_001558,1,1,1
MOL_001559,1,1,3
MOL_001560,1,1,4
MOL_001561,1,1,4
MOL_001562,1,1,5
MOL_001563,1,1,2
MOL_001564,1,1,5
MOL_001565,1,1,2
MOL_001566,1,1,2
MOL_001567,1,1,1
MOL_001568,1,1,2
MOL_001569,1,1,5
MOL_001570,1,1,1
MOL_001571,1,1,3
MOL_001572,1,1,4
MOL_001573,1,1,3
MOL_001574,1,1,1
MOL_001575,2,1,2
MOL_001576,2,1,5
MOL_001577,3,1,4
MOL_001578,1,1,4
MOL_001579,1,1,1
MOL_001580,1,1,3
MOL_001581,1,1,2
MOL_001582,2,1,3
MOL_001583,1,1,5
MOL_001584,2,1,5
MOL_001585,2,1,2
MOL_001586,2,1,4
MOL_001587,2,1,1
MOL_001588,2,1,3
MOL_001589,2,1,5
MOL_001590,2,1,3
MOL_001591,2,1,4
MOL_001592,2,1,4
MOL_001593,2,1,1
MOL_001594,1,1,2
MOL_001595,1,1,2
MOL_001596,1,1,5
MOL_001597,1,1,1
MOL_001598,1,1,2
MOL_001599,1,1,3
MOL_001600,1,1,4
MOL_001601,1,1,5
MOL_001602,1,1,4
MOL_001603,2,1,1
MOL_001604,1,1,4
MOL_001605,1,1,4
MOL_001606,2,1,2
MOL_001607,1,1,3
MOL_001608,1,1,3
MOL_001609,1,1,5
MOL_001610,1,1,4
MOL_001611,1,1,1
MOL_001612,1,1,2
MOL_001613,1,1,3
MOL_001614,1,1,5
MOL_001615,1,1,1
MOL_001616,1,1,1
MOL_001617,1,1,2
MOL_001618,1,1,3
MOL_001619,2,1,4
MOL_001620,1,1,5
MOL_001621,1,1,3
MOL_001622,1,1,1
MOL_001623,1,1,2
MOL_001624,1,1,4
MOL_001625,1,1,5
MOL_001626,13,1,5
MOL_001627,1,1,1
MOL_001628,1,1,3
MOL_001629,1,1,2
MOL_001630,1,1,5
MOL_001631,1,1,4
MOL_001632,13,1,2
MOL_001633,1,1,1
MOL_001634,1,1,2
MOL_001635,1,1,3
MOL_001636,1,1,1
MOL_001637,1,1,5
MOL_001638,1,1,5
MOL_001639,1,1,4
MOL_001640,1,1,1
MOL_001641,1,1,2
MOL_001642,1,1,3
MOL_001643,1,1,5
MOL_001644,1,1,4
MOL_001645,1,1,1
MOL_001646,1,1,2
MOL_001647,1,1,3
MOL_001648,1,1,5
MOL_001649,1,1,4
MOL_001650,1,1,4
MOL_001651,1,1,1
MOL_001652,3,1,2
MOL_001653,1,1,3
MOL_001654,1,1,5
MOL_001655,1,1,3
MOL_001656,1,1,1
MOL_001657,1,1,2
MOL_001658,1,1,1
MOL_001659,1,1,3
MOL_001660,1,1,4
MOL_001661,1,1,5
MOL_001662,1,1,1
MOL_001663,1,1,1
MOL_001664,1,1,2
MOL_001665,1,1,4
MOL_001666,1,1,5
MOL_001667,1,1,3
MOL_001668,1,1,2
MOL_001669,2,1,4
MOL_001670,1,1,1
MOL_001671,1,1,3
MOL_001672,1,1,3
MOL_001673,1,1,4
MOL_001674,1,1,2
MOL_001675,1,1,5
MOL_001676,1,1,1
MOL_001677,1,1,4
MOL_001678,1,1,2
MOL_001679,1,1,1
MOL_001680,2,1,5
MOL_001681,1,1,3
MOL_001682,1,1,2
MOL_001683,1,1,4
MOL_001684,1,1,5
MOL_001685,1,1,1
MOL_001686,2,1,4
MOL_001687,1,1,2
MOL_001688,1,1,5
MOL_001689,1,1,4
MOL_001690,1,1,3
MOL_001691,1,1,4
MOL_001692,1,1,2
MOL_001693,1,1,1
MOL_001694,1,1,2
MOL_001695,1,1,3
MOL_001696,1,1,5
MOL_001697,1,1,1
MOL_001698,1,1,2
MOL_001699,1,1,3
MOL_001700,1,1,3
MOL_001701,2,1,4
MOL_001702,1,1,4
MOL_001703,1,1,5
MOL_001704,1,1,1
MOL_001705,1,1,2
MOL_001706,1,1,3
MOL_001707,1,1,4
MOL_001708,1,1,5
MOL_001709,1,1,1
MOL_001710,1,1,2
MOL_001711,1,1,1
MOL_001712,1,1,5
MOL_001713,1,1,2
MOL_001714,2,1,3
MOL_001715,1,1,1
MOL_001716,1,1,4
MOL_001717,1,1,3
MOL_001718,1,1,1
MOL_001719,1,1,2
MOL_001720,1,1,3
MOL_001721,1,1,4
MOL_001722,1,1,5
MOL_001723,1,1,5
MOL_001724,1,1,1
MOL_001725,1,1,3
MOL_001726,1,1,2
MOL_001727,1,1,4
MOL_001728,1,1,3
MOL_001729,1,1,5
MOL_001730,1,1,1
MOL_001731,1,1,2
MOL_001732,1,1,5
MOL_001733,1,1,3
MOL_001734,1,1,4
MOL_001735,2,1,1
MOL_001736,1,1,2
MOL_001737,1,1,3
MOL_001738,1,1,4
MOL_001739,1,1,3
MOL_001740,1,1,5
MOL_001741,1,1,1
MOL_001742,1,1,1
MOL_001743,1,1,4
MOL_001744,1,1,2
MOL_001745,1,1,3
MOL_001746,1,1,4
MOL_001747,1,1,5
MOL_001748,1,1,1
MOL_001749,2,1,2
MOL_001750,1,1,3
MOL_001751,1,1,4
MOL_001752,1,1,5
MOL_001753,1,1,3
MOL_001754,1,1,1
MOL_001755,1,1,5
MOL_001756,1,1,2
MOL_001757,1,1,4
MOL_001758,1,1,1
MOL_001759,1,1,2
MOL_001760,1,1,3
MOL_001761,1,1,4
MOL_001762,1,1,5
MOL_001763,1,1,5
MOL_001764,1,1,1
MOL_001765,1,1,2
MOL_001766,1,1,3
MOL_001767,1,1,3
MOL_001768,1,1,4
MOL_001769,2,1,5
MOL_001770,1,1,1
MOL_001771,1,1,3
MOL_001772,1,1,2
MOL_001773,1,1,4
MOL_001774,1,1,5
MOL_001775,1,1,1
MOL_001776,1,1,2
MOL_001777,1,1,3
MOL_001778,1,1,5
MOL_001779,2,1,4
MOL_001780,1,1,4
MOL_001781,1,1,1
MOL_001782,1,1,2
MOL_001783,1,1,3
MOL_001784,2,1,5
MOL_001785,1,1,2
MOL_001786,1,1,3
MOL_001787,1,1,1
MOL_001788,1,1,4
MOL_001789,1,1,5
MOL_001790,1,1,5
MOL_001791,1,1,1
MOL_001792,1,1,2
MOL_001793,1,1,3
MOL_001794,1,1,4
MOL_001795,1,1,1
MOL_001796,1,1,2
MOL_001797,1,1,3
MOL_001798,3,1,5
MOL_001799,1,1,2
MOL_001800,1,1,4
MOL_001801,1,1,1
MOL_001802,1,1,2
MOL_001803,2,1,3
MOL_001804,1,1,5
MOL_001805,1,1,4
MOL_001806,1,1,5
MOL_001807,1,1,3
MOL_001808,1,1,1
MOL_001809,1,1,3
MOL_001810,1,1,2
MOL_001811,1,1,5
MOL_001812,1,1,4
MOL_001813,1,1,4
MOL_001814,1,1,1
MOL_001815,1,1,2
MOL_001816,1,1,5
MOL_001817,1,1,3
MOL_001818,1,1,5
MOL_001819,1,1,1
MOL_001820,1,1,2
MOL_001821,1,1,3
MOL_001822,1,1,4
MOL_001823,1,1,5
MOL_001824,1,1,4
MOL_001825,1,1,2
MOL_001826,1,1,3
MOL_001827,1,1,5
MOL_001828,1,1,1
MOL_001829,1,1,2
MOL_001830,1,1,3
MOL_001831,1,1,1
MOL_001832,1,1,4
MOL_001833,1,1,5
MOL_001834,1,1,5
MOL_001835,1,1,1
MOL_001836,1,1,2
MOL_001837,1,1,3
MOL_001838,1,1,4
MOL_001839,1,1,2
MOL_001840,1,1,1
MOL_001841,3,1,2
MOL_001842,2,1,5
MOL_001843,3,1,4
MOL_001844,2,1,3
MOL_001845,6,1,5
MOL_001846,1,1,1
MOL_001847,1,1,4
MOL_001848,1,1,2
MOL_001849,3,1,3
MOL_001850,4,1,4
MOL_001851,1,1,1
MOL_001852,1,1,1
MOL_001853,3,1,4
MOL_001854,1,1,1
MOL_001855,1,1,2
MOL_001856,1,1,5
MOL_001857,1,1,5
MOL_001858,1,1,3
MOL_001859,1,1,1
MOL_001860,1,1,1
MOL_001861,1,1,2
MOL_001862,1,1,3
MOL_001863,1,1,4
MOL_001864,1,1,5
MOL_001865,1,1,2
MOL_001866,2,1,3
MOL_001867,1,1,1
MOL_001868,1,1,4
MOL_001869,1,1,5
MOL_001870,1,1,3
MOL_001871,1,1,4
MOL_001872,1,1,5
MOL_001873,1,1,1
MOL_001874,1,1,2
MOL_001875,1,1,3
MOL_001876,1,1,2
MOL_001877,1,1,3
MOL_001878,1,1,4
MOL_001879,1,1,1
MOL_001880,1,1,1
MOL_001881,1,1,5
MOL_001882,1,1,1
MOL_001883,1,1,2
MOL_001884,2,1,3
MOL_001885,1,1,5
MOL_001886,2,1,4
MOL_001887,1,1,1
MOL_001888,2,1,2
MOL_001889,1,1,3
MOL_001890,1,1,4
MOL_001891,2,1,5
MOL_001892,1,1,4
MOL_001893,1,1,1
MOL_001894,2,1,5
MOL_001895,1,1,2
MOL_001896,1,1,3
MOL_001897,2,1,3
MOL_001898,1,1,1
MOL_001899,1,1,2
MOL_001900,1,1,4
MOL_001901,1,1,2
MOL_001902,1,1,4
MOL_001903,1,1,3
MOL_001904,1,1,5
MOL_001905,1,1,3
MOL_001906,1,1,1
MOL_001907,1,1,5
MOL_001908,1,1,4
MOL_001909,1,1,1
MOL_001910,1,1,4
MOL_001911,1,1,2
MOL_001912,1,1,5
MOL_001913,1,1,1
MOL_001914,1,1,3
MOL_001915,1,1,4
MOL_001916,1,1,5
MOL_001917,1,1,2
MOL_001918,1,1,1
MOL_001919,1,1,1
MOL_001920,1,1,2
MOL_001921,1,1,3
MOL_001922,1,1,4
MOL_001923,2,1,5
MOL_001924,1,1,1
MOL_001925,1,1,4
MOL_001926,1,1,2
MOL_001927,3,1,5
MOL_001928,1,1,3
MOL_001929,3,1,1
MOL_001930,1,1,2
MOL_001931,2,1,3
MOL_001932,1,1,4
MOL_001933,1,1,5
MOL_001934,1,1,1
MOL_001935,1,1,2
MOL_001936,1,1,3
MOL_001937,1,1,5
MOL_001938,1,1,4
MOL_001939,1,1,1
MOL_001940,1,1,2
MOL_001941,1,1,3
MOL_001942,1,1,4
MOL_001943,3,1,5
MOL_001944,1,1,4
MOL_001945,1,1,5
MOL_001946,1,1,5
MOL_001947,1,1,1
MOL_001948,1,1,2
MOL_001949,1,1,3
MOL_001950,1,1,5
MOL_001951,1,1,3
MOL_001952,1,1,4
MOL_001953,1,1,1
MOL_001954,1,1,2
MOL_001955,1,1,5
MOL_001956,1,1,2
MOL_001957,1,1,4
MOL_001958,1,1,5
MOL_001959,1,1,1
MOL_001960,1,1,2
MOL_001961,1,1,3
MOL_001962,1,1,4
MOL_001963,1,1,1
MOL_001964,1,1,2
MOL_001965,1,1,5
MOL_001966,3,1,3
MOL_001967,1,1,4
MOL_001968,1,1,4
MOL_001969,1,1,3
MOL_001970,1,1,1
MOL_001971,2,1,2
MOL_001972,1,1,5
MOL_001973,1,1,5
MOL_001974,1,1,5
MOL_001975,1,1,1
MOL_001976,1,1,2
MOL_001977,1,1,3
MOL_001978,1,1,4
MOL_001979,1,1,2
MOL_001980,1,1,3
MOL_001981,1,1,5
MOL_001982,1,1,5
MOL_001983,1,1,1
MOL_001984,1,1,4
MOL_001985,1,1,2
MOL_001986,1,1,1
MOL_001987,2,1,1
MOL_001988,1,1,3
MOL_001989,1,1,3
MOL_001990,1,1,4
MOL_001991,2,1,3
MOL_001992,2,1,2
MOL_001993,1,1,1
MOL_001994,1,1,4
MOL_001995,1,1,1
MOL_001996,1,1,5
MOL_001997,1,1,1
MOL_001998,2,1,2
MOL_001999,1,1,3
MOL_002000,1,1,4
MOL_002001,1,1,5
MOL_002002,14,1,1
MOL_002003,1,1,2
MOL_002004,1,1,3
MOL_002005,6,1,4
MOL_002006,1,1,5
MOL_002007,1,1,1
MOL_002008,1,1,3
MOL_002009,1,1,2
MOL_002010,1,1,4
MOL_002011,1,1,5
MOL_002012,1,1,1
MOL_002013,2,1,5
MOL_002014,1,1,2
MOL_002015,1,1,3
MOL_002016,2,1,1
MOL_002017,1,1,4
MOL_002018,1,1,1
MOL_002019,1,1,5
MOL_002020,1,1,2
MOL_002021,2,1,3
MOL_002022,2,1,4
MOL_002023,4,1,5
MOL_002024,1,1,2
MOL_002025,3,1,1
MOL_002026,3,1,3
MOL_002027,1,1,5
MOL_002028,1,1,5
MOL_002029,1,1,4
MOL_002030,1,1,1
MOL_002031,1,1,4
MOL_002032,3,1,2
MOL_002033,1,1,3
MOL_002034,1,1,3
MOL_002035,1,1,5
MOL_002036,1,1,2
MOL_002037,1,1,1
MOL_002038,1,1,3
MOL_002039,1,1,4
MOL_002040,2,1,5
MOL_002041,4,1,3
MOL_002042,1,1,1
MOL_002043,1,1,5
MOL_002044,1,1,2
MOL_002045,1,1,4
MOL_002046,1,1,1
MOL_002047,1,1,2
MOL_002048,1,1,3
MOL_002049,1,1,4
MOL_002050,3,1,2
MOL_002051,1,1,5
MOL_002052,1,1,2
MOL_002053,1,1,1
MOL_002054,1,1,2
MOL_002055,1,1,4
MOL_002056,3,1,2
MOL_002057,1,1,4
MOL_002058,4,1,5
MOL_002059,1,1,3
MOL_002060,1,1,5
MOL_002061,1,1,3
MOL_002062,1,1,1
MOL_002063,1,1,3
MOL_002064,1,1,4
MOL_002065,1,1,2
MOL_002066,2,1,2
MOL_002067,2,1,5
MOL_002068,1,1,1
MOL_002069,2,1,4
MOL_002070,1,1,3
MOL_002071,1,1,4
MOL_002072,1,1,5
MOL_002073,1,1,1
MOL_002074,1,1,3
MOL_002075,1,1,5
MOL_002076,1,1,1
MOL_002077,1,1,5
MOL_002078,1,1,2
MOL_002079,1,1,4
MOL_002080,1,1,2
MOL_002081,1,1,3
MOL_002082,1,1,1
MOL_002083,1,1,5
MOL_002084,1,1,4
MOL_002085,1,1,4
MOL_002086,1,1,3
MOL_002087,1,1,1
MOL_002088,1,1,4
MOL_002089,1,1,2
MOL_002090,1,1,3
MOL_002091,1,1,5
MOL_002092,1,1,4
MOL_002093,1,1,3
MOL_002094,1,1,1
MOL_002095,1,1,2
MOL_002096,6,1,5
MOL_002097,1,1,1
MOL_002098,1,1,3
MOL_002099,1,1,2
MOL_002100,1,1,4
MOL_002101,3,1,5
MOL_002102,1,1,4
MOL_002103,2,1,5
MOL_002104,1,1,1
MOL_002105,1,1,2
MOL_002106,1,1,3
MOL_002107,1,1,1
MOL_002108,2,1,2
MOL_002109,1,1,5
MOL_002110,1,1,2
MOL_002111,5,1,3
MOL_002112,2,1,1
MOL_002113,1,1,5
MOL_002114,2,1,4
MOL_002115,1,1,1
MOL_002116,1,1,2
MOL_002117,2,1,4
MOL_002118,6,1,1
MOL_002119,1,1,3
MOL_002120,2,1,5
MOL_002121,1,1,1
MOL_002122,1,1,3
MOL_002123,1,1,2
MOL_002124,3,1,3
MOL_002125,3,1,4
MOL_002126,1,1,5
MOL_002127,2,1,1
MOL_002128,2,1,4
MOL_002129,1,1,4
MOL_002130,1,1,2
MOL_002131,1,1,3
MOL_002132,1,1,5
MOL_002133,1,1,1
MOL_002134,2,1,2
MOL_002135,1,1,5
MOL_002136,1,1,3
MOL_002137,1,1,5
MOL_002138,1,1,4
MOL_002139,1,1,2
MOL_002140,1,1,1
MOL_002141,1,1,2
MOL_002142,1,1,3
MOL_002143,1,1,4
MOL_002144,1,1,5
MOL_002145,1,1,3
MOL_002146,2,1,1
MOL_002147,1,1,2
MOL_002148,5,1,3
MOL_002149,1,1,5
MOL_002150,1,1,4
MOL_002151,1,1,2
MOL_002152,2,1,4
MOL_002153,2,1,2
MOL_002154,1,1,1
MOL_002155,1,1,3
MOL_002156,1,1,4
MOL_002157,2,1,5
MOL_002158,1,1,4
MOL_002159,1,1,2
MOL_002160,1,1,5
MOL_002161,1,1,1
MOL_002162,2,1,2
MOL_002163,2,1,3
MOL_002164,2,1,3
MOL_002165,1,1,5
MOL_002166,2,1,2
MOL_002167,2,1,1
MOL_002168,1,1,3
MOL_002169,2,1,4
MOL_002170,1,1,5
MOL_002171,1,1,3
MOL_002172,1,1,1
MOL_002173,1,1,3
MOL_002174,1,1,2
MOL_002175,1,1,4
MOL_002176,1,1,1
MOL_002177,1,1,5
MOL_002178,1,1,4
MOL_002179,1,1,5
MOL_002180,1,1,1
MOL_002181,1,1,2
MOL_002182,1,1,3
MOL_002183,1,1,4
MOL_002184,1,1,5
MOL_002185,1,1,5
MOL_002186,2,1,1
MOL_002187,1,1,2
MOL_002188,1,1,3
MOL_002189,2,1,4
MOL_002190,1,1,5
MOL_002191,1,1,2
MOL_002192,1,1,3
MOL_002193,1,1,1
MOL_002194,2,1,4
MOL_002195,1,1,2
MOL_002196,1,1,5
MOL_002197,1,1,1
MOL_002198,1,1,2
MOL_002199,1,1,3
MOL_002200,1,1,1
MOL_002201,1,1,5
MOL_002202,3,1,5
MOL_002203,3,1,4
MOL_002204,1,1,4
MOL_002205,2,1,1
MOL_002206,1,1,2
MOL_002207,3,1,3
MOL_002208,1,1,1
MOL_002209,1,1,5
MOL_002210,1,1,2
MOL_002211,1,1,1
MOL_002212,1,1,4
MOL_002213,1,1,3
MOL_002214,5,1,2
MOL_002215,2,1,5
MOL_002216,1,1,1
MOL_002217,1,1,2
MOL_002218,3,1,3
MOL_002219,1,1,4
MOL_002220,2,1,5
MOL_002221,1,1,1
MOL_002222,3,1,3
MOL_002223,1,1,4
MOL_002224,1,1,5
MOL_002225,1,1,4
MOL_002226,1,1,2
MOL_002227,2,1,5
MOL_002228,3,1,3
MOL_002229,1,1,1
MOL_002230,1,1,5
MOL_002231,1,1,2
MOL_002232,3,1,3
MOL_002233,1,1,4
MOL_002234,1,1,1
MOL_002235,1,1,4
MOL_002236,1,1,2
MOL_002237,1,1,3
MOL_002238,1,1,3
MOL_002239,1,1,4
MOL_002240,1,1,5
MOL_002241,1,1,1
MOL_002242,1,1,4
MOL_002243,1,1,2
MOL_002244,1,1,3
MOL_002245,1,1,5
MOL_002246,1,1,1
MOL_002247,1,1,2
MOL_002248,1,1,3
MOL_002249,1,1,4
MOL_002250,1,1,5
MOL_002251,1,1,2
MOL_002252,1,1,1
MOL_002253,1,1,2
MOL_002254,1,1,3
MOL_002255,1,1,4
MOL_002256,1,1,5
MOL_002257,1,1,2
MOL_002258,1,1,1
MOL_002259,1,1,3
MOL_002260,1,1,4
MOL_002261,2,1,2
MOL_002262,1,1,5
MOL_002263,1,1,2
MOL_002264,1,1,5
MOL_002265,1,1,1
MOL_002266,1,1,3
MOL_002267,1,1,4
MOL_002268,2,1,4
MOL_002269,1,1,2
MOL_002270,1,1,5
MOL_002271,1,1,3
MOL_002272,1,1,1
MOL_002273,3,1,5
MOL_002274,1,1,4
MOL_002275,1,1,1
MOL_002276,1,1,2
MOL_002277,2,1,3
MOL_002278,1,1,4
MOL_002279,1,1,1
MOL_002280,1,1,3
MOL_002281,1,1,2
MOL_002282,2,1,4
MOL_002283,2,1,5
MOL_002284,2,1,5
MOL_002285,1,1,1
MOL_002286,1,1,2
MOL_002287,1,1,1
MOL_002288,1,1,3
MOL_002289,1,1,4
MOL_002290,1,1,1
MOL_002291,1,1,2
MOL_002292,1,1,5
MOL_002293,1,1,3
MOL_002294,1,1,4
MOL_002295,1,1,5
MOL_002296,1,1,1
MOL_002297,2,1,2
MOL_002298,1,1,3
MOL_002299,1,1,5
MOL_002300,1,1,4
MOL_002301,1,1,1
MOL_002302,2,1,4
MOL_002303,1,1,2
MOL_002304,1,1,3
MOL_002305,1,1,5
MOL_002306,1,1,3
MOL_002307,1,1,1
MOL_002308,1,1,2
MOL_002309,1,1,4
MOL_002310,1,1,5
MOL_002311,1,1,4
MOL_002312,1,1,1
MOL_002313,1,1,2
MOL_002314,1,1,3
MOL_002315,1,1,5
MOL_002316,1,1,3
MOL_002317,1,1,4
MOL_002318,1,1,4
MOL_002319,1,1,1
MOL_002320,1,1,2
MOL_002321,1,1,5
MOL_002322,1,1,1
MOL_002323,1,1,2
MOL_002324,1,1,4
MOL_002325,1,1,3
MOL_002326,1,1,2
MOL_002327,1,1,5
MOL_002328,1,1,5
MOL_002329,1,1,1
MOL_002330,1,1,2
MOL_002331,1,1,3
MOL_002332,1,1,4
MOL_002333,1,1,1
MOL_002334,1,1,5
MOL_002335,1,1,2
MOL_002336,1,1,3
MOL_002337,1,1,4
MOL_002338,1,1,1
MOL_002339,1,1,4
MOL_002340,1,1,1
MOL_002341,1,1,2
MOL_002342,1,1,3
MOL_002343,1,1,5
MOL_002344,1,1,5
MOL_002345,1,1,1
MOL_002346,1,1,2
MOL_002347,1,1,1
MOL_002348,1,1,3
MOL_002349,1,1,4
MOL_002350,1,1,1
MOL_002351,1,1,5
MOL_002352,1,1,2
MOL_002353,1,1,3
MOL_002354,1,1,4
MOL_002355,1,1,4
MOL_002356,1,1,1
MOL_002357,1,1,2
MOL_002358,1,1,3
MOL_002359,1,1,5
MOL_002360,1,1,1
MOL_002361,1,1,2
MOL_002362,1,1,3
MOL_002363,1,1,4
MOL_002364,1,1,4
MOL_002365,1,1,5
MOL_002366,1,1,3
MOL_002367,1,1,1
MOL_002368,1,1,4
MOL_002369,1,1,5
MOL_002370,1,1,2
MOL_002371,1,1,1
MOL_002372,1,1,2
MOL_002373,1,1,3
MOL_002374,1,1,4
MOL_002375,1,1,5
MOL_002376,1,1,3
MOL_002377,1,1,4
MOL_002378,1,1,1
MOL_002379,1,1,2
MOL_002380,1,1,3
MOL_002381,1,1,5
MOL_002382,1,1,5
MOL_002383,1,1,2
MOL_002384,1,1,1
MOL_002385,1,1,3
MOL_002386,1,1,4
MOL_002387,1,1,5
MOL_002388,1,1,1
MOL_002389,1,1,2
MOL_002390,1,1,3
MOL_002391,1,1,4
MOL_002392,2,1,5
MOL_002393,1,1,1
MOL_002394,4,1,2
MOL_002395,1,1,3
MOL_002396,1,1,4
MOL_002397,1,1,5
MOL_002398,1,1,2
MOL_002399,2,1,1
MOL_002400,1,1,4
MOL_002401,1,1,3
MOL_002402,1,1,5
MOL_002403,1,1,1
MOL_002404,1,1,2
MOL_002405,2,1,3
MOL_002406,4,1,4
MOL_002407,1,1,4
MOL_002408,1,1,5
MOL_002409,1,1,5
MOL_002410,1,1,1
MOL_002411,2,1,2
MOL_002412,1,1,3
MOL_002413,2,1,5
MOL_002414,1,1,4
MOL_002415,1,1,5
MOL_002416,1,1,2
MOL_002417,1,1,3
MOL_002418,1,1,1
MOL_002419,1,1,2
MOL_002420,1,1,4
MOL_002421,1,1,5
MOL_002422,2,1,5
MOL_002423,2,1,1
MOL_002424,1,1,2
MOL_002425,1,1,3
MOL_002426,3,1,4
MOL_002427,2,1,2
MOL_002428,1,1,5
MOL_002429,2,1,1
MOL_002430,2,1,3
MOL_002431,1,1,4
MOL_002432,2,1,4
MOL_002433,2,1,3
MOL_002434,1,1,1
MOL_002435,2,1,2
MOL_002436,3,1,5
MOL_002437,1,1,3
MOL_002438,1,1,5
MOL_002439,4,1,1
MOL_002440,1,1,1
MOL_002441,2,1,3
MOL_002442,1,1,2
MOL_002443,1,1,3
MOL_002444,1,1,4
MOL_002445,2,1,4
MOL_002446,1,1,5
MOL_002447,1,1,5
MOL_002448,1,1,1
MOL_002449,1,1,2
MOL_002450,2,1,3
MOL_002451,1,1,4
MOL_002452,1,1,1
MOL_002453,1,1,4
MOL_002454,1,1,5
MOL_002455,1,1,1
MOL_002456,1,1,2
MOL_002457,1,1,3
MOL_002458,2,1,1
MOL_002459,1,1,5
MOL_002460,1,1,4
MOL_002461,1,1,5
MOL_002462,1,1,2
MOL_002463,1,1,3
MOL_002464,1,1,2
MOL_002465,1,1,2
MOL_002466,1,1,4
MOL_002467,1,1,3
MOL_002468,1,1,1
MOL_002469,1,1,4
MOL_002470,1,1,5
MOL_002471,1,1,1
MOL_002472,1,1,2
MOL_002473,1,1,4
MOL_002474,1,1,3
MOL_002475,1,1,5
MOL_002476,1,1,1
MOL_002477,1,1,2
MOL_002478,1,1,3
MOL_002479,1,1,5
MOL_002480,1,1,4
MOL_002481,1,1,1
MOL_002482,1,1,2
MOL_002483,1,1,3
MOL_002484,1,1,4
MOL_002485,1,1,5
MOL_002486,1,1,3
MOL_002487,1,1,4
MOL_002488,1,1,1
MOL_002489,1,1,5
MOL_002490,2,1,2
MOL_002491,1,1,3
MOL_002492,1,1,2
MOL_002493,1,1,1
MOL_002494,1,1,1
MOL_002495,1,1,4
MOL_002496,1,1,3
MOL_002497,1,1,4
MOL_002498,3,1,5
MOL_002499,1,1,1
MOL_002500,1,1,4
MOL_002501,1,1,5
MOL_002502,2,1,4
MOL_002503,3,1,2
MOL_002504,1,1,3
MOL_002505,2,1,4
MOL_002506,2,1,2
MOL_002507,1,1,1
MOL_002508,1,1,5
MOL_002509,1,1,3
MOL_002510,1,1,5
MOL_002511,1,1,5
MOL_002512,1,1,1
MOL_002513,1,1,4
MOL_002514,1,1,2
MOL_002515,1,1,3
MOL_002516,1,1,4
MOL_002517,1,1,1
MOL_002518,1,1,5
MOL_002519,1,1,2
MOL_002520,1,1,3
MOL_002521,1,1,4
MOL_002522,1,1,1
MOL_002523,1,1,5
MOL_002524,1,1,2
MOL_002525,1,1,3
MOL_002526,1,1,4
MOL_002527,1,1,1
MOL_002528,1,1,3
MOL_002529,1,1,5
MOL_002530,1,1,4
MOL_002531,1,1,2
MOL_002532,1,1,1
MOL_002533,1,1,3
MOL_002534,1,1,2
MOL_002535,1,1,4
MOL_002536,1,1,5
MOL_002537,1,1,1
MOL_002538,1,1,2
MOL_002539,1,1,3
MOL_002540,1,1,4
MOL_002541,1,1,2
MOL_002542,1,1,5
MOL_002543,1,1,4
MOL_002544,1,1,1
MOL_002545,1,1,2
MOL_002546,1,1,3
MOL_002547,1,1,1
MOL_002548,1,1,5
MOL_002549,1,1,1
MOL_002550,1,1,3
MOL_002551,1,1,4
MOL_002552,1,1,2
MOL_002553,1,1,5
MOL_002554,1,1,1
MOL_002555,1,1,4
MOL_002556,1,1,5
MOL_002557,1,1,2
MOL_002558,2,1,3
MOL_002559,1,1,4
MOL_002560,5,1,2
MOL_002561,3,1,3
MOL_002562,1,1,1
MOL_002563,1,1,4
MOL_002564,1,1,5
MOL_002565,1,1,5
MOL_002566,1,1,4
MOL_002567,2,1,1
MOL_002568,1,1,2
MOL_002569,1,1,3
MOL_002570,1,1,5
MOL_002571,1,1,1
MOL_002572,2,1,3
MOL_002573,1,1,3
MOL_002574,1,1,5
MOL_002575,1,1,2
MOL_002576,1,1,3
MOL_002577,1,1,4
MOL_002578,1,1,2
MOL_002579,1,1,4
MOL_002580,1,1,1
MOL_002581,1,1,5
MOL_002582,1,1,4
MOL_002583,2,1,3
MOL_002584,1,1,3
MOL_002585,1,1,5
MOL_002586,1,1,1
MOL_002587,1,1,2
MOL_002588,3,1,2
MOL_002589,11,1,4
MOL_002590,10,1,2
MOL_002591,1,1,5
MOL_002592,1,1,1
MOL_002593,1,1,3
MOL_002594,1,1,3
MOL_002595,1,1,4
MOL_002596,1,1,1
MOL_002597,1,1,4
MOL_002598,1,1,2
MOL_002599,1,1,3
MOL_002600,2,1,5
MOL_002601,3,1,1
MOL_002602,1,1,2
MOL_002603,1,1,4
MOL_002604,1,1,3
MOL_002605,1,1,1
MOL_002606,1,1,5
MOL_002607,1,1,5
MOL_002608,1,1,1
MOL_002609,1,1,3
MOL_002610,1,1,5
MOL_002611,1,1,2
MOL_002612,1,1,4
MOL_002613,1,1,4
MOL_002614,1,1,1
MOL_002615,1,1,2
MOL_002616,1,1,4
MOL_002617,1,1,3
MOL_002618,1,1,5
MOL_002619,1,1,1
MOL_002620,1,1,2
MOL_002621,1,1,3
MOL_002622,1,1,4
MOL_002623,3,1,5
MOL_002624,1,1,2
MOL_002625,1,1,4
MOL_002626,1,1,1
MOL_002627,1,1,2
MOL_002628,1,1,3
MOL_002629,1,1,2
MOL_002630,1,1,5
MOL_002631,1,1,1
MOL_002632,1,1,4
MOL_002633,1,1,1
MOL_002634,1,1,2
MOL_002635,4,1,3
MOL_002636,1,1,5
MOL_002637,2,1,5
MOL_002638,1,1,3
MOL_002639,2,1,3
MOL_002640,2,1,1
MOL_002641,1,1,2
MOL_002642,1,1,3
MOL_002643,1,1,4
MOL_002644,1,1,4
MOL_002645,1,1,2
MOL_002646,1,1,1
MOL_002647,2,1,5
MOL_002648,1,1,1
MOL_002649,1,1,2
MOL_002650,1,1,3
MOL_002651,1,1,4
MOL_002652,1,1,5
MOL_002653,1,1,4
MOL_002654,1,1,1
MOL_002655,1,1,2
MOL_002656,1,1,3
MOL_002657,2,1,5
MOL_002658,2,1,3
MOL_002659,1,1,5
MOL_002660,1,1,2
MOL_002661,1,1,4
MOL_002662,1,1,4
MOL_002663,1,1,1
MOL_002664,1,1,3
MOL_002665,1,1,5
MOL_002666,1,1,2
MOL_002667,1,1,3
MOL_002668,1,1,4
MOL_002669,1,1,1
MOL_002670,1,1,5
MOL_002671,5,1,1
MOL_002672,1,1,3
MOL_002673,1,1,2
MOL_002674,1,1,3
MOL_002675,1,1,4
MOL_002676,1,1,5
MOL_002677,1,1,2
MOL_002678,1,1,1
MOL_002679,1,1,4
MOL_002680,1,1,1
MOL_002681,2,1,5
MOL_002682,1,1,3
MOL_002683,1,1,3
MOL_002684,1,1,2
MOL_002685,1,1,5
MOL_002686,1,1,1
MOL_002687,1,1,2
MOL_002688,1,1,2
MOL_002689,3,1,1
MOL_002690,3,1,4
MOL_002691,1,1,4
MOL_002692,1,1,4
MOL_002693,1,1,5
MOL_002694,1,1,3
MOL_002695,1,1,3
MOL_002696,1,1,1
MOL_002697,2,1,2
MOL_002698,1,1,5
MOL_002699,1,1,1
MOL_002700,1,1,5
MOL_002701,1,1,5
MOL_002702,1,1,2
MOL_002703,1,1,3
MOL_002704,1,1,3
MOL_002705,1,1,3
MOL_002706,1,1,4
MOL_002707,1,1,1
MOL_002708,1,1,5
MOL_002709,1,1,2
MOL_002710,1,1,3
MOL_002711,1,1,4
MOL_002712,1,1,1
MOL_002713,1,1,3
MOL_002714,1,1,4
MOL_002715,1,1,5
MOL_002716,1,1,2
MOL_002717,1,1,2
MOL_002718,1,1,1
MOL_002719,1,1,3
MOL_002720,1,1,4
MOL_002721,2,1,5
MOL_002722,2,1,1
MOL_002723,1,1,1
MOL_002724,1,1,4
MOL_002725,1,1,4
MOL_002726,1,1,5
MOL_002727,1,1,2
MOL_002728,1,1,3
MOL_002729,1,1,1
MOL_002730,1,1,4
MOL_002731,1,1,5
MOL_002732,1,1,2
MOL_002733,1,1,3
MOL_002734,1,1,5
MOL_002735,1,1,3
MOL_002736,1,1,1
MOL_002737,1,1,2
MOL_002738,1,1,2
MOL_002739,1,1,4
MOL_002740,1,1,5
MOL_002741,1,1,1
MOL_002742,1,1,2
MOL_002743,1,1,3
MOL_002744,1,1,4
MOL_002745,1,1,2
MOL_002746,1,1,5
MOL_002747,1,1,5
MOL_002748,1,1,1
MOL_002749,1,1,2
MOL_002750,1,1,1
MOL_002751,1,1,3
MOL_002752,1,1,4
MOL_002753,1,1,1
MOL_002754,1,1,2
MOL_002755,1,1,3
MOL_002756,2,1,4
MOL_002757,1,1,1
MOL_002758,1,1,2
MOL_002759,2,1,3
MOL_002760,2,1,5
MOL_002761,2,1,4
MOL_002762,1,1,1
MOL_002763,1,1,3
MOL_002764,1,1,4
MOL_002765,1,1,2
MOL_002766,1,1,3
MOL_002767,1,1,3
MOL_002768,1,1,5
MOL_002769,1,1,4
MOL_002770,1,1,1
MOL_002771,1,1,4
MOL_002772,1,1,2
MOL_002773,1,1,1
MOL_002774,1,1,5
MOL_002775,1,1,2
MOL_002776,1,1,1
MOL_002777,1,1,3
MOL_002778,1,1,5
MOL_002779,1,1,4
MOL_002780,1,1,1
MOL_002781,1,1,5
MOL_002782,1,1,2
MOL_002783,1,1,2
MOL_002784,1,1,3
MOL_002785,1,1,4
MOL_002786,3,1,1
MOL_002787,1,1,2
MOL_002788,1,1,4
MOL_002789,1,1,3
MOL_002790,1,1,5
MOL_002791,1,1,2
MOL_002792,1,1,1
MOL_002793,1,1,3
MOL_002794,1,1,4
MOL_002795,1,1,5
MOL_002796,1,1,2
MOL_002797,1,1,5
MOL_002798,2,1,1
MOL_002799,7,1,2
MOL_002800,1,1,1
MOL_002801,1,1,3
MOL_002802,1,1,3
MOL_002803,1,1,4
MOL_002804,4,1,1
MOL_002805,1,1,3
MOL_002806,1,1,4
MOL_002807,2,1,5
MOL_002808,3,1,5
MOL_002809,1,1,2
MOL_002810,1,1,5
MOL_002811,2,1,1
MOL_002812,2,1,2
MOL_002813,5,1,3
MOL_002814,1,1,4
MOL_002815,1,1,5
MOL_002816,1,1,1
MOL_002817,1,1,2
MOL_002818,1,1,3
MOL_002819,1,1,4
MOL_002820,1,1,5
MOL_002821,1,1,1
MOL_002822,2,1,3
MOL_002823,1,1,2
MOL_002824,1,1,5
MOL_002825,4,1,4
MOL_002826,1,1,1
MOL_002827,1,1,2
MOL_002828,1,1,4
MOL_002829,5,1,3
MOL_002830,2,1,5
MOL_002831,1,1,1
MOL_002832,1,1,4
MOL_002833,1,1,2
MOL_002834,1,1,3
MOL_002835,1,1,4
MOL_002836,1,1,5
MOL_002837,1,1,1
MOL_002838,1,1,2
MOL_002839,1,1,3
MOL_002840,1,1,4
MOL_002841,3,1,2
MOL_002842,1,1,5
MOL_002843,1,1,1
MOL_002844,1,1,3
MOL_002845,1,1,2
MOL_002846,3,1,4
MOL_002847,1,1,5
MOL_002848,4,1,4
MOL_002849,4,1,4
MOL_002850,1,1,1
MOL_002851,1,1,2
MOL_002852,1,1,5
MOL_002853,1,1,3
MOL_002854,1,1,3
MOL_002855,1,1,1
MOL_002856,1,1,2
MOL_002857,2,1,1
MOL_002858,1,1,2
MOL_002859,2,1,4
MOL_002860,1,1,5
MOL_002861,1,1,1
MOL_002862,1,1,5
MOL_002863,1,1,2
MOL_002864,1,1,3
MOL_002865,1,1,3
MOL_002866,1,1,4
MOL_002867,1,1,1
MOL_002868,2,1,5
MOL_002869,1,1,2
MOL_002870,1,1,5
MOL_002871,1,1,5
MOL_002872,1,1,4
MOL_002873,1,1,2
MOL_002874,1,1,1
MOL_002875,1,1,3
MOL_002876,1,1,1
MOL_002877,1,1,2
MOL_002878,1,1,3
MOL_002879,3,1,4
MOL_002880,1,1,5
MOL_002881,1,1,5
MOL_002882,1,1,3
MOL_002883,1,1,1
MOL_002884,4,1,3
MOL_002885,1,1,1
MOL_002886,2,1,3
MOL_002887,1,1,3
MOL_002888,1,1,2
MOL_002889,1,1,4
MOL_002890,4,1,5
MOL_002891,1,1,1
MOL_002892,1,1,2
MOL_002893,1,1,4
MOL_002894,1,1,4
MOL_002895,1,1,3
MOL_002896,1,1,4
MOL_002897,2,1,5
MOL_002898,1,1,2
MOL_002899,2,1,1
MOL_002900,1,1,4
MOL_002901,1,1,3
MOL_002902,1,1,5
MOL_002903,1,1,1
MOL_002904,1,1,5
MOL_002905,1,1,5
MOL_002906,1,1,2
MOL_002907,1,1,3
MOL_002908,1,1,4
MOL_002909,1,1,2
MOL_002910,1,1,1
MOL_002911,2,1,2
MOL_002912,1,1,3
MOL_002913,2,1,4
MOL_002914,1,1,5
MOL_002915,1,1,4
MOL_002916,2,1,2
MOL_002917,1,1,2
MOL_002918,1,1,1
MOL_002919,2,1,1
MOL_002920,3,1,3
MOL_002921,3,1,4
MOL_002922,1,1,5
MOL_002923,1,1,3
MOL_002924,1,1,1
MOL_002925,2,1,4
MOL_002926,2,1,5
MOL_002927,1,1,2
MOL_002928,1,1,1
MOL_002929,1,1,3
MOL_002930,1,1,4
MOL_002931,3,1,4
MOL_002932,1,1,2
MOL_002933,1,1,3
MOL_002934,1,1,5
MOL_002935,1,1,5
MOL_002936,1,1,5
MOL_002937,1,1,1
MOL_002938,1,1,4
MOL_002939,1,1,2
MOL_002940,1,1,1
MOL_002941,1,1,3
MOL_002942,1,1,2
MOL_002943,1,1,3
MOL_002944,1,1,1
MOL_002945,1,1,4
MOL_002946,2,1,5
MOL_002947,1,1,5
MOL_002948,1,1,5
MOL_002949,1,1,1
MOL_002950,1,1,2
MOL_002951,1,1,3
MOL_002952,1,1,4
MOL_002953,1,1,1
MOL_002954,1,1,3
MOL_002955,1,1,2
MOL_002956,1,1,5
MOL_002957,1,1,3
MOL_002958,2,1,1
MOL_002959,1,1,4
MOL_002960,1,1,4
MOL_002961,1,1,1
MOL_002962,1,1,1
MOL_002963,1,1,2
MOL_002964,1,1,3
MOL_002965,1,1,5
MOL_002966,1,1,2
MOL_002967,1,1,5
MOL_002968,1,1,1
MOL_002969,2,1,3
MOL_002970,1,1,2
MOL_002971,5,1,4
MOL_002972,2,1,1
MOL_002973,1,1,4
MOL_002974,2,1,2
MOL_002975,1,1,3
MOL_002976,1,1,4
MOL_002977,2,1,5
MOL_002978,3,1,1
MOL_002979,1,1,2
MOL_002980,1,1,3
MOL_002981,3,1,3
MOL_002982,1,1,4
MOL_002983,1,1,5
MOL_002984,1,1,4
MOL_002985,1,1,2
MOL_002986,1,1,4
MOL_002987,1,1,5
MOL_002988,1,1,1
MOL_002989,1,1,2
MOL_002990,1,1,3
MOL_002991,1,1,2
MOL_002992,1,1,1
MOL_002993,1,1,5
MOL_002994,1,1,3
MOL_002995,1,1,4
MOL_002996,1,1,1
MOL_002997,1,1,2
MOL_002998,1,1,5
MOL_002999,1,1,4
MOL_003000,1,1,3
MOL_003001,7,1,1
MOL_003002,1,1,5
MOL_003003,1,1,2
MOL_003004,1,1,3
MOL_003005,1,1,4
MOL_003006,2,1,2
MOL_003007,1,1,5
MOL_003008,1,1,1
MOL_003009,1,1,2
MOL_003010,1,1,5
MOL_003011,1,1,1
MOL_003012,1,1,3
MOL_003013,1,1,4
MOL_003014,1,1,1
MOL_003015,2,1,4
MOL_003016,1,1,3
MOL_003017,1,1,2
MOL_003018,1,1,4
MOL_003019,1,1,3
MOL_003020,1,1,5
MOL_003021,1,1,5
MOL_003022,1,1,1
MOL_003023,1,1,2
MOL_003024,1,1,3
MOL_003025,1,1,2
MOL_003026,1,1,4
MOL_003027,1,1,1
MOL_003028,1,1,5
MOL_003029,1,1,5
MOL_003030,1,1,2
MOL_003031,1,1,3
MOL_003032,1,1,4
MOL_003033,1,1,5
MOL_003034,1,1,2
MOL_003035,1,1,1
MOL_003036,1,1,4
MOL_003037,1,1,3
MOL_003038,1,1,2
MOL_003039,1,1,5
MOL_003040,1,1,1
MOL_003041,1,1,5
MOL_003042,1,1,2
MOL_003043,1,1,5
MOL_003044,1,1,3
MOL_003045,1,1,4
MOL_003046,1,1,4
MOL_003047,1,1,1
MOL_003048,1,1,4
MOL_003049,1,1,2
MOL_003050,1,1,5
MOL_003051,2,1,3
MOL_003052,1,1,5
MOL_003053,1,1,1
MOL_003054,1,1,2
MOL_003055,3,1,3
MOL_003056,1,1,4
MOL_003057,1,1,1
MOL_003058,2,1,2
MOL_003059,9,1,4
MOL_003060,2,1,3
MOL_003061,1,1,4
MOL_003062,3,1,5
MOL_003063,2,1,1
MOL_003064,1,1,2
MOL_003065,5,1,3
MOL_003066,1,1,4
MOL_003067,2,1,5
MOL_003068,1,1,2
MOL_003069,1,1,1
MOL_003070,1,1,2
MOL_003071,4,1,3
MOL_003072,1,1,4
MOL_003073,3,1,5
MOL_003074,1,1,1
MOL_003075,2,1,5
MOL_003076,1,1,3
MOL_003077,1,1,2
MOL_003078,2,1,3
MOL_003079,1,1,4
MOL_003080,1,1,1
MOL_003081,1,1,4
MOL_003082,1,1,2
MOL_003083,1,1,3
MOL_003084,4,1,1
MOL_003085,3,1,5
MOL_003086,3,1,3
MOL_003087,1,1,5
MOL_003088,1,1,1
MOL_003089,1,1,2
MOL_003090,1,1,1
MOL_003091,1,1,4
MOL_003092,2,1,2
MOL_003093,1,1,3
MOL_003094,2,1,4
MOL_003095,1,1,5
MOL_003096,2,1,1
MOL_003097,1,1,3
MOL_003098,2,1,1
MOL_003099,1,1,2
MOL_003100,1,1,3
MOL_003101,1,1,4
MOL_003102,1,1,5
MOL_003103,1,1,2
MOL_003104,1,1,1
MOL_003105,1,1,3
MOL_003106,1,1,5
MOL_003107,1,1,2
MOL_003108,1,1,4
MOL_003109,1,1,5
MOL_003110,1,1,3
MOL_003111,1,1,2
MOL_003112,1,1,1
MOL_003113,5,1,1
MOL_003114,4,1,4
MOL_003115,1,1,3
MOL_003116,1,1,2
MOL_003117,1,1,3
MOL_003118,1,1,4
MOL_003119,1,1,5
MOL_003120,1,1,1
MOL_003121,1,1,5
MOL_003122,1,1,2
MOL_003123,1,1,3
MOL_003124,1,1,4
MOL_003125,1,1,1
MOL_003126,1,1,3
MOL_003127,1,1,4
MOL_003128,1,1,5
MOL_003129,1,1,2
MOL_003130,1,1,1
MOL_003131,1,1,5
MOL_003132,2,1,3
MOL_003133,6,1,2
MOL_003134,1,1,4
MOL_003135,2,1,5
MOL_003136,1,1,1
MOL_003137,1,1,2
MOL_003138,1,1,3
MOL_003139,1,1,1
MOL_003140,1,1,4
MOL_003141,1,1,5
MOL_003142,1,1,1
MOL_003143,1,1,2
MOL_003144,1,1,3
MOL_003145,1,1,4
MOL_003146,1,1,1
MOL_003147,1,1,5
MOL_003148,1,1,4
MOL_003149,1,1,1
MOL_003150,1,1,2
MOL_003151,1,1,5
MOL_003152,1,1,3
MOL_003153,1,1,4
MOL_003154,1,1,1
MOL_003155,1,1,2
MOL_003156,1,1,4
MOL_003157,1,1,3
MOL_003158,1,1,5
MOL_003159,1,1,4
MOL_003160,4,1,1
MOL_003161,1,1,2
MOL_003162,3,1,3
MOL_003163,1,1,4
MOL_003164,1,1,5
MOL_003165,4,1,2
MOL_003166,1,1,3
MOL_003167,1,1,4
MOL_003168,1,1,5
MOL_003169,4,1,1
MOL_003170,1,1,2
MOL_003171,1,1,1
MOL_003172,2,1,3
MOL_003173,1,1,4
MOL_003174,2,1,5
MOL_003175,3,1,3
MOL_003176,2,1,4
MOL_003177,1,1,1
MOL_003178,1,1,2
MOL_003179,1,1,5
MOL_003180,1,1,2
MOL_003181,1,1,1
MOL_003182,1,1,4
MOL_003183,1,1,5
MOL_003184,2,1,2
MOL_003185,1,1,3
MOL_003186,1,1,1
MOL_003187,2,1,2
MOL_003188,1,1,4
MOL_003189,1,1,3
MOL_003190,1,1,5
MOL_003191,1,1,1
MOL_003192,1,1,2
MOL_003193,1,1,3
MOL_003194,1,1,5
MOL_003195,3,1,4
MOL_003196,1,1,2
MOL_003197,1,1,1
MOL_003198,1,1,2
MOL_003199,1,1,3
MOL_003200,1,1,4
MOL_003201,1,1,5
MOL_003202,1,1,1
MOL_003203,1,1,4
MOL_003204,1,1,2
MOL_003205,1,1,5
MOL_003206,1,1,3
MOL_003207,1,1,5
MOL_003208,1,1,5
MOL_003209,1,1,1
MOL_003210,1,1,2
MOL_003211,1,1,3
MOL_003212,1,1,4
MOL_003213,1,1,2
MOL_003214,1,1,1
MOL_003215,1,1,3
MOL_003216,1,1,5
MOL_003217,1,1,1
MOL_003218,1,1,3
MOL_003219,1,1,2
MOL_003220,1,1,4
MOL_003221,1,1,2
MOL_003222,1,1,1
MOL_003223,1,1,3
MOL_003224,1,1,4
MOL_003225,1,1,5
MOL_003226,1,1,3
MOL_003227,1,1,1
MOL_003228,1,1,2
MOL_003229,1,1,4
MOL_003230,1,1,5
MOL_003231,2,1,4
MOL_003232,1,1,1
MOL_003233,1,1,2
MOL_003234,1,1,3
MOL_003235,1,1,4
MOL_003236,1,1,5
MOL_003237,1,1,3
MOL_003238,1,1,1
MOL_003239,1,1,2
MOL_003240,1,1,4
MOL_003241,1,1,5
MOL_003242,1,1,5
MOL_003243,1,1,1
MOL_003244,1,1,3
MOL_003245,1,1,2
MOL_003246,2,1,3
MOL_003247,2,1,4
MOL_003248,2,1,1
MOL_003249,1,1,4
MOL_003250,1,1,4
MOL_003251,1,1,2
MOL_003252,1,1,3
MOL_003253,2,1,5
MOL_003254,1,1,2
MOL_003255,1,1,1
MOL_003256,7,1,1
MOL_003257,2,1,3
MOL_003258,1,1,5
MOL_003259,1,1,4
MOL_003260,9,1,4
MOL_003261,1,1,1
MOL_003262,1,1,2
MOL_003263,1,1,3
MOL_003264,1,1,5
MOL_003265,5,1,4
MOL_003266,8,1,1
MOL_003267,2,1,2
MOL_003268,5,1,3
MOL_003269,1,1,3
MOL_003270,1,1,5
MOL_003271,2,1,2
MOL_003272,2,1,5
MOL_003273,1,1,1
MOL_003274,1,1,3
MOL_003275,1,1,4
MOL_003276,1,1,4
MOL_003277,1,1,2
MOL_003278,1,1,3
MOL_003279,3,1,5
MOL_003280,1,1,2
MOL_003281,1,1,1
MOL_003282,1,1,5
MOL_003283,1,1,5
MOL_003284,1,1,1
MOL_003285,1,1,2
MOL_003286,1,1,3
MOL_003287,1,1,2
MOL_003288,1,1,4
MOL_003289,1,1,4
MOL_003290,1,1,1
MOL_003291,1,1,2
MOL_003292,1,1,3
MOL_003293,1,1,3
MOL_003294,1,1,1
MOL_003295,1,1,4
MOL_003296,1,1,5
MOL_003297,1,1,1
MOL_003298,1,1,2
MOL_003299,1,1,3
MOL_003300,1,1,4
MOL_003301,1,1,5
MOL_003302,1,1,1
MOL_003303,2,1,4
MOL_003304,2,1,3
MOL_003305,1,1,2
MOL_003306,1,1,2
MOL_003307,1,1,4
MOL_003308,1,1,5
MOL_003309,1,1,1
MOL_003310,2,1,4
MOL_003311,1,1,5
MOL_003312,1,1,2
MOL_003313,1,1,3
MOL_003314,1,1,1
MOL_003315,1,1,3
MOL_003316,1,1,5
MOL_003317,1,1,5
MOL_003318,1,1,1
MOL_003319,1,1,2
MOL_003320,1,1,3
MOL_003321,4,1,4
MOL_003322,1,1,5
MOL_003323,2,1,4
MOL_003324,1,1,1
MOL_003325,6,1,2
MOL_003326,1,1,3
MOL_003327,1,1,5
MOL_003328,4,1,4
MOL_003329,1,1,2
MOL_003330,1,1,1
MOL_003331,1,1,3
MOL_003332,2,1,4
MOL_003333,7,1,2
MOL_003334,1,1,2
MOL_003335,1,1,5
MOL_003336,1,1,1
MOL_003337,1,1,4
MOL_003338,2,1,2
MOL_003339,1,1,4
MOL_003340,1,1,3
MOL_003341,1,1,4
MOL_003342,2,1,5
MOL_003343,3,1,1
MOL_003344,3,1,5
MOL_003345,2,1,1
MOL_003346,1,1,2
MOL_003347,1,1,3
MOL_003348,1,1,4
MOL_003349,1,1,3
MOL_003350,1,1,1
MOL_003351,1,1,2
MOL_003352,1,1,1
MOL_003353,1,1,5
MOL_003354,1,1,4
MOL_003355,1,1,5
MOL_003356,1,1,3
MOL_003357,1,1,5
MOL_003358,1,1,1
MOL_003359,1,1,2
MOL_003360,1,1,4
MOL_003361,1,1,1
MOL_003362,1,1,1
MOL_003363,2,1,2
MOL_003364,1,1,4
MOL_003365,1,1,3
MOL_003366,1,1,5
MOL_003367,2,1,1
MOL_003368,1,1,3
MOL_003369,1,1,2
MOL_003370,1,1,4
MOL_003371,1,1,5
MOL_003372,2,1,1
MOL_003373,1,1,2
MOL_003374,1,1,2
MOL_003375,1,1,3
MOL_003376,1,1,4
MOL_003377,1,1,4
MOL_003378,1,1,5
MOL_003379,1,1,2
MOL_003380,1,1,1
MOL_003381,1,1,3
MOL_003382,1,1,4
MOL_003383,1,1,5
MOL_003384,1,1,2
MOL_003385,1,1,5
MOL_003386,1,1,1
MOL_003387,1,1,3
MOL_003388,1,1,5
MOL_003389,7,1,4
MOL_003390,8,1,2
MOL_003391,1,1,1
MOL_003392,1,1,3
MOL_003393,16,1,4
MOL_003394,7,1,5
MOL_003395,1,1,1
MOL_003396,2,1,4
MOL_003397,1,1,2
MOL_003398,1,1,3
MOL_003399,2,1,5
MOL_003400,1,1,5
MOL_003401,1,1,1
MOL_003402,2,1,1
MOL_003403,1,1,2
MOL_003404,1,1,4
MOL_003405,1,1,3
MOL_003406,1,1,1
MOL_003407,1,1,2
MOL_003408,1,1,3
MOL_003409,1,1,4
MOL_003410,1,1,5
MOL_003411,1,1,3
MOL_003412,1,1,5
MOL_003413,3,1,1
MOL_003414,1,1,1
MOL_003415,1,1,5
MOL_003416,1,1,2
MOL_003417,5,1,3
MOL_003418,1,1,4
MOL_003419,1,1,2
MOL_003420,1,1,5
MOL_003421,1,1,3
MOL_003422,1,1,3
MOL_003423,1,1,1
MOL_003424,1,1,2
MOL_003425,1,1,4
MOL_003426,1,1,4
MOL_003427,1,1,5
MOL_003428,19,1,1
MOL_003429,4,1,3
MOL_003430,2,1,2
MOL_003431,1,1,4
MOL_003432,15,1,5
MOL_003433,1,1,5
MOL_003434,1,1,1
MOL_003435,1,1,2
MOL_003436,1,1,3
MOL_003437,1,1,4
MOL_003438,1,1,4
MOL_003439,1,1,5
MOL_003440,1,1,1
MOL_003441,1,1,2
MOL_003442,1,1,3
MOL_003443,1,1,2
MOL_003444,1,1,3
MOL_003445,1,1,4
MOL_003446,1,1,3
MOL_003447,1,1,1
MOL_003448,1,1,2
MOL_003449,1,1,4
MOL_003450,1,1,3
MOL_003451,1,1,5
MOL_003452,1,1,2
MOL_003453,2,1,1
MOL_003454,1,1,1
MOL_003455,1,1,3
MOL_003456,1,1,2
MOL_003457,1,1,4
MOL_003458,1,1,5
MOL_003459,1,1,5
MOL_003460,2,1,3
MOL_003461,1,1,1
MOL_003462,1,1,2
MOL_003463,2,1,3
MOL_003464,1,1,4
MOL_003465,1,1,1
MOL_003466,1,1,3
MOL_003467,1,1,2
MOL_003468,2,1,3
MOL_003469,2,1,4
MOL_003470,1,1,4
MOL_003471,1,1,5
MOL_003472,2,1,4
MOL_003473,1,1,1
MOL_003474,1,1,2
MOL_003475,1,1,3
MOL_003476,6,1,5
MOL_003477,1,1,1
MOL_003478,1,1,2
MOL_003479,3,1,3
MOL_003480,1,1,4
MOL_003481,2,1,5
MOL_003482,1,1,3
MOL_003483,2,1,4
MOL_003484,1,1,1
MOL_003485,1,1,2
MOL_003486,1,1,5
MOL_003487,1,1,2
MOL_003488,2,1,3
MOL_003489,1,1,4
MOL_003490,1,1,1
MOL_003491,2,1,2
MOL_003492,3,1,5
MOL_003493,4,1,5
MOL_003494,1,1,3
MOL_003495,2,1,1
MOL_003496,1,1,4
MOL_003497,2,1,2
MOL_003498,2,1,5
MOL_003499,1,1,1
MOL_003500,15,1,1
MOL_003501,1,1,2
MOL_003502,1,1,5
MOL_003503,1,1,3
MOL_003504,1,1,4
MOL_003505,1,1,2
MOL_003506,1,1,1
MOL_003507,1,1,3
MOL_003508,1,1,2
MOL_003509,1,1,4
MOL_003510,1,1,3
MOL_003511,2,1,5
MOL_003512,1,1,1
MOL_003513,1,1,2
MOL_003514,1,1,3
MOL_003515,1,1,4
MOL_003516,2,1,5
MOL_003517,1,1,5
MOL_003518,4,1,1
MOL_003519,2,1,2
MOL_003520,1,1,3
MOL_003521,2,1,4
MOL_003522,1,1,1
MOL_003523,1,1,3
MOL_003524,1,1,4
MOL_003525,1,1,1
MOL_003526,1,1,4
MOL_003527,2,1,2
MOL_003528,2,1,5
MOL_003529,1,1,5
MOL_003530,4,1,1
MOL_003531,1,1,2
MOL_003532,1,1,3
MOL_003533,1,1,4
MOL_003534,1,1,2
MOL_003535,1,1,3
MOL_003536,2,1,1
MOL_003537,1,1,4
MOL_003538,1,1,5
MOL_003539,2,1,1
MOL_003540,2,1,2
MOL_003541,1,1,3
MOL_003542,1,1,4
MOL_003543,1,1,5
MOL_003544,1,1,3
MOL_003545,2,1,2
MOL_003546,1,1,1
MOL_003547,2,1,3
MOL_003548,2,1,2
MOL_003549,1,1,4
MOL_003550,1,1,5
MOL_003551,1,1,5
MOL_003552,1,1,1
MOL_003553,1,1,2
MOL_003554,2,1,5
MOL_003555,1,1,4
MOL_003556,2,1,3
MOL_003557,5,1,5
MOL_003558,1,1,4
MOL_003559,1,1,5
MOL_003560,1,1,1
MOL_003561,4,1,2
MOL_003562,1,1,3
MOL_003563,6,1,4
MOL_003564,1,1,3
MOL_003565,1,1,4
MOL_003566,1,1,1
MOL_003567,1,1,2
MOL_003568,5,1,3
MOL_003569,4,1,5
MOL_003570,4,1,5
MOL_003571,3,1,1
MOL_003572,8,1,2
MOL_003573,3,1,3
MOL_003574,3,1,4
MOL_003575,4,1,1
MOL_003576,1,1,1
MOL_003577,2,1,4
MOL_003578,6,1,2
MOL_003579,1,1,2
MOL_003580,2,1,4
MOL_003581,2,1,5
MOL_003582,1,1,3
MOL_003583,1,1,5
MOL_003584,1,1,1
MOL_003585,1,1,5
MOL_003586,1,1,2
MOL_003587,3,1,3
MOL_003588,1,1,5
MOL_003589,1,1,4
MOL_003590,1,1,2
MOL_003591,1,1,3
MOL_003592,1,1,5
MOL_003593,1,1,1
MOL_003594,3,1,4
MOL_003595,2,1,1
MOL_003596,1,1,2
MOL_003597,3,1,3
MOL_003598,1,1,4
MOL_003599,1,1,5
MOL_003600,1,1,1
MOL_003601,2,1,1
MOL_003602,1,1,4
MOL_003603,1,1,2
MOL_003604,1,1,3
MOL_003605,1,1,5
MOL_003606,1,1,3
MOL_003607,1,1,1
MOL_003608,1,1,2
MOL_003609,1,1,3
MOL_003610,1,1,3
MOL_003611,1,1,4
MOL_003612,1,1,4
MOL_003613,1,1,5
MOL_003614,1,1,2
MOL_003615,1,1,1
MOL_003616,1,1,3
MOL_003617,1,1,4
MOL_003618,1,1,5
MOL_003619,1,1,3
MOL_003620,1,1,1
MOL_003621,1,1,4
MOL_003622,2,1,2
MOL_003623,1,1,5
MOL_003624,1,1,2
MOL_003625,1,1,1
MOL_003626,3,1,3
MOL_003627,3,1,4
MOL_003628,1,1,1
MOL_003629,1,1,4
MOL_003630,1,1,2
MOL_003631,1,1,5
MOL_003632,1,1,5
MOL_003633,2,1,1
MOL_003634,1,1,2
MOL_003635,1,1,3
MOL_003636,1,1,4
MOL_003637,1,1,2
MOL_003638,3,1,4
MOL_003639,1,1,3
MOL_003640,1,1,1
MOL_003641,1,1,5
MOL_003642,1,1,3
MOL_003643,1,1,3
MOL_003644,1,1,1
MOL_003645,1,1,2
MOL_003646,1,1,3
MOL_003647,1,1,4
MOL_003648,1,1,3
MOL_003649,1,1,2
MOL_003650,1,1,5
MOL_003651,1,1,1
MOL_003652,1,1,2
MOL_003653,1,1,4
MOL_003654,1,1,5
MOL_003655,1,1,3
MOL_003656,1,1,1
MOL_003657,1,1,3
MOL_003658,4,1,2
MOL_003659,1,1,4
MOL_003660,1,1,5
MOL_003661,1,1,1
MOL_003662,1,1,2
MOL_003663,1,1,5
MOL_003664,1,1,3
MOL_003665,1,1,4
MOL_003666,1,1,1
MOL_003667,1,1,5
MOL_003668,2,1,2
MOL_003669,1,1,4
MOL_003670,1,1,1
MOL_003671,1,1,3
MOL_003672,1,1,3
MOL_003673,1,1,5
MOL_003674,1,1,1
MOL_003675,1,1,2
MOL_003676,1,1,4
MOL_003677,1,1,5
MOL_003678,2,1,3
MOL_003679,1,1,1
MOL_003680,11,1,4
MOL_003681,2,1,2
MOL_003682,1,1,3
MOL_003683,3,1,5
MOL_003684,1,1,5
MOL_003685,1,1,1
MOL_003686,1,1,2
MOL_003687,1,1,3
MOL_003688,1,1,4
MOL_003689,1,1,1
MOL_003690,1,1,3
MOL_003691,1,1,2
MOL_003692,2,1,5
MOL_003693,1,1,4
MOL_003694,2,1,1
MOL_003695,1,1,2
MOL_003696,2,1,3
MOL_003697,1,1,4
MOL_003698,2,1,5
MOL_003699,1,1,1
MOL_003700,1,1,5
MOL_003701,5,1,2
MOL_003702,1,1,3
MOL_003703,1,1,1
MOL_003704,1,1,4
MOL_003705,2,1,5
MOL_003706,1,1,1
MOL_003707,2,1,2
MOL_003708,1,1,1
MOL_003709,3,1,2
MOL_003710,1,1,3
MOL_003711,1,1,4
MOL_003712,1,1,1
MOL_003713,2,1,5
MOL_003714,6,1,2
MOL_003715,14,1,2
MOL_003716,2,1,1
MOL_003717,1,1,3
MOL_003718,2,1,4
MOL_003719,1,1,4
MOL_003720,1,1,3
MOL_003721,1,1,1
MOL_003722,1,1,2
MOL_003723,1,1,5
MOL_003724,2,1,4
MOL_003725,1,1,1
MOL_003726,1,1,2
MOL_003727,1,1,5
MOL_003728,1,1,3
MOL_003729,1,1,3
MOL_003730,11,1,1
MOL_003731,1,1,2
MOL_003732,5,1,4
MOL_003733,1,1,5
MOL_003734,1,1,1
MOL_003735,2,1,2
MOL_003736,1,1,5
MOL_003737,2,1,3
MOL_003738,1,1,4
MOL_003739,1,1,3
MOL_003740,1,1,1
MOL_003741,1,1,2
MOL_003742,1,1,4
MOL_003743,12,1,5
MOL_003744,1,1,4
MOL_003745,1,1,2
MOL_003746,5,1,4
MOL_003747,1,1,5
MOL_003748,1,1,1
MOL_003749,1,1,3
MOL_003750,1,1,3
MOL_003751,1,1,1
MOL_003752,1,1,2
MOL_003753,1,1,4
MOL_003754,1,1,5
MOL_003755,1,1,4
MOL_003756,1,1,1
MOL_003757,1,1,2
MOL_003758,1,1,5
MOL_003759,2,1,3
MOL_003760,1,1,5
MOL_003761,1,1,4
MOL_003762,1,1,4
MOL_003763,2,1,5
MOL_003764,15,1,1
MOL_003765,2,1,2
MOL_003766,2,1,3
MOL_003767,1,1,4
MOL_003768,1,1,1
MOL_003769,1,1,2
MOL_003770,1,1,3
MOL_003771,1,1,4
MOL_003772,1,1,5
MOL_003773,1,1,3
MOL_003774,1,1,1
MOL_003775,1,1,3
MOL_003776,1,1,4
MOL_003777,1,1,2
MOL_003778,1,1,5
MOL_003779,1,1,5
MOL_003780,1,1,1
MOL_003781,1,1,2
MOL_003782,1,1,3
MOL_003783,1,1,4
MOL_003784,1,1,2
MOL_003785,1,1,3
MOL_003786,1,1,5
MOL_003787,1,1,5
MOL_003788,1,1,1
MOL_003789,1,1,4
MOL_003790,1,1,5
MOL_003791,1,1,1
MOL_003792,1,1,2
MOL_003793,1,1,4
MOL_003794,1,1,4
MOL_003795,1,1,3
MOL_003796,1,1,5
MOL_003797,1,1,5
MOL_003798,1,1,1
MOL_003799,6,1,2
MOL_003800,1,1,2
MOL_003801,1,1,3
MOL_003802,4,1,4
MOL_003803,1,1,5
MOL_003804,3,1,1
MOL_003805,1,1,4
MOL_003806,1,1,2
MOL_003807,1,1,1
MOL_003808,1,1,3
MOL_003809,1,1,3
MOL_003810,1,1,4
MOL_003811,5,1,5
MOL_003812,1,1,3
MOL_003813,1,1,1
MOL_003814,1,1,2
MOL_003815,1,1,5
MOL_003816,1,1,4
MOL_003817,1,1,3
MOL_003818,1,1,3
MOL_003819,1,1,5
MOL_003820,1,1,1
MOL_003821,1,1,2
MOL_003822,1,1,2
MOL_003823,1,1,4
MOL_003824,1,1,2
MOL_003825,1,1,2
MOL_003826,1,1,5
MOL_003827,2,1,1
MOL_003828,1,1,3
MOL_003829,1,1,4
MOL_003830,7,1,2
MOL_003831,1,1,4
MOL_003832,2,1,5
MOL_003833,1,1,1
MOL_003834,1,1,5
MOL_003835,1,1,1
MOL_003836,1,1,5
MOL_003837,1,1,2
MOL_003838,1,1,3
MOL_003839,1,1,5
MOL_003840,1,1,1
MOL_003841,1,1,3
MOL_003842,1,1,4
MOL_003843,3,1,2
MOL_003844,22,1,5
MOL_003845,3,1,1
MOL_003846,1,1,4
MOL_003847,2,1,5
MOL_003848,10,1,3
MOL_003849,1,1,4
MOL_003850,10,1,3
MOL_003851,1,1,3
MOL_003852,4,1,1
MOL_003853,2,1,5
MOL_003854,1,1,2
MOL_003855,1,1,4
MOL_003856,1,1,4
MOL_003857,1,1,3
MOL_003858,3,1,1
MOL_003859,1,1,3
MOL_003860,19,1,5
MOL_003861,2,1,1
MOL_003862,1,1,2
MOL_003863,1,1,2
MOL_003864,6,1,3
MOL_003865,3,1,4
MOL_003866,5,1,5
MOL_003867,2,1,5
MOL_003868,2,1,1
MOL_003869,1,1,2
MOL_003870,10,1,3
MOL_003871,4,1,4
MOL_003872,1,1,1
MOL_003873,2,1,1
MOL_003874,2,1,2
MOL_003875,1,1,4
MOL_003876,2,1,3
MOL_003877,2,1,4
MOL_003878,1,1,1
MOL_003879,5,1,5
MOL_003880,1,1,5
MOL_003881,1,1,1
MOL_003882,1,1,2
MOL_003883,1,1,3
MOL_003884,1,1,4
MOL_003885,3,1,5
MOL_003886,1,1,1
MOL_003887,1,1,4
MOL_003888,2,1,2
MOL_003889,1,1,5
MOL_003890,1,1,3
MOL_003891,1,1,3
MOL_003892,2,1,1
MOL_003893,2,1,2
MOL_003894,1,1,4
MOL_003895,1,1,5
