module,final_script_or_workflow,classification,support_scripts,input_artifacts,output_artifacts,paper_location,final_publication_match,provenance_confidence,notes
DATA_CURATION,audit_pipeline.py; audit_or_conflicts.py; apply_audit_fixes.py,ORIGINAL_FINAL_PUBLICATION_SCRIPT,manual/external raw-source import; exact final serialization wrapper not uniquely identified,licensed source records,5204 final publication observations,Methods,YES,HIGH,Verified multi-stage count lineage 13252→5449→5307→5264→5234→5204; initial import and final writer wrappers are narrow provenance gaps.
OR_LABEL_GENERATION,integrated historical data-processing logic,ORIGINAL_FINAL_PUBLICATION_SUPPORT_MODULE,curation workflow,specific rotation,OR-/OR+ label,Methods,YES,HIGH,Definition: specific rotation <0 → OR−; >0 → OR+. Final counts 3141/2063 verified.
PM_ANNOTATION,pm_calculator_correct.py,ORIGINAL_FINAL_PUBLICATION_SCRIPT,none,molecular structure,P/M annotation,Methods,YES,HIGH,Final P/M counts 2763/2441 verified; P/M is downstream annotation rather than an OR-derived rule.
STRUCTURAL_DOMAINS_R01_R41,generate_stereo_invariant_rules.py,ORIGINAL_FINAL_PUBLICATION_SCRIPT,ring_neighbor_shared.py,private molecular structures,41 stereochemistry-invariant structural classes,SI Table S1 / Figure S1,YES,HIGH,"Final public-safe 5204 summary: results/structural_domains/structural_rule_table_final_5204.csv; 41 classes, 41/41 final counts/consistencies represented by the final SI table."
PAS_AND_SPAS,compute_signed_pas.py,ORIGINAL_FINAL_PUBLICATION_SUPPORT_MODULE,none,private molecular structures,PAS20 + sPAS20,Methods,YES,HIGH,Recovered publication feature module.
BASELINE_2276,rebuild_features_v2.py,ORIGINAL_FINAL_PUBLICATION_SCRIPT,compute_signed_pas.py; pm_calculator_correct.py,private molecular inputs,2276 baseline features,Methods,YES,HIGH,Dimension accounting: 2048 ECFP6 + 167 MACCS + 8 RDKit2D + 20 sPAS + 20 PAS + 10 3D + solvent + dihedral + P/M = 2276.
DIRECTIONAL_GEOMETRY_7,block2_signed_geometry.py,ORIGINAL_FINAL_PUBLICATION_SCRIPT,ring_neighbor_shared.py,private structures / conformers,7 direction-sensitive geometry variables,Methods,YES,HIGH,Final seven added geometry features.
SCHEMA_A_2283,verified 2276 baseline + 7 geometry assembly with frozen ordered schema,FINAL_PUBLICATION_VALUE_REPRODUCTION,rebuild_features_v2.py; block2_signed_geometry.py; ring_neighbor_shared.py,private feature-generation inputs,5204×2283 private matrix; public 2283-column schema,Methods,YES,HIGH,The retained feature_calculator.py candidate was non-final and is intentionally excluded; final feature order is frozen in data/features_schema_A/feature_schema.csv.
PRIMARY_GROUPED_CV,_gate9_oof_shap.py; fig4_v2_compute.py; fig13_step2_surfaces.py,ORIGINAL_FINAL_PUBLICATION_SCRIPT,none,private 2283 matrix + labels,grouped folds / OOF predictions / fold models,Methods / Results,YES,HIGH,"StratifiedGroupKFold(n_splits=5, shuffle=True, random_state=42), groups canonical structure × solvent."
PRIMARY_MODEL_ARTIFACTS,catboost_schemaA_fold0-4.cbm,FINAL_PUBLICATION_VALUE_REPRODUCTION,fig13_step2_surfaces.py,frozen model binaries,5 public fold models,Methods,YES,HIGH,Five public models verified byte-identical to retained historical and Figure-13-regenerated fold binaries.
BENCHMARK,fig4_v2_compute.py,ORIGINAL_FINAL_PUBLICATION_SCRIPT,fig4_v2_render.py,private matrix + shared folds,single-model benchmark results,Main Figure 2 / SI Figure S3,YES,HIGH,Final SI benchmark source table is results/benchmark/model_benchmark_metrics.csv; Average Precision is used.
SUPERLEARNER,run_v27_superlearner.py; fig4_v2_compute.py,ORIGINAL_FINAL_PUBLICATION_SCRIPT / FINAL_PUBLICATION_VALUE_REPRODUCTION,none,base-model OOF predictions,SuperLearner comparison,SI Figure S3,YES,MEDIUM,Historical Full8 workflow is retained; final 0.9330/0.9081 value is reproduced by the verified six-base GBDT stacking workflow. Exact historical Full8 execution lineage remains partial.
GEOMETRY_ABLATION,fig4_v2_compute.py,ORIGINAL_FINAL_PUBLICATION_SCRIPT,d1_paired_bootstrap.py,feature subsets + grouped folds,full / no-geometry / geometry-only results,Main Figure 3,YES,HIGH,Final AUCs 0.9278 / 0.9170 / 0.8625.
PAIRED_BOOTSTRAP,d1_paired_bootstrap.py,ORIGINAL_FINAL_PUBLICATION_SCRIPT,none,paired OOF predictions,group-cluster bootstrap CIs,Results / SI,YES,HIGH,5000 paired group-cluster bootstrap replicates.
CALIBRATION,d2_calibration.py,ORIGINAL_FINAL_PUBLICATION_SCRIPT,none,primary OOF predictions,Brier/ECE/slope/intercept with CIs,SI Figure S4,YES,HIGH,Final machine-readable calibration table is results/calibration/calibration_summary.csv.
GLOBAL_OOF_SHAP,_gate9_oof_shap.py,ORIGINAL_FINAL_PUBLICATION_SCRIPT,figure rendering scripts,five held-out fold models + private matrix,global OOF TreeSHAP,Main Figure 4 / SI Figure S5,YES,HIGH,All 5204 observations; raw/log-odds scale.
SHAP_INTERACTION,SERVER_compute_oof_interaction_v2.py; SERVER_D3FULL_standalone.py,ORIGINAL_FINAL_PUBLICATION_SCRIPT,interaction figure scripts,held-out fold models + n=128 subsets,interaction matrices and stability summaries,Main Figure 5 / SI Figures S6-S7,YES,HIGH,Pre-existing n=128 visualization subset plus five prespecified sensitivity subsets.
MOLECULE_DISJOINT,task1_canonical_smiles_grouped_oof.py,ORIGINAL_FINAL_PUBLICATION_SCRIPT,none,private structure groups + matrix,molecule-disjoint OOF predictions,Results,YES,HIGH,Public-safe assignments/predictions verify zero molecule grouping violations.
SCAFFOLD_DISJOINT,scaffold_validation_stage2_rerun_server.py,ORIGINAL_FINAL_PUBLICATION_SCRIPT,run_scaffold_validation_patch_v3.py,private scaffold groups + matrix,10 repeated scaffold-disjoint evaluations,Main Figure 6,YES,HIGH,"Mean ROC-AUC 0.7850, sample SD 0.0508; zero public group-overlap violations."
CONDITIONAL_SURFACES,fig13_step2_surfaces.py,ORIGINAL_FINAL_PUBLICATION_SCRIPT,fig13_v3_step7_batch_all_pairs.py,five fold models + empirical background,conditional P(OR+) surfaces,SI Figure S10,YES,HIGH,Five-model fold ensemble; supported-region interpretation.
